ngram,idf
ADD ADD,5.990375895829431
ADD ASSIGN,4.234675476417079
ADD ASSIGN_DIM,6.272517787905596
ADD ASSIGN_DIM_OP,10.777867638611477
ADD ASSIGN_OBJ,7.114305992481831
ADD ASSIGN_OBJ_OP,8.762964618069212
ADD ASSIGN_OP,6.770534453379006
ADD BEGIN_SILENCE,10.777867638611477
ADD BOOL,8.580643061275257
ADD BOOL_NOT,8.762964618069212
ADD BW_AND,7.343880434126331
ADD BW_XOR,9.073119546373052
ADD CAST,7.052174211374824
ADD CHECK_FUNC_ARG,8.762964618069212
ADD CONCAT,5.270505645128733
ADD COUNT,7.7333452008880545
ADD DIV,6.347050839768164
ADD DO_FCALL,8.580643061275257
ADD ECHO,7.376670256949322
ADD END_SILENCE,9.273790241835203
ADD FETCH_CONSTANT,9.073119546373052
ADD FETCH_DIM_IS,9.679255349943368
ADD FETCH_DIM_R,5.025294999785844
ADD FETCH_DIM_RW,10.777867638611477
ADD FETCH_DIM_UNSET,10.777867638611477
ADD FETCH_DIM_W,8.21291828114994
ADD FETCH_IS,10.084720458051532
ADD FETCH_LIST_R,10.372402530503313
ADD FETCH_OBJ_IS,9.273790241835203
ADD FETCH_OBJ_R,6.817054469013899
ADD FETCH_OBJ_RW,10.777867638611477
ADD FETCH_OBJ_W,6.359027030814879
ADD FETCH_R,7.114305992481831
ADD FETCH_RW,10.372402530503313
ADD FETCH_UNSET,9.861576906737323
ADD FETCH_W,7.445663128436273
ADD FE_FREE,9.391573277491586
ADD FE_RESET_R,8.426492381448
ADD FREE,10.084720458051532
ADD INIT_ARRAY,7.599813808263532
ADD INIT_FCALL,7.194348700155367
ADD IN_ARRAY,7.410571808625003
ADD IS_EQUAL,7.088988184497541
ADD IS_IDENTICAL,10.372402530503313
ADD IS_NOT_EQUAL,7.166949725967252
ADD IS_SMALLER,5.454857659473069
ADD JMPNZ,8.069817437509268
ADD JMPNZ_EX,9.861576906737323
ADD JMPZ,6.855894302330163
ADD JMPZ_EX,8.906065461709886
ADD JMP_FRAMELESS,9.861576906737323
ADD MOD,7.519771100589995
ADD MUL,6.743627000459082
ADD NOP,10.777867638611477
ADD OP_DATA,6.167709911112347
ADD POST_INC,10.084720458051532
ADD PRE_DEC,9.861576906737323
ADD PRE_INC,9.861576906737323
ADD QM_ASSIGN,6.294865086597594
ADD RETURN,5.5988970296960066
ADD ROPE_INIT,10.777867638611477
ADD SEND_FUNC_ARG,7.7333452008880545
ADD SEND_VAL,4.708285312239543
ADD SEND_VAL_EX,5.286865928233939
ADD SEND_VAR,9.525104670116109
ADD SEND_VAR_EX,8.906065461709886
ADD SL,9.273790241835203
ADD SR,8.175177953167093
ADD STRLEN,6.642701081869121
ADD SUB,5.949553901309176
ADD TYPE_CHECK,10.777867638611477
ADD UNSET_DIM,7.686825185253161
ASSERT_CHECK BOOL_NOT,10.372402530503313
ASSERT_CHECK INIT_FCALL,6.938415326018166
ASSERT_CHECK SEND_VAR_EX,10.084720458051532
ASSIGN ADD,4.686557756533778
ASSIGN ASSERT_CHECK,9.168429726177378
ASSIGN ASSIGN,2.5836383337916606
ASSIGN ASSIGN_DIM,4.15712798753796
ASSIGN ASSIGN_DIM_OP,7.620867217461364
ASSIGN ASSIGN_OBJ,4.372639180580636
ASSIGN ASSIGN_OBJ_OP,7.887495880715313
ASSIGN ASSIGN_OBJ_REF,9.679255349943368
ASSIGN ASSIGN_OP,4.4401573430553025
ASSIGN ASSIGN_REF,8.335520603242273
ASSIGN BEGIN_SILENCE,3.660256702642066
ASSIGN BIND_GLOBAL,6.063843047711304
ASSIGN BIND_LEXICAL,7.064295571907169
ASSIGN BIND_STATIC,7.208334942130107
ASSIGN BOOL,4.987907467714224
ASSIGN BOOL_NOT,3.150566705214864
ASSIGN BW_AND,4.437508334883725
ASSIGN BW_NOT,8.526575840004982
ASSIGN BW_OR,7.114305992481831
ASSIGN BW_XOR,6.846042005887152
ASSIGN CASE,7.482030772607148
ASSIGN CAST,4.775215902112931
ASSIGN CHECK_FUNC_ARG,3.660662135447133
ASSIGN CLONE,8.335520603242273
ASSIGN COALESCE,10.777867638611477
ASSIGN CONCAT,3.315078481199029
ASSIGN COUNT,4.182770418151298
ASSIGN DECLARE_CLASS,8.379972365813106
ASSIGN DEFINED,6.807575725059356
ASSIGN DIV,6.515187761570162
ASSIGN DO_FCALL,3.1503232481229735
ASSIGN ECHO,3.410159066237106
ASSIGN END_SILENCE,5.252414699479694
ASSIGN FETCH_CLASS,6.421158811921885
ASSIGN FETCH_CONSTANT,4.319529355266687
ASSIGN FETCH_DIM_IS,5.918055234249805
ASSIGN FETCH_DIM_R,3.1799696880896935
ASSIGN FETCH_DIM_RW,8.252138994303222
ASSIGN FETCH_DIM_UNSET,6.817054469013899
ASSIGN FETCH_DIM_W,5.808054339035476
ASSIGN FETCH_GLOBALS,9.525104670116109
ASSIGN FETCH_IS,4.00421534415282
ASSIGN FETCH_LIST_R,4.247719139609108
ASSIGN FETCH_OBJ_IS,5.309807497476346
ASSIGN FETCH_OBJ_R,3.3678230668856357
ASSIGN FETCH_OBJ_RW,8.698426096931641
ASSIGN FETCH_OBJ_UNSET,7.757442752467115
ASSIGN FETCH_OBJ_W,5.309807497476346
ASSIGN FETCH_R,3.627558414795307
ASSIGN FETCH_RW,7.482030772607148
ASSIGN FETCH_THIS,5.79769155199993
ASSIGN FETCH_UNSET,7.579194521060796
ASSIGN FETCH_W,5.175748817731776
ASSIGN FE_FREE,7.519771100589995
ASSIGN FE_RESET_R,3.157898116352169
ASSIGN FE_RESET_RW,7.1402814788850915
ASSIGN FREE,4.249178993882973
ASSIGN FUNC_GET_ARGS,7.944654294555261
ASSIGN FUNC_NUM_ARGS,8.103718989184948
ASSIGN GET_CLASS,8.175177953167093
ASSIGN GET_TYPE,9.391573277491586
ASSIGN INCLUDE_OR_EVAL,5.808054339035476
ASSIGN INFILE,8.762964618069212
ASSIGN INIT_ARRAY,4.086404435994448
ASSIGN INIT_FCALL,2.5467577982833234
ASSIGN INIT_USER_CALL,7.860096906527198
ASSIGN INSTANCEOF,5.400277091168933
ASSIGN IN_ARRAY,7.088988184497541
ASSIGN IS_EQUAL,3.4868928604684957
ASSIGN IS_IDENTICAL,4.960756478648273
ASSIGN IS_NOT_EQUAL,4.231799845391617
ASSIGN IS_SMALLER,4.143234280749791
ASSIGN JMP,2.718275309723933
ASSIGN JMPNZ,4.12629576502175
ASSIGN JMPNZ_EX,4.324242639718785
ASSIGN JMPZ,2.9256229733965062
ASSIGN JMPZ_EX,4.110274916113145
ASSIGN JMP_FRAMELESS,4.811720899487785
ASSIGN JMP_SET,8.103718989184948
ASSIGN MOD,5.712113045294142
ASSIGN MUL,6.167709911112347
ASSIGN MYISAM,10.372402530503313
ASSIGN NEW,3.9611317580165086
ASSIGN NOP,4.5896035155288875
ASSIGN OFF,9.073119546373052
ASSIGN OP_DATA,3.748337302703419
ASSIGN POST_DEC,9.273790241835203
ASSIGN POST_INC,6.927720036901419
ASSIGN POST_INC_OBJ,9.168429726177378
ASSIGN PRE_DEC,6.55835993343537
ASSIGN PRE_DEC_OBJ,10.084720458051532
ASSIGN PRE_INC,4.635830233024121
ASSIGN PRE_INC_OBJ,7.860096906527198
ASSIGN QM_ASSIGN,6.095736411487257
ASSIGN RECV,10.777867638611477
ASSIGN RETURN,3.311926164503512
ASSIGN RETURN_BY_REF,8.831957489556164
ASSIGN ROPE_INIT,3.5703782061534177
ASSIGN SEND_REF,9.391573277491586
ASSIGN SEND_UNPACK,9.679255349943368
ASSIGN SEND_VAL,6.779666936942279
ASSIGN SEND_VAL_EX,2.7132311628372547
ASSIGN SEND_VAR,6.182747788476887
ASSIGN SEND_VAR_EX,2.723821635644489
ASSIGN SL,6.88604734050085
ASSIGN SR,6.807575725059356
ASSIGN STRLEN,4.396051621205379
ASSIGN SUB,4.7739805715049375
ASSIGN SWITCH_LONG,7.445663128436273
ASSIGN SWITCH_STRING,5.018965864734197
ASSIGN THROW,10.777867638611477
ASSIGN TICKS,8.637801475115207
ASSIGN TYPE_CHECK,3.3289515360672763
ASSIGN UNSET_CV,5.9987441454999475
ASSIGN UNSET_DIM,5.5151774497065915
ASSIGN UNSET_OBJ,8.637801475115207
ASSIGN UNSET_VAR,8.475282545617432
ASSIGN YIELD,10.777867638611477
ASSIGN_DIM ASSIGN,10.777867638611477
ASSIGN_DIM ASSIGN_DIM,9.861576906737323
ASSIGN_DIM FETCH_CONSTANT,10.777867638611477
ASSIGN_DIM JMP,9.861576906737323
ASSIGN_DIM JMPZ,10.777867638611477
ASSIGN_DIM OP_DATA,2.4775874487588134
ASSIGN_DIM SEND_VAL_EX,10.777867638611477
ASSIGN_DIM SEND_VAR_EX,10.777867638611477
ASSIGN_DIM_OP JMP,9.861576906737323
ASSIGN_DIM_OP OP_DATA,4.641221081658998
ASSIGN_OBJ ASSIGN_OBJ,10.372402530503313
ASSIGN_OBJ DO_FCALL,10.372402530503313
ASSIGN_OBJ OP_DATA,2.0397734084338097
ASSIGN_OBJ SEND_VAL_EX,10.777867638611477
ASSIGN_OBJ_OP ASSIGN_OBJ_OP,10.777867638611477
ASSIGN_OBJ_OP DO_FCALL,10.084720458051532
ASSIGN_OBJ_OP OP_DATA,5.379704937093725
ASSIGN_OBJ_OP RETURN,10.777867638611477
ASSIGN_OBJ_OP SEND_VAL_EX,10.372402530503313
ASSIGN_OBJ_REF OP_DATA,7.376670256949322
ASSIGN_OP ADD,7.312131735811751
ASSIGN_OP ASSERT_CHECK,10.777867638611477
ASSIGN_OP ASSIGN,4.4499308548822825
ASSIGN_OP ASSIGN_DIM,6.700330194705757
ASSIGN_OP ASSIGN_DIM_OP,7.860096906527198
ASSIGN_OP ASSIGN_OBJ,6.700330194705757
ASSIGN_OP ASSIGN_OBJ_OP,8.986108169383423
ASSIGN_OP ASSIGN_OP,4.20558509591747
ASSIGN_OP ASSIGN_REF,10.777867638611477
ASSIGN_OP BEGIN_SILENCE,4.857630600791863
ASSIGN_OP BIND_GLOBAL,8.831957489556164
ASSIGN_OP BOOL,7.860096906527198
ASSIGN_OP BOOL_NOT,5.402589230927312
ASSIGN_OP BW_AND,4.9271029736066305
ASSIGN_OP BW_NOT,9.861576906737323
ASSIGN_OP BW_OR,10.372402530503313
ASSIGN_OP BW_XOR,10.084720458051532
ASSIGN_OP CAST,7.915666757682009
ASSIGN_OP CHECK_FUNC_ARG,6.157808840129635
ASSIGN_OP CLONE,10.777867638611477
ASSIGN_OP CONCAT,4.823326445608092
ASSIGN_OP COUNT,7.599813808263532
ASSIGN_OP DIV,8.986108169383423
ASSIGN_OP DO_FCALL,5.740915036197848
ASSIGN_OP ECHO,5.276609428066751
ASSIGN_OP END_SILENCE,8.21291828114994
ASSIGN_OP FETCH_CLASS,10.777867638611477
ASSIGN_OP FETCH_CONSTANT,7.016667522917915
ASSIGN_OP FETCH_DIM_IS,9.391573277491586
ASSIGN_OP FETCH_DIM_R,5.077424065220791
ASSIGN_OP FETCH_DIM_UNSET,7.281360077144997
ASSIGN_OP FETCH_DIM_W,8.762964618069212
ASSIGN_OP FETCH_IS,6.07285211765367
ASSIGN_OP FETCH_OBJ_IS,8.379972365813106
ASSIGN_OP FETCH_OBJ_R,5.421281363939465
ASSIGN_OP FETCH_OBJ_RW,10.372402530503313
ASSIGN_OP FETCH_OBJ_UNSET,10.777867638611477
ASSIGN_OP FETCH_OBJ_W,6.278057968281212
ASSIGN_OP FETCH_R,5.5548127565639875
ASSIGN_OP FETCH_RW,6.817054469013899
ASSIGN_OP FETCH_THIS,9.073119546373052
ASSIGN_OP FETCH_W,7.376670256949322
ASSIGN_OP FE_FREE,10.777867638611477
ASSIGN_OP FE_RESET_R,5.674957068406051
ASSIGN_OP FREE,6.691891326059893
ASSIGN_OP GET_CLASS,10.372402530503313
ASSIGN_OP INCLUDE_OR_EVAL,8.986108169383423
ASSIGN_OP INIT_ARRAY,6.743627000459082
ASSIGN_OP INIT_FCALL,4.195150218624891
ASSIGN_OP INSTANCEOF,9.525104670116109
ASSIGN_OP IN_ARRAY,9.861576906737323
ASSIGN_OP IS_EQUAL,5.81502300835157
ASSIGN_OP IS_IDENTICAL,8.005278916371696
ASSIGN_OP IS_NOT_EQUAL,6.128680567206612
ASSIGN_OP IS_SMALLER,5.760587801796553
ASSIGN_OP JMP,3.748337302703419
ASSIGN_OP JMPNZ,6.708840884373666
ASSIGN_OP JMPNZ_EX,8.069817437509268
ASSIGN_OP JMPZ,4.790160140381207
ASSIGN_OP JMPZ_EX,6.658830463799005
ASSIGN_OP JMP_FRAMELESS,7.807453173041776
ASSIGN_OP MOD,8.762964618069212
ASSIGN_OP MUL,8.698426096931641
ASSIGN_OP NEW,7.686825185253161
ASSIGN_OP NOP,6.353021006754667
ASSIGN_OP OP_DATA,6.256079061562437
ASSIGN_OP POST_DEC,8.637801475115207
ASSIGN_OP POST_INC,8.762964618069212
ASSIGN_OP PRE_DEC,5.910333188155895
ASSIGN_OP PRE_DEC_OBJ,9.861576906737323
ASSIGN_OP PRE_INC,4.132126685332543
ASSIGN_OP PRE_INC_OBJ,9.861576906737323
ASSIGN_OP QM_ASSIGN,8.379972365813106
ASSIGN_OP RETURN,4.2917068496673885
ASSIGN_OP ROPE_INIT,5.359547479668744
ASSIGN_OP SEND_VAL,9.073119546373052
ASSIGN_OP SEND_VAL_EX,5.196252797929484
ASSIGN_OP SEND_VAR,8.335520603242273
ASSIGN_OP SEND_VAR_EX,4.852275835654202
ASSIGN_OP SL,7.974507257704942
ASSIGN_OP SR,7.410571808625003
ASSIGN_OP STRLEN,5.052649883235211
ASSIGN_OP SUB,7.296627549275786
ASSIGN_OP SWITCH_LONG,9.391573277491586
ASSIGN_OP SWITCH_STRING,8.526575840004982
ASSIGN_OP TYPE_CHECK,6.917137927570882
ASSIGN_OP UNSET_CV,8.21291828114994
ASSIGN_OP UNSET_DIM,8.831957489556164
ASSIGN_OP UNSET_OBJ,10.777867638611477
ASSIGN_REF ASSIGN,7.757442752467115
ASSIGN_REF ASSIGN_DIM,9.391573277491586
ASSIGN_REF ASSIGN_OBJ,9.861576906737323
ASSIGN_REF ASSIGN_OP,10.777867638611477
ASSIGN_REF ASSIGN_REF,9.525104670116109
ASSIGN_REF BEGIN_SILENCE,6.453734982356498
ASSIGN_REF BIND_GLOBAL,7.343880434126331
ASSIGN_REF BIND_LEXICAL,10.777867638611477
ASSIGN_REF BOOL_NOT,8.21291828114994
ASSIGN_REF CAST,10.372402530503313
ASSIGN_REF CHECK_FUNC_ARG,8.698426096931641
ASSIGN_REF CONCAT,9.168429726177378
ASSIGN_REF COUNT,8.986108169383423
ASSIGN_REF DO_FCALL,7.833428659445037
ASSIGN_REF FETCH_CONSTANT,8.069817437509268
ASSIGN_REF FETCH_DIM_R,7.860096906527198
ASSIGN_REF FETCH_DIM_W,8.138810308996218
ASSIGN_REF FETCH_IS,8.831957489556164
ASSIGN_REF FETCH_OBJ_IS,10.777867638611477
ASSIGN_REF FETCH_OBJ_R,7.915666757682009
ASSIGN_REF FETCH_OBJ_UNSET,10.777867638611477
ASSIGN_REF FETCH_OBJ_W,8.379972365813106
ASSIGN_REF FETCH_R,7.32788009277989
ASSIGN_REF FETCH_THIS,10.372402530503313
ASSIGN_REF FETCH_W,6.091117465630963
ASSIGN_REF FE_RESET_R,8.426492381448
ASSIGN_REF INCLUDE_OR_EVAL,9.391573277491586
ASSIGN_REF INIT_ARRAY,10.777867638611477
ASSIGN_REF INIT_FCALL,7.642373422682327
ASSIGN_REF IS_EQUAL,7.7333452008880545
ASSIGN_REF JMP,6.906666627703586
ASSIGN_REF JMPNZ,8.103718989184948
ASSIGN_REF JMPNZ_EX,10.777867638611477
ASSIGN_REF JMPZ,8.526575840004982
ASSIGN_REF JMPZ_EX,10.372402530503313
ASSIGN_REF JMP_FRAMELESS,10.372402530503313
ASSIGN_REF NEW,9.679255349943368
ASSIGN_REF OP_DATA,9.525104670116109
ASSIGN_REF PRE_INC,9.679255349943368
ASSIGN_REF RETURN,9.073119546373052
ASSIGN_REF RETURN_BY_REF,10.372402530503313
ASSIGN_REF ROPE_INIT,10.372402530503313
ASSIGN_REF SEND_VAL_EX,8.698426096931641
ASSIGN_REF SEND_VAR,10.084720458051532
ASSIGN_REF SEND_VAR_EX,8.175177953167093
ASSIGN_REF SR,10.777867638611477
ASSIGN_REF STRLEN,9.525104670116109
ASSIGN_REF SUB,10.372402530503313
ASSIGN_REF SWITCH_LONG,10.084720458051532
ASSIGN_REF SWITCH_STRING,9.861576906737323
ASSIGN_REF TYPE_CHECK,8.335520603242273
ASSIGN_REF UNSET_CV,5.2385668026209
ASSIGN_REF UNSET_DIM,10.777867638611477
BEGIN_SILENCE ADD,9.073119546373052
BEGIN_SILENCE ASSERT_CHECK,8.698426096931641
BEGIN_SILENCE ASSIGN,7.757442752467115
BEGIN_SILENCE ASSIGN_DIM,9.168429726177378
BEGIN_SILENCE ASSIGN_DIM_OP,10.372402530503313
BEGIN_SILENCE ASSIGN_OP,10.372402530503313
BEGIN_SILENCE BEGIN_SILENCE,5.155656817649088
BEGIN_SILENCE BOOL_NOT,8.637801475115207
BEGIN_SILENCE CAST,7.887495880715313
BEGIN_SILENCE CHECK_FUNC_ARG,4.908570725477703
BEGIN_SILENCE CLONE,10.777867638611477
BEGIN_SILENCE CONCAT,5.297228715269486
BEGIN_SILENCE COUNT,5.656884287346356
BEGIN_SILENCE DIV,9.273790241835203
BEGIN_SILENCE DO_FCALL,4.9533435462591475
BEGIN_SILENCE ECHO,8.475282545617432
BEGIN_SILENCE END_SILENCE,6.015693703813721
BEGIN_SILENCE FETCH_CLASS,10.372402530503313
BEGIN_SILENCE FETCH_CONSTANT,5.674957068406051
BEGIN_SILENCE FETCH_DIM_IS,9.273790241835203
BEGIN_SILENCE FETCH_DIM_R,5.474562730552401
BEGIN_SILENCE FETCH_DIM_RW,10.777867638611477
BEGIN_SILENCE FETCH_DIM_W,10.777867638611477
BEGIN_SILENCE FETCH_IS,8.580643061275257
BEGIN_SILENCE FETCH_OBJ_R,6.192900159940906
BEGIN_SILENCE FETCH_R,4.497471799651282
BEGIN_SILENCE FETCH_THIS,10.084720458051532
BEGIN_SILENCE FETCH_W,8.292960988823477
BEGIN_SILENCE FUNC_GET_ARGS,10.777867638611477
BEGIN_SILENCE INCLUDE_OR_EVAL,5.610228595705556
BEGIN_SILENCE INIT_ARRAY,8.103718989184948
BEGIN_SILENCE INIT_FCALL,3.5322125710169416
BEGIN_SILENCE INIT_USER_CALL,10.777867638611477
BEGIN_SILENCE IN_ARRAY,7.519771100589995
BEGIN_SILENCE IS_NOT_EQUAL,8.475282545617432
BEGIN_SILENCE JMPZ,8.475282545617432
BEGIN_SILENCE JMP_FRAMELESS,9.273790241835203
BEGIN_SILENCE JMP_SET,10.372402530503313
BEGIN_SILENCE MUL,9.273790241835203
BEGIN_SILENCE NEW,7.915666757682009
BEGIN_SILENCE NOP,8.335520603242273
BEGIN_SILENCE OP_DATA,6.317723224673643
BEGIN_SILENCE POST_INC,10.777867638611477
BEGIN_SILENCE PRE_INC,8.379972365813106
BEGIN_SILENCE QM_ASSIGN,10.777867638611477
BEGIN_SILENCE ROPE_INIT,5.72801163136194
BEGIN_SILENCE SEND_VAL_EX,4.6103511477231365
BEGIN_SILENCE SEND_VAR,10.372402530503313
BEGIN_SILENCE SEND_VAR_EX,4.497471799651282
BEGIN_SILENCE STRLEN,6.626827732712831
BEGIN_SILENCE SUB,7.887495880715313
BEGIN_SILENCE TYPE_CHECK,6.494281076750848
BIND_GLOBAL ASSIGN,4.846949591371529
BIND_GLOBAL ASSIGN_DIM,9.073119546373052
BIND_GLOBAL ASSIGN_OBJ,8.292960988823477
BIND_GLOBAL ASSIGN_OP,8.698426096931641
BIND_GLOBAL BEGIN_SILENCE,6.447134298325146
BIND_GLOBAL BIND_GLOBAL,4.712920314743691
BIND_GLOBAL BIND_STATIC,7.281360077144997
BIND_GLOBAL BOOL,9.679255349943368
BIND_GLOBAL BOOL_NOT,5.982077093014736
BIND_GLOBAL BW_AND,10.777867638611477
BIND_GLOBAL CAST,7.782135365057486
BIND_GLOBAL CHECK_FUNC_ARG,8.175177953167093
BIND_GLOBAL CONCAT,6.487408197463086
BIND_GLOBAL COUNT,8.698426096931641
BIND_GLOBAL DECLARE_CLASS,10.372402530503313
BIND_GLOBAL DEFINED,9.525104670116109
BIND_GLOBAL DO_FCALL,6.208324630266537
BIND_GLOBAL ECHO,6.317723224673643
BIND_GLOBAL FETCH_CONSTANT,6.982378449439283
BIND_GLOBAL FETCH_DIM_IS,9.273790241835203
BIND_GLOBAL FETCH_DIM_R,6.105038804149571
BIND_GLOBAL FETCH_DIM_UNSET,10.372402530503313
BIND_GLOBAL FETCH_DIM_W,8.103718989184948
BIND_GLOBAL FETCH_GLOBALS,8.580643061275257
BIND_GLOBAL FETCH_IS,7.052174211374824
BIND_GLOBAL FETCH_OBJ_IS,8.986108169383423
BIND_GLOBAL FETCH_OBJ_R,6.798185984709517
BIND_GLOBAL FETCH_OBJ_W,9.525104670116109
BIND_GLOBAL FETCH_R,5.73444252169223
BIND_GLOBAL FETCH_THIS,9.861576906737323
BIND_GLOBAL FETCH_W,7.166949725967252
BIND_GLOBAL FE_RESET_R,8.037027614686277
BIND_GLOBAL FUNC_GET_ARGS,8.069817437509268
BIND_GLOBAL FUNC_NUM_ARGS,10.777867638611477
BIND_GLOBAL INCLUDE_OR_EVAL,10.372402530503313
BIND_GLOBAL INIT_ARRAY,7.7333452008880545
BIND_GLOBAL INIT_FCALL,5.00176450237565
BIND_GLOBAL INSTANCEOF,9.273790241835203
BIND_GLOBAL IN_ARRAY,9.391573277491586
BIND_GLOBAL IS_EQUAL,5.906494411848729
BIND_GLOBAL IS_IDENTICAL,9.273790241835203
BIND_GLOBAL IS_NOT_EQUAL,7.620867217461364
BIND_GLOBAL IS_SMALLER,8.986108169383423
BIND_GLOBAL JMP,8.037027614686277
BIND_GLOBAL JMPNZ_EX,8.762964618069212
BIND_GLOBAL JMPZ,5.6130816646879635
BIND_GLOBAL JMPZ_EX,7.558991813743276
BIND_GLOBAL JMP_FRAMELESS,10.777867638611477
BIND_GLOBAL NEW,7.944654294555261
BIND_GLOBAL NOP,7.281360077144997
BIND_GLOBAL OP_DATA,7.296627549275786
BIND_GLOBAL POST_INC,7.153526705635112
BIND_GLOBAL PRE_INC,9.273790241835203
BIND_GLOBAL QM_ASSIGN,10.777867638611477
BIND_GLOBAL RETURN,8.069817437509268
BIND_GLOBAL ROPE_INIT,6.447134298325146
BIND_GLOBAL SEND_VAL_EX,6.487408197463086
BIND_GLOBAL SEND_VAR,10.777867638611477
BIND_GLOBAL SEND_VAR_EX,6.383418483939039
BIND_GLOBAL STRLEN,7.915666757682009
BIND_GLOBAL SWITCH_STRING,7.599813808263532
BIND_GLOBAL TYPE_CHECK,7.208334942130107
BIND_GLOBAL UNSET_CV,10.084720458051532
BIND_GLOBAL UNSET_DIM,10.372402530503313
BIND_GLOBAL UNSET_OBJ,10.777867638611477
BIND_LEXICAL ASSIGN,7.445663128436273
BIND_LEXICAL ASSIGN_DIM,9.679255349943368
BIND_LEXICAL ASSIGN_OBJ,10.084720458051532
BIND_LEXICAL BIND_LEXICAL,6.726082690808172
BIND_LEXICAL FETCH_DIM_W,10.777867638611477
BIND_LEXICAL FETCH_OBJ_W,9.861576906737323
BIND_LEXICAL FREE,10.777867638611477
BIND_LEXICAL INIT_ARRAY,9.679255349943368
BIND_LEXICAL RETURN,7.915666757682009
BIND_LEXICAL SEND_VAL,7.944654294555261
BIND_LEXICAL SEND_VAL_EX,6.208324630266537
BIND_STATIC ASSIGN,7.076565664498983
BIND_STATIC ASSIGN_DIM,9.168429726177378
BIND_STATIC ASSIGN_OBJ,9.168429726177378
BIND_STATIC ASSIGN_REF,5.246456389896062
BIND_STATIC BEGIN_SILENCE,10.372402530503313
BIND_STATIC BIND_GLOBAL,10.777867638611477
BIND_STATIC BIND_LEXICAL,10.084720458051532
BIND_STATIC BIND_STATIC,6.187811090433434
BIND_STATIC BOOL,10.777867638611477
BIND_STATIC BOOL_NOT,6.618984555251806
BIND_STATIC CAST,9.679255349943368
BIND_STATIC CHECK_FUNC_ARG,8.475282545617432
BIND_STATIC CONCAT,9.525104670116109
BIND_STATIC COUNT,9.525104670116109
BIND_STATIC DEFINED,10.777867638611477
BIND_STATIC DO_FCALL,7.944654294555261
BIND_STATIC ECHO,10.084720458051532
BIND_STATIC FETCH_CLASS,10.084720458051532
BIND_STATIC FETCH_CONSTANT,9.861576906737323
BIND_STATIC FETCH_DIM_IS,10.777867638611477
BIND_STATIC FETCH_DIM_R,7.463681633938951
BIND_STATIC FETCH_DIM_RW,10.777867638611477
BIND_STATIC FETCH_IS,9.861576906737323
BIND_STATIC FETCH_OBJ_IS,9.679255349943368
BIND_STATIC FETCH_OBJ_R,7.620867217461364
BIND_STATIC FETCH_R,10.084720458051532
BIND_STATIC FETCH_THIS,9.861576906737323
BIND_STATIC FETCH_W,9.391573277491586
BIND_STATIC FE_RESET_R,7.664352329401103
BIND_STATIC FUNC_GET_ARGS,10.777867638611477
BIND_STATIC INIT_ARRAY,8.906065461709886
BIND_STATIC INIT_FCALL,7.500722905619301
BIND_STATIC INIT_USER_CALL,10.777867638611477
BIND_STATIC INSTANCEOF,10.084720458051532
BIND_STATIC IS_EQUAL,8.831957489556164
BIND_STATIC IS_IDENTICAL,8.906065461709886
BIND_STATIC IS_NOT_EQUAL,10.777867638611477
BIND_STATIC IS_SMALLER,9.861576906737323
BIND_STATIC JMP,9.861576906737323
BIND_STATIC JMPNZ_EX,9.525104670116109
BIND_STATIC JMPZ,6.666993774438166
BIND_STATIC JMPZ_EX,9.525104670116109
BIND_STATIC JMP_FRAMELESS,8.252138994303222
BIND_STATIC MUL,10.372402530503313
BIND_STATIC NEW,8.526575840004982
BIND_STATIC NOP,10.777867638611477
BIND_STATIC OP_DATA,10.372402530503313
BIND_STATIC PRE_INC,8.292960988823477
BIND_STATIC RETURN,8.831957489556164
BIND_STATIC RETURN_BY_REF,10.084720458051532
BIND_STATIC ROPE_INIT,9.679255349943368
BIND_STATIC SEND_VAL,10.777867638611477
BIND_STATIC SEND_VAL_EX,7.7333452008880545
BIND_STATIC SEND_VAR,9.861576906737323
BIND_STATIC SEND_VAR_EX,7.052174211374824
BIND_STATIC STRLEN,10.372402530503313
BIND_STATIC THROW,10.777867638611477
BIND_STATIC TYPE_CHECK,6.414769013823114
BIND_STATIC UNSET_DIM,10.777867638611477
BOOL ASSIGN,4.723428292342106
BOOL ASSIGN_DIM,7.519771100589995
BOOL ASSIGN_OBJ,6.278057968281212
BOOL ASSIGN_OP,8.906065461709886
BOOL BEGIN_SILENCE,5.921938734276202
BOOL BIND_GLOBAL,10.084720458051532
BOOL BOOL,4.064304088993782
BOOL BOOL_NOT,5.604546762238126
BOOL BW_AND,10.777867638611477
BOOL CAST,8.637801475115207
BOOL CHECK_FUNC_ARG,8.379972365813106
BOOL CONCAT,7.180555378023032
BOOL COUNT,9.525104670116109
BOOL DECLARE_CLASS,7.915666757682009
BOOL DEFINED,7.860096906527198
BOOL DO_FCALL,7.807453173041776
BOOL ECHO,6.32352034235797
BOOL FETCH_CONSTANT,8.475282545617432
BOOL FETCH_DIM_IS,10.777867638611477
BOOL FETCH_DIM_R,7.519771100589995
BOOL FETCH_DIM_RW,10.777867638611477
BOOL FETCH_DIM_W,7.833428659445037
BOOL FETCH_IS,6.642701081869121
BOOL FETCH_OBJ_IS,10.777867638611477
BOOL FETCH_OBJ_R,8.986108169383423
BOOL FETCH_OBJ_W,8.379972365813106
BOOL FETCH_R,6.726082690808172
BOOL FETCH_RW,10.372402530503313
BOOL FETCH_THIS,10.777867638611477
BOOL FETCH_UNSET,10.777867638611477
BOOL FETCH_W,6.261528666330001
BOOL FE_FREE,9.861576906737323
BOOL FE_RESET_R,8.986108169383423
BOOL FREE,9.273790241835203
BOOL INCLUDE_OR_EVAL,9.168429726177378
BOOL INIT_ARRAY,7.642373422682327
BOOL INIT_FCALL,5.610228595705556
BOOL IN_ARRAY,10.777867638611477
BOOL IS_EQUAL,7.208334942130107
BOOL IS_IDENTICAL,10.777867638611477
BOOL IS_NOT_EQUAL,8.292960988823477
BOOL IS_SMALLER,8.831957489556164
BOOL JMP,6.0773872728190605
BOOL JMPNZ,5.153850132424139
BOOL JMPNZ_EX,3.895943119663862
BOOL JMPZ,2.6207838535826067
BOOL JMPZ_EX,3.6449708056524575
BOOL JMP_FRAMELESS,9.861576906737323
BOOL NEW,9.861576906737323
BOOL NOP,8.21291828114994
BOOL OFF,10.372402530503313
BOOL OP_DATA,8.426492381448
BOOL PRE_INC,8.103718989184948
BOOL QM_ASSIGN,7.599813808263532
BOOL RETURN,4.98637958353617
BOOL ROPE_INIT,7.579194521060796
BOOL SEND_UNPACK,10.777867638611477
BOOL SEND_VAL,7.599813808263532
BOOL SEND_VAL_EX,6.04606480169002
BOOL SEND_VAR_EX,6.447134298325146
BOOL STRLEN,10.777867638611477
BOOL SUB,7.944654294555261
BOOL SWITCH_STRING,10.372402530503313
BOOL TYPE_CHECK,9.073119546373052
BOOL UNSET_CV,8.475282545617432
BOOL UNSET_DIM,10.777867638611477
BOOL_NOT ASSIGN,6.100376791043759
BOOL_NOT ASSIGN_DIM,8.069817437509268
BOOL_NOT ASSIGN_OBJ,7.757442752467115
BOOL_NOT ASSIGN_OP,10.777867638611477
BOOL_NOT BIND_LEXICAL,10.777867638611477
BOOL_NOT BOOL,3.315078481199029
BOOL_NOT BOOL_NOT,6.700330194705757
BOOL_NOT BW_AND,9.273790241835203
BOOL_NOT CAST,10.372402530503313
BOOL_NOT DO_FCALL,10.777867638611477
BOOL_NOT END_SILENCE,7.360140954998111
BOOL_NOT FETCH_DIM_R,8.906065461709886
BOOL_NOT FETCH_DIM_W,10.084720458051532
BOOL_NOT FETCH_OBJ_R,10.777867638611477
BOOL_NOT FETCH_OBJ_W,9.861576906737323
BOOL_NOT FETCH_R,8.762964618069212
BOOL_NOT FETCH_W,8.906065461709886
BOOL_NOT FE_FREE,10.777867638611477
BOOL_NOT INIT_ARRAY,9.073119546373052
BOOL_NOT IS_EQUAL,7.393477375265703
BOOL_NOT IS_IDENTICAL,10.372402530503313
BOOL_NOT IS_NOT_EQUAL,8.986108169383423
BOOL_NOT IS_SMALLER,10.372402530503313
BOOL_NOT JMPNZ,4.36604937090158
BOOL_NOT JMPNZ_EX,3.7320910617319654
BOOL_NOT JMPZ,2.3945487557515674
BOOL_NOT JMPZ_EX,3.6704421645007725
BOOL_NOT QM_ASSIGN,8.762964618069212
BOOL_NOT RETURN,5.92583737469186
BOOL_NOT SEND_VAL,8.475282545617432
BOOL_NOT SEND_VAL_EX,7.076565664498983
BOOL_NOT TYPE_CHECK,10.777867638611477
BOOL_XOR BOOL_NOT,10.084720458051532
BOOL_XOR FREE,10.777867638611477
BOOL_XOR JMPZ,10.084720458051532
BW_AND ADD,7.519771100589995
BW_AND ASSIGN,5.937625330443902
BW_AND ASSIGN_DIM,8.292960988823477
BW_AND ASSIGN_DIM_OP,10.777867638611477
BW_AND ASSIGN_OBJ,9.679255349943368
BW_AND ASSIGN_OP,8.637801475115207
BW_AND BOOL,7.376670256949322
BW_AND BOOL_NOT,8.069817437509268
BW_AND BW_AND,7.686825185253161
BW_AND BW_NOT,10.372402530503313
BW_AND BW_OR,6.875894969036833
BW_AND BW_XOR,7.427963551336872
BW_AND CAST,8.831957489556164
BW_AND CHECK_FUNC_ARG,10.372402530503313
BW_AND CONCAT,8.526575840004982
BW_AND DIV,10.372402530503313
BW_AND ECHO,10.084720458051532
BW_AND FETCH_CONSTANT,8.335520603242273
BW_AND FETCH_DIM_R,7.427963551336872
BW_AND FETCH_DIM_W,10.084720458051532
BW_AND FETCH_OBJ_R,9.391573277491586
BW_AND FETCH_OBJ_RW,10.372402530503313
BW_AND FETCH_OBJ_W,9.861576906737323
BW_AND FETCH_W,9.073119546373052
BW_AND FREE,10.372402530503313
BW_AND INIT_ARRAY,9.273790241835203
BW_AND INIT_FCALL,8.906065461709886
BW_AND IS_EQUAL,5.038074726432243
BW_AND IS_IDENTICAL,6.30053082413327
BW_AND IS_NOT_EQUAL,8.21291828114994
BW_AND IS_SMALLER,7.281360077144997
BW_AND JMPNZ,7.757442752467115
BW_AND JMPNZ_EX,8.906065461709886
BW_AND JMPZ,4.383441113613449
BW_AND JMPZ_EX,8.21291828114994
BW_AND MUL,7.833428659445037
BW_AND OP_DATA,10.777867638611477
BW_AND PRE_DEC,9.861576906737323
BW_AND QM_ASSIGN,7.558991813743276
BW_AND RETURN,8.637801475115207
BW_AND SEND_FUNC_ARG,10.372402530503313
BW_AND SEND_VAL,6.88604734050085
BW_AND SEND_VAL_EX,7.757442752467115
BW_AND SEND_VAR_EX,10.084720458051532
BW_AND SL,6.6507332535663855
BW_AND SR,7.519771100589995
BW_AND SUB,8.526575840004982
BW_AND SWITCH_LONG,9.073119546373052
BW_AND SWITCH_STRING,9.861576906737323
BW_NOT ASSIGN,8.637801475115207
BW_NOT ASSIGN_OBJ_OP,10.372402530503313
BW_NOT ASSIGN_OP,10.777867638611477
BW_NOT BOOL,10.372402530503313
BW_NOT BW_AND,6.938415326018166
BW_NOT BW_NOT,10.372402530503313
BW_NOT BW_OR,8.475282545617432
BW_NOT BW_XOR,9.861576906737323
BW_NOT COALESCE,10.777867638611477
BW_NOT CONCAT,10.084720458051532
BW_NOT ECHO,9.861576906737323
BW_NOT FETCH_CONSTANT,10.372402530503313
BW_NOT FETCH_DIM_R,9.679255349943368
BW_NOT FETCH_FUNC_ARG,9.525104670116109
BW_NOT FREE,10.777867638611477
BW_NOT IS_IDENTICAL,10.372402530503313
BW_NOT MUL,10.777867638611477
BW_NOT QM_ASSIGN,9.861576906737323
BW_NOT RETURN,9.679255349943368
BW_NOT SEND_VAL,10.084720458051532
BW_NOT SEND_VAL_EX,9.861576906737323
BW_OR ADD,9.073119546373052
BW_OR ASSIGN,6.024277447505113
BW_OR ASSIGN_DIM,8.986108169383423
BW_OR ASSIGN_OBJ,8.637801475115207
BW_OR ASSIGN_OP,9.391573277491586
BW_OR BEGIN_SILENCE,10.372402530503313
BW_OR BOOL,10.084720458051532
BW_OR BW_AND,7.642373422682327
BW_OR BW_NOT,10.777867638611477
BW_OR BW_OR,7.642373422682327
BW_OR BW_XOR,7.782135365057486
BW_OR CAST,9.679255349943368
BW_OR CHECK_FUNC_ARG,10.084720458051532
BW_OR CONCAT,8.426492381448
BW_OR FETCH_CONSTANT,8.037027614686277
BW_OR FETCH_DIM_R,6.306228845247908
BW_OR FETCH_OBJ_W,10.372402530503313
BW_OR FETCH_R,8.637801475115207
BW_OR FETCH_W,8.762964618069212
BW_OR FREE,10.372402530503313
BW_OR INIT_ARRAY,10.372402530503313
BW_OR INIT_FCALL,9.273790241835203
BW_OR IS_IDENTICAL,10.372402530503313
BW_OR JMPZ,8.103718989184948
BW_OR MUL,9.073119546373052
BW_OR OP_DATA,10.777867638611477
BW_OR QM_ASSIGN,9.073119546373052
BW_OR RETURN,6.278057968281212
BW_OR SEND_VAL,7.833428659445037
BW_OR SEND_VAL_EX,7.166949725967252
BW_OR SL,9.679255349943368
BW_OR SR,8.831957489556164
BW_XOR ADD,8.252138994303222
BW_XOR ASSIGN,6.306228845247908
BW_XOR ASSIGN_DIM,7.7333452008880545
BW_XOR ASSIGN_DIM_OP,9.861576906737323
BW_XOR ASSIGN_OP,7.944654294555261
BW_XOR BOOL,10.777867638611477
BW_XOR BW_AND,7.410571808625003
BW_XOR BW_OR,8.037027614686277
BW_XOR BW_XOR,7.194348700155367
BW_XOR CAST,9.679255349943368
BW_XOR CHECK_FUNC_ARG,10.084720458051532
BW_XOR CONCAT,7.519771100589995
BW_XOR ECHO,10.777867638611477
BW_XOR FETCH_CONSTANT,8.475282545617432
BW_XOR FETCH_DIM_R,7.757442752467115
BW_XOR FETCH_DIM_W,10.777867638611477
BW_XOR FETCH_OBJ_R,10.777867638611477
BW_XOR FETCH_OBJ_W,9.273790241835203
BW_XOR FETCH_R,9.861576906737323
BW_XOR FETCH_RW,10.084720458051532
BW_XOR FETCH_W,10.777867638611477
BW_XOR INCLUDE_OR_EVAL,10.777867638611477
BW_XOR INIT_ARRAY,10.777867638611477
BW_XOR INIT_FCALL,10.084720458051532
BW_XOR IS_EQUAL,8.762964618069212
BW_XOR JMPZ,10.777867638611477
BW_XOR JMPZ_EX,10.372402530503313
BW_XOR MOD,10.372402530503313
BW_XOR MUL,10.777867638611477
BW_XOR NOP,8.762964618069212
BW_XOR PRE_INC,9.525104670116109
BW_XOR RETURN,7.599813808263532
BW_XOR SEND_FUNC_ARG,10.372402530503313
BW_XOR SEND_VAL,6.467068513225963
BW_XOR SEND_VAL_EX,7.266322199780457
BW_XOR SEND_VAR_EX,10.084720458051532
BW_XOR SR,7.915666757682009
BW_XOR STRLEN,10.084720458051532
BW_XOR SUB,9.073119546373052
CASE JMPNZ,4.174601550397503
CAST ADD,5.565652971116852
CAST ASSIGN,3.905221536742908
CAST ASSIGN_DIM,5.633284372005482
CAST ASSIGN_DIM_OP,9.679255349943368
CAST ASSIGN_OBJ,5.902670315410326
CAST ASSIGN_OBJ_OP,9.679255349943368
CAST ASSIGN_OP,7.70981470347786
CAST BEGIN_SILENCE,9.168429726177378
CAST BOOL,7.376670256949322
CAST BOOL_NOT,7.686825185253161
CAST BW_AND,8.292960988823477
CAST BW_XOR,9.391573277491586
CAST CASE,9.861576906737323
CAST CAST,5.565652971116852
CAST CHECK_FUNC_ARG,10.084720458051532
CAST CONCAT,4.872505790556907
CAST COUNT,8.252138994303222
CAST DIV,7.427963551336872
CAST DO_FCALL,8.292960988823477
CAST ECHO,5.596084088319392
CAST END_SILENCE,8.069817437509268
CAST FAST_CONCAT,9.273790241835203
CAST FETCH_CONSTANT,8.986108169383423
CAST FETCH_DIM_IS,9.861576906737323
CAST FETCH_DIM_R,6.798185984709517
CAST FETCH_DIM_W,6.982378449439283
CAST FETCH_FUNC_ARG,10.372402530503313
CAST FETCH_OBJ_IS,9.391573277491586
CAST FETCH_OBJ_R,7.500722905619301
CAST FETCH_OBJ_UNSET,10.372402530503313
CAST FETCH_OBJ_W,7.040198020328109
CAST FETCH_R,6.836285830941787
CAST FETCH_RW,10.372402530503313
CAST FETCH_W,6.88604734050085
CAST FE_FREE,9.525104670116109
CAST FE_RESET_R,5.941585731659999
CAST FREE,8.986108169383423
CAST INCLUDE_OR_EVAL,10.372402530503313
CAST INIT_ARRAY,6.239906202316836
CAST INIT_FCALL,6.002954678036291
CAST IS_EQUAL,6.494281076750848
CAST IS_IDENTICAL,7.500722905619301
CAST IS_NOT_EQUAL,6.60348036871584
CAST IS_SMALLER,6.88604734050085
CAST JMPNZ_EX,9.525104670116109
CAST JMPZ,6.875894969036833
CAST JMPZ_EX,9.861576906737323
CAST JMP_FRAMELESS,10.777867638611477
CAST JMP_SET,10.777867638611477
CAST MOD,9.273790241835203
CAST MUL,6.580665690949669
CAST NEW,10.084720458051532
CAST NOP,9.073119546373052
CAST OP_DATA,7.052174211374824
CAST POST_INC_OBJ,10.777867638611477
CAST QM_ASSIGN,5.760587801796553
CAST RETURN,5.5151774497065915
CAST ROPE_ADD,7.599813808263532
CAST ROPE_END,8.426492381448
CAST ROPE_INIT,8.526575840004982
CAST SEND_ARRAY,9.391573277491586
CAST SEND_FUNC_ARG,7.040198020328109
CAST SEND_USER,10.372402530503313
CAST SEND_VAL,4.686557756533778
CAST SEND_VAL_EX,4.837696385891046
CAST SEND_VAR,10.777867638611477
CAST SEND_VAR_EX,9.679255349943368
CAST SL,9.073119546373052
CAST SR,9.525104670116109
CAST STRLEN,8.762964618069212
CAST SUB,6.32352034235797
CAST SWITCH_LONG,10.777867638611477
CAST SWITCH_STRING,10.777867638611477
CAST TYPE_CHECK,9.525104670116109
CAST YIELD,10.777867638611477
CATCH ADD,10.777867638611477
CATCH ASSIGN,6.666993774438166
CATCH ASSIGN_DIM,9.679255349943368
CATCH ASSIGN_OBJ,8.069817437509268
CATCH ASSIGN_OP,8.906065461709886
CATCH BEGIN_SILENCE,9.679255349943368
CATCH BIND_STATIC,10.777867638611477
CATCH BOOL,10.777867638611477
CATCH BOOL_NOT,9.861576906737323
CATCH CAST,10.777867638611477
CATCH CHECK_FUNC_ARG,8.698426096931641
CATCH CONCAT,8.252138994303222
CATCH DEFINED,10.084720458051532
CATCH DO_FCALL,5.929751274012997
CATCH ECHO,7.686825185253161
CATCH FAST_RET,10.777867638611477
CATCH FETCH_CONSTANT,9.073119546373052
CATCH FETCH_DIM_R,9.525104670116109
CATCH FETCH_IS,10.372402530503313
CATCH FETCH_OBJ_IS,10.777867638611477
CATCH FETCH_OBJ_R,7.519771100589995
CATCH FETCH_OBJ_W,10.372402530503313
CATCH FETCH_THIS,9.391573277491586
CATCH FE_FREE,8.426492381448
CATCH FE_RESET_R,10.372402530503313
CATCH GET_CLASS,9.679255349943368
CATCH INCLUDE_OR_EVAL,9.861576906737323
CATCH INIT_ARRAY,9.679255349943368
CATCH INIT_FCALL,7.236908314574163
CATCH INSTANCEOF,9.861576906737323
CATCH IS_EQUAL,10.372402530503313
CATCH IS_IDENTICAL,10.777867638611477
CATCH JMP,7.32788009277989
CATCH JMPZ,8.580643061275257
CATCH JMPZ_EX,9.861576906737323
CATCH JMP_FRAMELESS,9.168429726177378
CATCH NEW,6.836285830941787
CATCH NOP,9.861576906737323
CATCH OP_DATA,10.372402530503313
CATCH PRE_INC,9.861576906737323
CATCH RETURN,6.234572856341473
CATCH ROPE_INIT,9.168429726177378
CATCH SEND_VAL_EX,7.028363562681106
CATCH SEND_VAR,10.084720458051532
CATCH SEND_VAR_EX,7.222519577122063
CATCH THROW,9.391573277491586
CATCH TYPE_CHECK,9.273790241835203
CATCH UNSET_CV,10.372402530503313
CATCH UNSET_DIM,10.372402530503313
CATCH UNSET_OBJ,10.777867638611477
CHECK_FUNC_ARG ADD,7.782135365057486
CHECK_FUNC_ARG BEGIN_SILENCE,9.861576906737323
CHECK_FUNC_ARG BW_AND,10.372402530503313
CHECK_FUNC_ARG CAST,7.064295571907169
CHECK_FUNC_ARG CHECK_FUNC_ARG,8.986108169383423
CHECK_FUNC_ARG CONCAT,7.664352329401103
CHECK_FUNC_ARG COUNT,10.777867638611477
CHECK_FUNC_ARG DIV,10.777867638611477
CHECK_FUNC_ARG DO_FCALL,6.091117465630963
CHECK_FUNC_ARG FETCH_CLASS,10.777867638611477
CHECK_FUNC_ARG FETCH_CONSTANT,6.133476739470105
CHECK_FUNC_ARG FETCH_DIM_R,6.700330194705757
CHECK_FUNC_ARG FETCH_FUNC_ARG,3.8241834277409406
CHECK_FUNC_ARG FETCH_OBJ_R,7.016667522917915
CHECK_FUNC_ARG FETCH_R,6.708840884373666
CHECK_FUNC_ARG FETCH_THIS,6.666993774438166
CHECK_FUNC_ARG INIT_FCALL,6.798185984709517
CHECK_FUNC_ARG JMP_FRAMELESS,10.372402530503313
CHECK_FUNC_ARG MOD,10.372402530503313
CHECK_FUNC_ARG NEW,10.777867638611477
CHECK_FUNC_ARG NOP,10.372402530503313
CHECK_FUNC_ARG POST_INC,8.475282545617432
CHECK_FUNC_ARG SEND_FUNC_ARG,2.667440401036452
CHECK_FUNC_ARG SEND_VAL,10.777867638611477
CHECK_FUNC_ARG SEND_VAL_EX,7.642373422682327
CHECK_FUNC_ARG SEND_VAR_EX,8.475282545617432
CHECK_FUNC_ARG SR,10.372402530503313
CHECK_FUNC_ARG SUB,8.292960988823477
CLONE ASSIGN,6.691891326059893
CLONE ASSIGN_DIM,9.679255349943368
CLONE ASSIGN_OBJ,7.620867217461364
CLONE END_SILENCE,10.777867638611477
CLONE FETCH_OBJ_W,8.762964618069212
CLONE FETCH_W,10.777867638611477
CLONE FE_RESET_R,10.372402530503313
CLONE INIT_ARRAY,10.372402530503313
CLONE QM_ASSIGN,9.168429726177378
CLONE RETURN,8.698426096931641
CLONE SEND_VAL,10.372402530503313
CLONE SEND_VAL_EX,8.986108169383423
COALESCE BEGIN_SILENCE,10.777867638611477
COALESCE DO_FCALL,10.084720458051532
COALESCE FETCH_CONSTANT,10.372402530503313
COALESCE FETCH_OBJ_IS,10.372402530503313
COALESCE FETCH_OBJ_R,10.372402530503313
COALESCE INIT_FCALL,10.084720458051532
COALESCE NEW,10.372402530503313
COALESCE QM_ASSIGN,7.887495880715313
CONCAT ADD,6.543761134014217
CONCAT ASSIGN,2.870032102025502
CONCAT ASSIGN_DIM,4.160464660637
CONCAT ASSIGN_DIM_OP,5.81502300835157
CONCAT ASSIGN_OBJ,5.386515406096251
CONCAT ASSIGN_OBJ_OP,6.846042005887152
CONCAT ASSIGN_OP,3.739084097222936
CONCAT BEGIN_SILENCE,4.944519959600632
CONCAT BOOL,6.294865086597594
CONCAT BOOL_NOT,6.536540886040731
CONCAT BW_AND,6.770534453379006
CONCAT BW_OR,7.088988184497541
CONCAT BW_XOR,6.89630384066804
CONCAT CASE,9.525104670116109
CONCAT CAST,6.565740040732993
CONCAT CHECK_FUNC_ARG,4.795191597536574
CONCAT CONCAT,2.590846571267973
CONCAT COUNT,6.573175019220511
CONCAT DEFINED,10.777867638611477
CONCAT DIV,6.2892312688793375
CONCAT DO_FCALL,5.094287871272796
CONCAT ECHO,3.296030286228335
CONCAT END_SILENCE,8.906065461709886
CONCAT FETCH_CLASS,10.084720458051532
CONCAT FETCH_CONSTANT,4.635830233024121
CONCAT FETCH_DIM_IS,7.887495880715313
CONCAT FETCH_DIM_R,3.733398536313518
CONCAT FETCH_DIM_RW,7.944654294555261
CONCAT FETCH_DIM_W,6.152894825327206
CONCAT FETCH_FUNC_ARG,7.040198020328109
CONCAT FETCH_GLOBALS,10.372402530503313
CONCAT FETCH_IS,5.3397883296882815
CONCAT FETCH_LIST_R,10.777867638611477
CONCAT FETCH_OBJ_IS,8.335520603242273
CONCAT FETCH_OBJ_R,4.486298499053158
CONCAT FETCH_OBJ_RW,8.379972365813106
CONCAT FETCH_OBJ_UNSET,10.777867638611477
CONCAT FETCH_OBJ_W,5.636204082108818
CONCAT FETCH_R,4.090135783607306
CONCAT FETCH_RW,6.60348036871584
CONCAT FETCH_THIS,8.005278916371696
CONCAT FETCH_UNSET,10.372402530503313
CONCAT FETCH_W,5.003316093067069
CONCAT FE_FREE,8.005278916371696
CONCAT FE_RESET_R,9.861576906737323
CONCAT FREE,6.875894969036833
CONCAT GET_CLASS,10.777867638611477
CONCAT INCLUDE_OR_EVAL,4.149826262431944
CONCAT INIT_ARRAY,4.676428238294923
CONCAT INIT_FCALL,3.8094877378129053
CONCAT INIT_USER_CALL,5.97384659387822
CONCAT IN_ARRAY,10.777867638611477
CONCAT IS_EQUAL,6.162747121770217
CONCAT IS_IDENTICAL,7.312131735811751
CONCAT IS_NOT_EQUAL,5.953561922706715
CONCAT IS_SMALLER,8.580643061275257
CONCAT JMPNZ,9.679255349943368
CONCAT JMPNZ_EX,7.445663128436273
CONCAT JMPZ,5.234645228967718
CONCAT JMPZ_EX,7.343880434126331
CONCAT JMP_FRAMELESS,6.743627000459082
CONCAT JMP_SET,10.777867638611477
CONCAT JOIN,10.777867638611477
CONCAT MOD,8.335520603242273
CONCAT MUL,6.6347329122199445
CONCAT NEW,10.084720458051532
CONCAT NOP,5.624576044113698
CONCAT OP_DATA,4.56827208201283
CONCAT POST_INC,7.579194521060796
CONCAT POST_INC_OBJ,10.777867638611477
CONCAT PRE_DEC,9.525104670116109
CONCAT PRE_INC,8.475282545617432
CONCAT QM_ASSIGN,4.228216896377667
CONCAT RETURN,3.952950637938345
CONCAT ROPE_INIT,4.177997139398641
CONCAT SEND_FUNC_ARG,7.974507257704942
CONCAT SEND_UNPACK,10.777867638611477
CONCAT SEND_USER,9.861576906737323
CONCAT SEND_VAL,3.311068163592875
CONCAT SEND_VAL_EX,3.022528825764976
CONCAT SEND_VAR,9.391573277491586
CONCAT SEND_VAR_EX,4.500284741027897
CONCAT SR,9.525104670116109
CONCAT STRLEN,6.192900159940906
CONCAT SUB,6.11442854449941
CONCAT TYPE_CHECK,6.875894969036833
CONCAT UNSET_DIM,9.679255349943368
COUNT ADD,5.857886712783352
COUNT ASSIGN,4.441041907465037
COUNT ASSIGN_DIM,7.32788009277989
COUNT ASSIGN_OBJ,7.915666757682009
COUNT ASSIGN_OBJ_OP,10.777867638611477
COUNT ASSIGN_OP,8.526575840004982
COUNT BOOL,6.683523076389377
COUNT BOOL_NOT,7.393477375265703
COUNT BW_AND,10.777867638611477
COUNT CASE,9.525104670116109
COUNT CAST,9.073119546373052
COUNT CONCAT,5.770571245780736
COUNT COUNT,6.675224273574681
COUNT DIV,6.395841003937596
COUNT DO_FCALL,10.777867638611477
COUNT ECHO,8.252138994303222
COUNT END_SILENCE,5.487078538484232
COUNT FETCH_CONSTANT,8.138810308996218
COUNT FETCH_DIM_R,6.798185984709517
COUNT FETCH_DIM_W,10.084720458051532
COUNT FETCH_OBJ_R,7.445663128436273
COUNT FETCH_OBJ_UNSET,10.777867638611477
COUNT FETCH_OBJ_W,9.679255349943368
COUNT FETCH_R,9.168429726177378
COUNT FETCH_W,7.519771100589995
COUNT FREE,10.777867638611477
COUNT INIT_ARRAY,8.762964618069212
COUNT INIT_FCALL,9.679255349943368
COUNT IS_EQUAL,5.125378458342826
COUNT IS_IDENTICAL,6.788883592047203
COUNT IS_NOT_EQUAL,6.960155312654573
COUNT IS_SMALLER,4.181404297720254
COUNT JMPNZ,7.208334942130107
COUNT JMPNZ_EX,6.836285830941787
COUNT JMPZ,5.684117437804715
COUNT JMPZ_EX,8.475282545617432
COUNT MOD,8.762964618069212
COUNT MUL,8.005278916371696
COUNT OP_DATA,10.084720458051532
COUNT QM_ASSIGN,7.500722905619301
COUNT RETURN,7.410571808625003
COUNT ROPE_INIT,9.679255349943368
COUNT SEND_VAL,5.818525638902772
COUNT SEND_VAL_EX,7.1402814788850915
COUNT SEND_VAR_EX,10.372402530503313
COUNT SR,10.372402530503313
COUNT STRLEN,10.372402530503313
COUNT SUB,4.818151789818076
COUNT SWITCH_LONG,10.372402530503313
DECLARE_CLASS ASSIGN,8.103718989184948
DECLARE_CLASS ASSIGN_DIM,9.861576906737323
DECLARE_CLASS BEGIN_SILENCE,9.391573277491586
DECLARE_CLASS BOOL_NOT,9.525104670116109
DECLARE_CLASS DECLARE_CLASS,6.683523076389377
DECLARE_CLASS DO_FCALL,10.084720458051532
DECLARE_CLASS ECHO,10.084720458051532
DECLARE_CLASS FETCH_CONSTANT,10.372402530503313
DECLARE_CLASS FETCH_DIM_R,10.777867638611477
DECLARE_CLASS FETCH_IS,9.679255349943368
DECLARE_CLASS FETCH_R,8.252138994303222
DECLARE_CLASS FETCH_W,10.084720458051532
DECLARE_CLASS FE_RESET_R,10.777867638611477
DECLARE_CLASS INIT_FCALL,8.906065461709886
DECLARE_CLASS JMP,7.887495880715313
DECLARE_CLASS JMPZ,8.762964618069212
DECLARE_CLASS JMP_FRAMELESS,9.861576906737323
DECLARE_CLASS NEW,6.123907288453954
DECLARE_CLASS RETURN,1.8970040287441208
DECLARE_CLASS SEND_VAL_EX,8.698426096931641
DECLARE_CONST DECLARE_CONST,10.372402530503313
DECLARE_CONST FETCH_IS,10.777867638611477
DECLARE_CONST RETURN,10.372402530503313
DECLARE_CONST SEND_VAL_EX,10.777867638611477
DEFINED BOOL,7.620867217461364
DEFINED BOOL_NOT,4.226787303568073
DEFINED JMPNZ,10.372402530503313
DEFINED JMPNZ_EX,6.421158811921885
DEFINED JMPZ,6.626827732712831
DEFINED JMPZ_EX,7.114305992481831
DEFINED SEND_VAL_EX,10.372402530503313
DEFINED TYPE_CHECK,9.861576906737323
DIV ADD,6.347050839768164
DIV ASSIGN,5.141293913648727
DIV ASSIGN_DIM,8.252138994303222
DIV ASSIGN_OBJ,9.391573277491586
DIV ASSIGN_OP,9.273790241835203
DIV CAST,5.705823716386578
DIV CONCAT,5.705823716386578
DIV DIV,5.520372266583696
DIV DO_FCALL,10.372402530503313
DIV ECHO,8.906065461709886
DIV FETCH_CONSTANT,10.777867638611477
DIV FETCH_DIM_R,8.698426096931641
DIV FETCH_DIM_W,9.525104670116109
DIV FETCH_OBJ_R,8.906065461709886
DIV FETCH_OBJ_RW,10.777867638611477
DIV FETCH_OBJ_W,10.084720458051532
DIV FETCH_R,9.861576906737323
DIV FETCH_W,8.475282545617432
DIV INIT_ARRAY,9.679255349943368
DIV INIT_FCALL,7.393477375265703
DIV IS_EQUAL,9.861576906737323
DIV IS_NOT_EQUAL,10.777867638611477
DIV IS_SMALLER,6.9712051488411575
DIV JMPNZ,10.372402530503313
DIV JMPNZ_EX,10.372402530503313
DIV JMPZ,9.679255349943368
DIV MOD,8.426492381448
DIV MUL,5.094287871272796
DIV NOP,9.273790241835203
DIV OP_DATA,9.679255349943368
DIV QM_ASSIGN,8.138810308996218
DIV RETURN,8.252138994303222
DIV SEND_FUNC_ARG,10.777867638611477
DIV SEND_VAL,4.3179631842339425
DIV SEND_VAL_EX,6.427589702252176
DIV SEND_VAR_EX,10.084720458051532
DIV STRLEN,9.168429726177378
DIV SUB,7.32788009277989
DIV TYPE_CHECK,9.273790241835203
DO_FCALL ADD,5.5602181751308954
DO_FCALL ASSIGN,2.133249158940001
DO_FCALL ASSIGN_DIM,3.7156760063249212
DO_FCALL ASSIGN_DIM_OP,7.70981470347786
DO_FCALL ASSIGN_OBJ,3.5030416395084876
DO_FCALL ASSIGN_OBJ_OP,7.463681633938951
DO_FCALL ASSIGN_OBJ_REF,10.777867638611477
DO_FCALL ASSIGN_OP,4.497471799651282
DO_FCALL ASSIGN_REF,7.101566966704401
DO_FCALL BEGIN_SILENCE,4.795191597536574
DO_FCALL BIND_GLOBAL,7.599813808263532
DO_FCALL BIND_LEXICAL,7.860096906527198
DO_FCALL BIND_STATIC,9.679255349943368
DO_FCALL BOOL,3.8537470055430756
DO_FCALL BOOL_NOT,3.2149266853565135
DO_FCALL BW_AND,7.360140954998111
DO_FCALL BW_NOT,9.073119546373052
DO_FCALL BW_OR,9.273790241835203
DO_FCALL BW_XOR,7.076565664498983
DO_FCALL CASE,6.267008132094627
DO_FCALL CAST,4.822030269146646
DO_FCALL CHECK_FUNC_ARG,3.8821849408636093
DO_FCALL CLONE,8.580643061275257
DO_FCALL COALESCE,10.372402530503313
DO_FCALL CONCAT,2.958633184752407
DO_FCALL COUNT,6.095736411487257
DO_FCALL DECLARE_CLASS,6.683523076389377
DO_FCALL DEFINED,8.637801475115207
DO_FCALL DIV,6.329351262668762
DO_FCALL DO_FCALL,2.5790906790168817
DO_FCALL ECHO,2.9789343285702605
DO_FCALL END_SILENCE,3.9855232111406678
DO_FCALL FAST_CALL,9.073119546373052
DO_FCALL FAST_CONCAT,8.426492381448
DO_FCALL FAST_RET,9.391573277491586
DO_FCALL FETCH_CLASS,8.379972365813106
DO_FCALL FETCH_CONSTANT,4.368515463396774
DO_FCALL FETCH_DIM_IS,7.807453173041776
DO_FCALL FETCH_DIM_R,4.41139719088004
DO_FCALL FETCH_DIM_RW,7.782135365057486
DO_FCALL FETCH_DIM_UNSET,7.153526705635112
DO_FCALL FETCH_DIM_W,5.164739532223407
DO_FCALL FETCH_FUNC_ARG,8.292960988823477
DO_FCALL FETCH_GLOBALS,10.372402530503313
DO_FCALL FETCH_IS,4.8931534614503756
DO_FCALL FETCH_LIST_R,4.654278938576454
DO_FCALL FETCH_OBJ_IS,6.218741391124793
DO_FCALL FETCH_OBJ_R,3.498893690249767
DO_FCALL FETCH_OBJ_RW,9.525104670116109
DO_FCALL FETCH_OBJ_UNSET,8.005278916371696
DO_FCALL FETCH_OBJ_W,4.736423159198475
DO_FCALL FETCH_R,4.74598117700458
DO_FCALL FETCH_RW,6.487408197463086
DO_FCALL FETCH_THIS,5.544088793201012
DO_FCALL FETCH_UNSET,7.887495880715313
DO_FCALL FETCH_W,4.771514479009745
DO_FCALL FE_FREE,6.32352034235797
DO_FCALL FE_RESET_R,4.400290711911145
DO_FCALL FE_RESET_RW,9.861576906737323
DO_FCALL FREE,5.4260095051354105
DO_FCALL FUNC_GET_ARGS,9.525104670116109
DO_FCALL FUNC_NUM_ARGS,9.861576906737323
DO_FCALL GET_CLASS,9.391573277491586
DO_FCALL INCLUDE_OR_EVAL,5.143078035442228
DO_FCALL INIT_ARRAY,3.6417822816278305
DO_FCALL INIT_FCALL,3.6720815091302055
DO_FCALL INIT_USER_CALL,8.037027614686277
DO_FCALL INSTANCEOF,6.817054469013899
DO_FCALL IN_ARRAY,7.599813808263532
DO_FCALL IS_EQUAL,4.128235629839576
DO_FCALL IS_IDENTICAL,5.143078035442228
DO_FCALL IS_NOT_EQUAL,4.849609167407287
DO_FCALL IS_SMALLER,4.548370927695535
DO_FCALL JMP,2.91057058576087
DO_FCALL JMPNZ,5.6159428969689955
DO_FCALL JMPNZ_EX,4.94892202100127
DO_FCALL JMPZ,2.9640740042195364
DO_FCALL JMPZ_EX,4.347342033966815
DO_FCALL JMP_FRAMELESS,6.198015260607676
DO_FCALL JMP_SET,7.114305992481831
DO_FCALL MAKE_REF,9.525104670116109
DO_FCALL MOD,7.887495880715313
DO_FCALL MUL,6.473802545407308
DO_FCALL NEW,4.585505149136605
DO_FCALL NOP,5.497205207302161
DO_FCALL OP_DATA,4.743583094320567
DO_FCALL POST_DEC,10.084720458051532
DO_FCALL POST_INC,8.831957489556164
DO_FCALL PRE_DEC,8.762964618069212
DO_FCALL PRE_DEC_OBJ,8.831957489556164
DO_FCALL PRE_INC,5.26041474214677
DO_FCALL PRE_INC_OBJ,7.887495880715313
DO_FCALL QM_ASSIGN,3.9649726406533
DO_FCALL RECV,10.372402530503313
DO_FCALL RETURN,2.180201063045363
DO_FCALL RETURN_BY_REF,10.084720458051532
DO_FCALL ROPE_ADD,7.519771100589995
DO_FCALL ROPE_END,8.637801475115207
DO_FCALL ROPE_INIT,4.90998415327485
DO_FCALL SEND_ARRAY,10.372402530503313
DO_FCALL SEND_FUNC_ARG,5.832660149837677
DO_FCALL SEND_REF,9.391573277491586
DO_FCALL SEND_UNPACK,9.679255349943368
DO_FCALL SEND_USER,8.762964618069212
DO_FCALL SEND_VAL,6.726082690808172
DO_FCALL SEND_VAL_EX,2.784923091293371
DO_FCALL SEND_VAR,3.5393707977171123
DO_FCALL SEND_VAR_EX,3.1660252390310606
DO_FCALL SEND_VAR_NO_REF,7.519771100589995
DO_FCALL SEPARATE,7.016667522917915
DO_FCALL SL,8.762964618069212
DO_FCALL SR,8.103718989184948
DO_FCALL STRLEN,6.467068513225963
DO_FCALL SUB,5.414230805942798
DO_FCALL SWITCH_LONG,9.525104670116109
DO_FCALL SWITCH_STRING,6.447134298325146
DO_FCALL THROW,3.973807595968105
DO_FCALL TICKS,10.777867638611477
DO_FCALL TYPE_CHECK,4.615606020561494
DO_FCALL UNSET_CV,6.414769013823114
DO_FCALL UNSET_DIM,7.028363562681106
DO_FCALL UNSET_OBJ,8.831957489556164
DO_FCALL UNSET_VAR,10.372402530503313
DO_FCALL YIELD,9.168429726177378
DO_ICALL ADD,5.148449579244138
DO_ICALL ASSERT_CHECK,8.831957489556164
DO_ICALL ASSIGN,2.5162120663204535
DO_ICALL ASSIGN_DIM,4.340916309045845
DO_ICALL ASSIGN_DIM_OP,8.986108169383423
DO_ICALL ASSIGN_OBJ,4.897334652210777
DO_ICALL ASSIGN_OBJ_OP,8.475282545617432
DO_ICALL ASSIGN_OP,4.332941785127075
DO_ICALL BEGIN_SILENCE,4.35299861470609
DO_ICALL BIND_GLOBAL,6.683523076389377
DO_ICALL BIND_STATIC,10.777867638611477
DO_ICALL BOOL,3.8567026727194222
DO_ICALL BOOL_NOT,3.5556666499083445
DO_ICALL BW_AND,7.208334942130107
DO_ICALL BW_NOT,7.782135365057486
DO_ICALL BW_OR,7.944654294555261
DO_ICALL BW_XOR,6.22926780411178
DO_ICALL CASE,8.475282545617432
DO_ICALL CAST,5.836225216002173
DO_ICALL CHECK_FUNC_ARG,5.731221906992189
DO_ICALL CONCAT,3.235124093242927
DO_ICALL COUNT,5.618812339396948
DO_ICALL DECLARE_CLASS,6.294865086597594
DO_ICALL DECLARE_CONST,10.777867638611477
DO_ICALL DEFINED,6.551033893343297
DO_ICALL DIV,5.094287871272796
DO_ICALL DO_FCALL,3.8711128599629236
DO_ICALL ECHO,3.344496650390714
DO_ICALL END_SILENCE,3.5838062333574903
DO_ICALL FETCH_CLASS,10.372402530503313
DO_ICALL FETCH_CONSTANT,5.132420740968239
DO_ICALL FETCH_DIM_IS,7.558991813743276
DO_ICALL FETCH_DIM_R,4.465225799917921
DO_ICALL FETCH_DIM_RW,8.906065461709886
DO_ICALL FETCH_DIM_UNSET,9.391573277491586
DO_ICALL FETCH_DIM_W,6.218741391124793
DO_ICALL FETCH_FUNC_ARG,9.525104670116109
DO_ICALL FETCH_IS,4.3977451017117115
DO_ICALL FETCH_LIST_R,5.082453413625792
DO_ICALL FETCH_OBJ_IS,7.860096906527198
DO_ICALL FETCH_OBJ_R,5.433143899249285
DO_ICALL FETCH_OBJ_RW,9.391573277491586
DO_ICALL FETCH_OBJ_UNSET,8.069817437509268
DO_ICALL FETCH_OBJ_W,5.8688959982917215
DO_ICALL FETCH_R,4.15712798753796
DO_ICALL FETCH_RW,7.153526705635112
DO_ICALL FETCH_THIS,8.335520603242273
DO_ICALL FETCH_UNSET,5.921938734276202
DO_ICALL FETCH_W,4.536617609242864
DO_ICALL FE_FREE,8.426492381448
DO_ICALL FE_RESET_R,4.525000828072195
DO_ICALL FE_RESET_RW,10.372402530503313
DO_ICALL FREE,7.028363562681106
DO_ICALL FUNC_GET_ARGS,10.372402530503313
DO_ICALL FUNC_NUM_ARGS,10.372402530503313
DO_ICALL GET_CLASS,9.679255349943368
DO_ICALL INCLUDE_OR_EVAL,4.401991392593163
DO_ICALL INIT_ARRAY,4.938680526949073
DO_ICALL INIT_FCALL,3.189543961276255
DO_ICALL INIT_USER_CALL,9.168429726177378
DO_ICALL INSTANCEOF,10.777867638611477
DO_ICALL IN_ARRAY,7.519771100589995
DO_ICALL IS_EQUAL,4.003643752253863
DO_ICALL IS_IDENTICAL,5.474562730552401
DO_ICALL IS_NOT_EQUAL,5.004870094933803
DO_ICALL IS_SMALLER,5.130655515443671
DO_ICALL JMP,3.657423266218989
DO_ICALL JMPNZ,5.596084088319392
DO_ICALL JMPNZ_EX,5.0461457952660345
DO_ICALL JMPZ,3.371460536795058
DO_ICALL JMPZ_EX,4.52211759685811
DO_ICALL JMP_FRAMELESS,9.525104670116109
DO_ICALL JMP_SET,8.762964618069212
DO_ICALL MOD,7.664352329401103
DO_ICALL MUL,5.49975297938096
DO_ICALL NEW,6.402110616951191
DO_ICALL NOP,6.256079061562437
DO_ICALL OFF,9.861576906737323
DO_ICALL OP_DATA,4.528858113471953
DO_ICALL POST_DEC,7.860096906527198
DO_ICALL POST_INC,10.777867638611477
DO_ICALL PRE_DEC,7.833428659445037
DO_ICALL PRE_DEC_OBJ,10.372402530503313
DO_ICALL PRE_INC,5.359547479668744
DO_ICALL PRE_INC_OBJ,9.679255349943368
DO_ICALL QM_ASSIGN,4.309392816232235
DO_ICALL RETURN,3.1709831073918475
DO_ICALL RETURN_BY_REF,10.372402530503313
DO_ICALL ROPE_INIT,5.423642640125145
DO_ICALL SEND_ARRAY,9.861576906737323
DO_ICALL SEND_FUNC_ARG,7.860096906527198
DO_ICALL SEND_USER,9.273790241835203
DO_ICALL SEND_VAL,5.440329558910159
DO_ICALL SEND_VAL_EX,4.37927270407627
DO_ICALL SEND_VAR,3.258446420937278
DO_ICALL SEND_VAR_EX,4.771514479009745
DO_ICALL SEND_VAR_NO_REF,6.807575725059356
DO_ICALL SEPARATE,10.777867638611477
DO_ICALL SL,8.292960988823477
DO_ICALL SR,9.391573277491586
DO_ICALL STRLEN,5.8763034395695835
DO_ICALL SUB,5.02370895663021
DO_ICALL SWITCH_LONG,5.767232344515222
DO_ICALL SWITCH_STRING,6.402110616951191
DO_ICALL THROW,9.525104670116109
DO_ICALL TICKS,8.526575840004982
DO_ICALL TYPE_CHECK,5.090892282271657
DO_ICALL UNSET_CV,7.312131735811751
DO_ICALL UNSET_DIM,7.579194521060796
DO_ICALL UNSET_OBJ,10.777867638611477
ECHO ADD,6.691891326059893
ECHO ASSERT_CHECK,8.335520603242273
ECHO ASSIGN,3.8938928882947437
ECHO ASSIGN_DIM,7.757442752467115
ECHO ASSIGN_OBJ,9.273790241835203
ECHO ASSIGN_OP,7.076565664498983
ECHO BEGIN_SILENCE,4.314058454555786
ECHO BIND_GLOBAL,8.21291828114994
ECHO BOOL,6.032935510248227
ECHO BOOL_NOT,4.653184247717272
ECHO BW_AND,7.519771100589995
ECHO BW_XOR,10.372402530503313
ECHO CAST,6.551033893343297
ECHO CHECK_FUNC_ARG,4.9652307590431946
ECHO CONCAT,4.286385666454108
ECHO COUNT,5.512590126141641
ECHO DECLARE_CLASS,9.273790241835203
ECHO DEFINED,8.831957489556164
ECHO DIV,7.312131735811751
ECHO DO_FCALL,4.087025361192914
ECHO ECHO,2.9277640934358953
ECHO END_SILENCE,7.005106700516839
ECHO FETCH_CLASS,10.777867638611477
ECHO FETCH_CONSTANT,4.7187444430296805
ECHO FETCH_DIM_IS,8.21291828114994
ECHO FETCH_DIM_R,4.434866325420886
ECHO FETCH_DIM_RW,8.426492381448
ECHO FETCH_DIM_UNSET,10.777867638611477
ECHO FETCH_DIM_W,10.372402530503313
ECHO FETCH_IS,4.2246467390689615
ECHO FETCH_OBJ_IS,7.70981470347786
ECHO FETCH_OBJ_R,4.729314124519368
ECHO FETCH_OBJ_UNSET,8.831957489556164
ECHO FETCH_OBJ_W,9.391573277491586
ECHO FETCH_R,3.9655225444339983
ECHO FETCH_RW,6.133476739470105
ECHO FETCH_THIS,5.074085163955276
ECHO FETCH_UNSET,8.069817437509268
ECHO FETCH_W,5.883766160771173
ECHO FE_FREE,9.679255349943368
ECHO FE_RESET_R,4.008225661758974
ECHO FE_RESET_RW,9.391573277491586
ECHO FREE,6.993678004693216
ECHO FUNC_GET_ARGS,10.084720458051532
ECHO GET_CLASS,9.861576906737323
ECHO IMAGE,10.777867638611477
ECHO IN,10.372402530503313
ECHO INCLUDE_OR_EVAL,5.301404086679967
ECHO INIT_ARRAY,6.011429305027264
ECHO INIT_FCALL,3.1961479984861687
ECHO INSTANCEOF,9.168429726177378
ECHO IN_ARRAY,9.525104670116109
ECHO IS_EQUAL,4.423497597814126
ECHO IS_IDENTICAL,8.138810308996218
ECHO IS_NOT_EQUAL,4.99404245628174
ECHO IS_SMALLER,6.770534453379006
ECHO JMP,3.1605998249831306
ECHO JMPNZ,8.379972365813106
ECHO JMPNZ_EX,5.801133896190903
ECHO JMPZ,4.15712798753796
ECHO JMPZ_EX,4.938680526949073
ECHO JMP_FRAMELESS,9.391573277491586
ECHO MOD,8.906065461709886
ECHO MUL,7.208334942130107
ECHO NEW,6.182747788476887
ECHO NOP,5.074085163955276
ECHO OP_DATA,6.032935510248227
ECHO POST_DEC,8.831957489556164
ECHO POST_INC,7.70981470347786
ECHO PRE_DEC,7.944654294555261
ECHO PRE_INC,4.417429091977747
ECHO QM_ASSIGN,8.292960988823477
ECHO RETURN,2.5059358037630686
ECHO ROPE_INIT,4.605123744287985
ECHO SEND_VAL,9.861576906737323
ECHO SEND_VAL_EX,3.746568173537885
ECHO SEND_VAR,10.372402530503313
ECHO SEND_VAR_EX,4.087646672179039
ECHO STRLEN,6.855894302330163
ECHO SUB,7.70981470347786
ECHO SWITCH_STRING,7.281360077144997
ECHO TICKS,10.372402530503313
ECHO TYPE_CHECK,5.757282013662054
ECHO UNSET_CV,7.32788009277989
ECHO UNSET_DIM,8.831957489556164
ECHO UNSET_OBJ,10.777867638611477
ECHO UNSET_VAR,10.777867638611477
END_SILENCE ADD,7.599813808263532
END_SILENCE ASSERT_CHECK,10.777867638611477
END_SILENCE ASSIGN,3.729046919350737
END_SILENCE ASSIGN_DIM,5.5548127565639875
END_SILENCE ASSIGN_OBJ,5.322546523253775
END_SILENCE ASSIGN_OP,5.721621833263169
END_SILENCE BEGIN_SILENCE,4.112183920829069
END_SILENCE BIND_GLOBAL,10.777867638611477
END_SILENCE BOOL,4.950393691612726
END_SILENCE BOOL_NOT,4.513517448294472
END_SILENCE BW_AND,10.084720458051532
END_SILENCE BW_OR,10.372402530503313
END_SILENCE BW_XOR,9.073119546373052
END_SILENCE CAST,6.278057968281212
END_SILENCE CHECK_FUNC_ARG,7.539189186447096
END_SILENCE CONCAT,4.682043076179252
END_SILENCE COUNT,7.463681633938951
END_SILENCE DECLARE_CLASS,8.637801475115207
END_SILENCE DEFINED,7.944654294555261
END_SILENCE DIV,6.272517787905596
END_SILENCE DO_FCALL,4.877970285028986
END_SILENCE ECHO,4.507824833301185
END_SILENCE END_SILENCE,6.267008132094627
END_SILENCE FAST_RET,10.777867638611477
END_SILENCE FETCH_CONSTANT,7.052174211374824
END_SILENCE FETCH_DIM_R,5.6130816646879635
END_SILENCE FETCH_DIM_W,7.664352329401103
END_SILENCE FETCH_IS,5.8688959982917215
END_SILENCE FETCH_LIST_R,6.208324630266537
END_SILENCE FETCH_OBJ_IS,10.777867638611477
END_SILENCE FETCH_OBJ_R,6.515187761570162
END_SILENCE FETCH_OBJ_UNSET,10.777867638611477
END_SILENCE FETCH_OBJ_W,6.846042005887152
END_SILENCE FETCH_R,5.252414699479694
END_SILENCE FETCH_RW,8.637801475115207
END_SILENCE FETCH_THIS,9.273790241835203
END_SILENCE FETCH_UNSET,8.379972365813106
END_SILENCE FETCH_W,5.375190256739198
END_SILENCE FE_FREE,9.073119546373052
END_SILENCE FE_RESET_R,6.162747121770217
END_SILENCE FREE,5.479550272063441
END_SILENCE INCLUDE_OR_EVAL,8.475282545617432
END_SILENCE INIT_ARRAY,7.088988184497541
END_SILENCE INIT_FCALL,4.274328248337072
END_SILENCE INSTANCEOF,10.372402530503313
END_SILENCE IN_ARRAY,9.679255349943368
END_SILENCE IS_EQUAL,5.092588635519836
END_SILENCE IS_IDENTICAL,7.757442752467115
END_SILENCE IS_NOT_EQUAL,5.633284372005482
END_SILENCE IS_SMALLER,6.109722653461997
END_SILENCE JMP,4.593718747673995
END_SILENCE JMPNZ,6.383418483939039
END_SILENCE JMPNZ_EX,5.230738974000653
END_SILENCE JMPZ,4.218960867318609
END_SILENCE JMPZ_EX,5.236604093453051
END_SILENCE JMP_FRAMELESS,9.679255349943368
END_SILENCE JMP_SET,8.986108169383423
END_SILENCE MUL,10.777867638611477
END_SILENCE NEW,7.194348700155367
END_SILENCE NOP,8.831957489556164
END_SILENCE OP_DATA,5.517771484883638
END_SILENCE PRE_DEC,10.777867638611477
END_SILENCE PRE_INC,6.779666936942279
END_SILENCE QM_ASSIGN,5.681054648274169
END_SILENCE RETURN,4.126941968598357
END_SILENCE ROPE_INIT,6.551033893343297
END_SILENCE SEND_FUNC_ARG,9.861576906737323
END_SILENCE SEND_VAL,5.440329558910159
END_SILENCE SEND_VAL_EX,5.307700015136781
END_SILENCE SEND_VAR,4.658669724993944
END_SILENCE SEND_VAR_EX,6.329351262668762
END_SILENCE SEND_VAR_NO_REF,10.372402530503313
END_SILENCE SL,10.777867638611477
END_SILENCE SR,9.861576906737323
END_SILENCE STRLEN,7.974507257704942
END_SILENCE SUB,6.487408197463086
END_SILENCE SWITCH_STRING,8.831957489556164
END_SILENCE TYPE_CHECK,5.440329558910159
END_SILENCE UNSET_CV,8.637801475115207
END_SILENCE UNSET_DIM,8.037027614686277
FAST_CALL JMP,8.762964618069212
FAST_CALL RETURN,9.525104670116109
FAST_CONCAT ADD,10.372402530503313
FAST_CONCAT ASSIGN,4.819442945581695
FAST_CONCAT ASSIGN_DIM,6.440576897778987
FAST_CONCAT ASSIGN_DIM_OP,8.637801475115207
FAST_CONCAT ASSIGN_OBJ,8.698426096931641
FAST_CONCAT ASSIGN_OBJ_OP,8.21291828114994
FAST_CONCAT ASSIGN_OP,5.839803037350057
FAST_CONCAT BEGIN_SILENCE,8.762964618069212
FAST_CONCAT BOOL,10.777867638611477
FAST_CONCAT BOOL_NOT,7.944654294555261
FAST_CONCAT CAST,9.391573277491586
FAST_CONCAT CHECK_FUNC_ARG,8.831957489556164
FAST_CONCAT CONCAT,5.064134833102108
FAST_CONCAT COUNT,10.084720458051532
FAST_CONCAT DO_FCALL,8.138810308996218
FAST_CONCAT ECHO,4.717576900573643
FAST_CONCAT FETCH_CONSTANT,8.292960988823477
FAST_CONCAT FETCH_DIM_IS,10.372402530503313
FAST_CONCAT FETCH_DIM_R,7.028363562681106
FAST_CONCAT FETCH_DIM_RW,10.777867638611477
FAST_CONCAT FETCH_DIM_W,7.944654294555261
FAST_CONCAT FETCH_IS,9.679255349943368
FAST_CONCAT FETCH_OBJ_R,8.426492381448
FAST_CONCAT FETCH_OBJ_W,7.482030772607148
FAST_CONCAT FETCH_R,6.761484617859089
FAST_CONCAT FETCH_RW,8.21291828114994
FAST_CONCAT FETCH_UNSET,10.777867638611477
FAST_CONCAT FETCH_W,8.037027614686277
FAST_CONCAT FE_RESET_R,10.777867638611477
FAST_CONCAT INCLUDE_OR_EVAL,7.944654294555261
FAST_CONCAT INIT_ARRAY,6.203156660108094
FAST_CONCAT INIT_FCALL,6.421158811921885
FAST_CONCAT INIT_USER_CALL,10.777867638611477
FAST_CONCAT IS_EQUAL,8.252138994303222
FAST_CONCAT IS_IDENTICAL,9.861576906737323
FAST_CONCAT IS_NOT_EQUAL,8.252138994303222
FAST_CONCAT IS_SMALLER,10.777867638611477
FAST_CONCAT JMPZ,7.620867217461364
FAST_CONCAT JMPZ_EX,10.777867638611477
FAST_CONCAT JMP_FRAMELESS,10.084720458051532
FAST_CONCAT MUL,9.168429726177378
FAST_CONCAT NOP,7.166949725967252
FAST_CONCAT OP_DATA,7.500722905619301
FAST_CONCAT POST_INC,10.777867638611477
FAST_CONCAT QM_ASSIGN,6.55835993343537
FAST_CONCAT RETURN,6.875894969036833
FAST_CONCAT ROPE_INIT,8.426492381448
FAST_CONCAT SEND_FUNC_ARG,10.372402530503313
FAST_CONCAT SEND_VAL,4.620888653025922
FAST_CONCAT SEND_VAL_EX,4.315618517274688
FAST_CONCAT SEND_VAR_EX,8.005278916371696
FAST_CONCAT STRLEN,9.861576906737323
FAST_CONCAT SUB,10.777867638611477
FAST_CONCAT TYPE_CHECK,9.168429726177378
FAST_RET DO_FCALL,10.777867638611477
FAST_RET FE_RESET_R,10.777867638611477
FAST_RET INSTANCEOF,10.777867638611477
FAST_RET JMP,10.777867638611477
FAST_RET RETURN,9.073119546373052
FAST_RET SEND_VAL_EX,10.777867638611477
FETCH_CLASS CHECK_FUNC_ARG,9.273790241835203
FETCH_CLASS CONCAT,9.679255349943368
FETCH_CLASS DO_FCALL,8.379972365813106
FETCH_CLASS FETCH_DIM_R,10.372402530503313
FETCH_CLASS FETCH_OBJ_R,10.084720458051532
FETCH_CLASS FETCH_THIS,10.777867638611477
FETCH_CLASS INIT_ARRAY,10.372402530503313
FETCH_CLASS INSTANCEOF,7.974507257704942
FETCH_CLASS IS_EQUAL,10.777867638611477
FETCH_CLASS IS_SMALLER,10.777867638611477
FETCH_CLASS JMPZ,10.372402530503313
FETCH_CLASS JMP_FRAMELESS,10.372402530503313
FETCH_CLASS MUL,10.777867638611477
FETCH_CLASS NEW,5.808054339035476
FETCH_CLASS OP_DATA,10.777867638611477
FETCH_CLASS QM_ASSIGN,10.777867638611477
FETCH_CLASS RETURN,10.777867638611477
FETCH_CLASS SEND_FUNC_ARG,10.777867638611477
FETCH_CLASS SEND_UNPACK,10.777867638611477
FETCH_CLASS SEND_VAL_EX,8.580643061275257
FETCH_CLASS SEND_VAR_EX,8.831957489556164
FETCH_CLASS STRLEN,10.777867638611477
FETCH_CONSTANT ADD,7.620867217461364
FETCH_CONSTANT ASSIGN,5.636204082108818
FETCH_CONSTANT ASSIGN_DIM,6.015693703813721
FETCH_CONSTANT ASSIGN_OBJ,7.208334942130107
FETCH_CONSTANT ASSIGN_OBJ_OP,10.084720458051532
FETCH_CONSTANT ASSIGN_OP,8.21291828114994
FETCH_CONSTANT BEGIN_SILENCE,6.341116104248349
FETCH_CONSTANT BIND_LEXICAL,10.777867638611477
FETCH_CONSTANT BIND_STATIC,8.986108169383423
FETCH_CONSTANT BOOL,6.414769013823114
FETCH_CONSTANT BOOL_NOT,5.854243721504851
FETCH_CONSTANT BW_AND,6.700330194705757
FETCH_CONSTANT BW_NOT,7.208334942130107
FETCH_CONSTANT BW_OR,6.494281076750848
FETCH_CONSTANT BW_XOR,7.028363562681106
FETCH_CONSTANT CASE,6.347050839768164
FETCH_CONSTANT CAST,8.906065461709886
FETCH_CONSTANT CHECK_FUNC_ARG,9.273790241835203
FETCH_CONSTANT COALESCE,10.777867638611477
FETCH_CONSTANT CONCAT,3.7908391787348323
FETCH_CONSTANT COUNT,10.084720458051532
FETCH_CONSTANT DIV,8.426492381448
FETCH_CONSTANT DO_FCALL,7.312131735811751
FETCH_CONSTANT ECHO,5.953561922706715
FETCH_CONSTANT END_SILENCE,6.5081701889115156
FETCH_CONSTANT FETCH_CONSTANT,5.125378458342826
FETCH_CONSTANT FETCH_DIM_IS,8.698426096931641
FETCH_CONSTANT FETCH_DIM_R,5.674957068406051
FETCH_CONSTANT FETCH_DIM_RW,10.777867638611477
FETCH_CONSTANT FETCH_DIM_UNSET,10.084720458051532
FETCH_CONSTANT FETCH_DIM_W,7.114305992481831
FETCH_CONSTANT FETCH_FUNC_ARG,6.658830463799005
FETCH_CONSTANT FETCH_IS,7.281360077144997
FETCH_CONSTANT FETCH_OBJ_IS,9.391573277491586
FETCH_CONSTANT FETCH_OBJ_R,7.539189186447096
FETCH_CONSTANT FETCH_OBJ_RW,9.861576906737323
FETCH_CONSTANT FETCH_OBJ_W,8.175177953167093
FETCH_CONSTANT FETCH_R,5.350717400220472
FETCH_CONSTANT FETCH_RW,9.525104670116109
FETCH_CONSTANT FETCH_UNSET,7.807453173041776
FETCH_CONSTANT FETCH_W,7.114305992481831
FETCH_CONSTANT FE_RESET_R,10.372402530503313
FETCH_CONSTANT FREE,8.475282545617432
FETCH_CONSTANT INCLUDE_OR_EVAL,9.861576906737323
FETCH_CONSTANT INIT_ARRAY,5.982077093014736
FETCH_CONSTANT INIT_FCALL,7.194348700155367
FETCH_CONSTANT INIT_USER_CALL,10.084720458051532
FETCH_CONSTANT IN_ARRAY,10.084720458051532
FETCH_CONSTANT IS_EQUAL,5.696463273627014
FETCH_CONSTANT IS_IDENTICAL,7.088988184497541
FETCH_CONSTANT IS_NOT_EQUAL,6.60348036871584
FETCH_CONSTANT IS_SMALLER,6.927720036901419
FETCH_CONSTANT JMPNZ,9.273790241835203
FETCH_CONSTANT JMPNZ_EX,8.292960988823477
FETCH_CONSTANT JMPZ,5.696463273627014
FETCH_CONSTANT JMPZ_EX,6.383418483939039
FETCH_CONSTANT JMP_FRAMELESS,9.168429726177378
FETCH_CONSTANT JMP_SET,10.777867638611477
FETCH_CONSTANT MOD,9.525104670116109
FETCH_CONSTANT MUL,7.222519577122063
FETCH_CONSTANT NOP,8.103718989184948
FETCH_CONSTANT OP_DATA,6.447134298325146
FETCH_CONSTANT QM_ASSIGN,6.460379525075167
FETCH_CONSTANT RETURN,7.32788009277989
FETCH_CONSTANT ROPE_INIT,8.580643061275257
FETCH_CONSTANT SEND_FUNC_ARG,7.127209397317738
FETCH_CONSTANT SEND_USER,10.372402530503313
FETCH_CONSTANT SEND_VAL,5.064134833102108
FETCH_CONSTANT SEND_VAL_EX,4.108369548753599
FETCH_CONSTANT SEND_VAR_EX,8.986108169383423
FETCH_CONSTANT SL,10.372402530503313
FETCH_CONSTANT STRLEN,9.073119546373052
FETCH_CONSTANT SUB,6.536540886040731
FETCH_CONSTANT SWITCH_STRING,9.525104670116109
FETCH_CONSTANT TYPE_CHECK,7.7333452008880545
FETCH_CONSTANT UNSET_DIM,8.526575840004982
FETCH_DIM_IS ASSIGN,9.273790241835203
FETCH_DIM_IS ASSIGN_OBJ,10.777867638611477
FETCH_DIM_IS BOOL,6.473802545407308
FETCH_DIM_IS BOOL_NOT,5.1574667728943275
FETCH_DIM_IS COALESCE,7.833428659445037
FETCH_DIM_IS END_SILENCE,9.273790241835203
FETCH_DIM_IS FETCH_DIM_IS,6.467068513225963
FETCH_DIM_IS FETCH_OBJ_IS,9.273790241835203
FETCH_DIM_IS JMPNZ,9.861576906737323
FETCH_DIM_IS JMPNZ_EX,7.539189186447096
FETCH_DIM_IS JMPZ,5.173905499237487
FETCH_DIM_IS JMPZ_EX,6.157808840129635
FETCH_DIM_IS QM_ASSIGN,10.084720458051532
FETCH_DIM_IS RETURN,9.273790241835203
FETCH_DIM_IS SEND_VAL,8.526575840004982
FETCH_DIM_IS SEND_VAL_EX,9.273790241835203
FETCH_DIM_IS TYPE_CHECK,10.777867638611477
FETCH_DIM_R ADD,4.785153872103063
FETCH_DIM_R ASSIGN,2.83853058342045
FETCH_DIM_R ASSIGN_DIM,3.9771409323878633
FETCH_DIM_R ASSIGN_DIM_OP,5.887518510389723
FETCH_DIM_R ASSIGN_OBJ,5.022125425024565
FETCH_DIM_R ASSIGN_OBJ_OP,8.21291828114994
FETCH_DIM_R ASSIGN_OP,4.995582102467333
FETCH_DIM_R BEGIN_SILENCE,7.343880434126331
FETCH_DIM_R BOOL,4.257983159336554
FETCH_DIM_R BOOL_NOT,4.284870514649097
FETCH_DIM_R BOOL_XOR,10.777867638611477
FETCH_DIM_R BW_AND,6.798185984709517
FETCH_DIM_R BW_NOT,9.168429726177378
FETCH_DIM_R BW_OR,7.807453173041776
FETCH_DIM_R BW_XOR,6.807575725059356
FETCH_DIM_R CASE,6.329351262668762
FETCH_DIM_R CAST,4.153802410811584
FETCH_DIM_R CHECK_FUNC_ARG,5.1079867156309575
FETCH_DIM_R CLONE,8.526575840004982
FETCH_DIM_R CONCAT,3.14886374895852
FETCH_DIM_R COUNT,4.980291284668915
FETCH_DIM_R DIV,5.370695867151358
FETCH_DIM_R DO_FCALL,5.350717400220472
FETCH_DIM_R ECHO,4.027936444822908
FETCH_DIM_R END_SILENCE,4.7926727045170905
FETCH_DIM_R FAST_CONCAT,5.507435475552976
FETCH_DIM_R FETCH_CLASS,8.637801475115207
FETCH_DIM_R FETCH_CONSTANT,5.757282013662054
FETCH_DIM_R FETCH_DIM_IS,7.166949725967252
FETCH_DIM_R FETCH_DIM_R,3.175715959668963
FETCH_DIM_R FETCH_DIM_RW,8.906065461709886
FETCH_DIM_R FETCH_DIM_UNSET,10.777867638611477
FETCH_DIM_R FETCH_DIM_W,5.301404086679967
FETCH_DIM_R FETCH_FUNC_ARG,8.475282545617432
FETCH_DIM_R FETCH_IS,7.807453173041776
FETCH_DIM_R FETCH_LIST_R,7.664352329401103
FETCH_DIM_R FETCH_OBJ_IS,7.558991813743276
FETCH_DIM_R FETCH_OBJ_R,4.94745251302191
FETCH_DIM_R FETCH_OBJ_RW,8.986108169383423
FETCH_DIM_R FETCH_OBJ_UNSET,9.073119546373052
FETCH_DIM_R FETCH_OBJ_W,5.610228595705556
FETCH_DIM_R FETCH_R,4.879341087162764
FETCH_DIM_R FETCH_RW,8.138810308996218
FETCH_DIM_R FETCH_THIS,8.762964618069212
FETCH_DIM_R FETCH_UNSET,10.372402530503313
FETCH_DIM_R FETCH_W,4.641221081658998
FETCH_DIM_R FE_FREE,7.343880434126331
FETCH_DIM_R FE_RESET_R,4.216130009094084
FETCH_DIM_R FREE,7.281360077144997
FETCH_DIM_R GET_CLASS,8.379972365813106
FETCH_DIM_R GET_TYPE,9.391573277491586
FETCH_DIM_R INCLUDE_OR_EVAL,4.581423510816957
FETCH_DIM_R INIT_ARRAY,4.157794432081121
FETCH_DIM_R INIT_FCALL,5.344145635057237
FETCH_DIM_R INIT_USER_CALL,7.088988184497541
FETCH_DIM_R INSTANCEOF,7.052174211374824
FETCH_DIM_R IN_ARRAY,6.666993774438166
FETCH_DIM_R IS_EQUAL,3.4517310262546292
FETCH_DIM_R IS_IDENTICAL,4.935773548157764
FETCH_DIM_R IS_NOT_EQUAL,3.9776975703092776
FETCH_DIM_R IS_SMALLER,4.471592351663462
FETCH_DIM_R JMPNZ,5.784039462831602
FETCH_DIM_R JMPNZ_EX,6.501201519595422
FETCH_DIM_R JMPZ,3.774347737644961
FETCH_DIM_R JMPZ_EX,5.084135499808777
FETCH_DIM_R JMP_FRAMELESS,8.426492381448
FETCH_DIM_R JMP_SET,8.906065461709886
FETCH_DIM_R MOD,7.833428659445037
FETCH_DIM_R MUL,5.309807497476346
FETCH_DIM_R NEW,9.073119546373052
FETCH_DIM_R NOP,6.015693703813721
FETCH_DIM_R OP_DATA,4.195150218624891
FETCH_DIM_R POST_INC,10.084720458051532
FETCH_DIM_R PRE_INC,10.084720458051532
FETCH_DIM_R QM_ASSIGN,3.753218608157841
FETCH_DIM_R RETURN,4.323455547981968
FETCH_DIM_R ROPE_ADD,4.40284281878338
FETCH_DIM_R ROPE_END,5.684117437804715
FETCH_DIM_R ROPE_INIT,5.452421604675187
FETCH_DIM_R SEND_ARRAY,8.762964618069212
FETCH_DIM_R SEND_FUNC_ARG,6.846042005887152
FETCH_DIM_R SEND_USER,8.21291828114994
FETCH_DIM_R SEND_VAL,2.954221707776525
FETCH_DIM_R SEND_VAL_EX,4.780172541752859
FETCH_DIM_R SEND_VAR_EX,5.818525638902772
FETCH_DIM_R SL,6.050479819899136
FETCH_DIM_R SR,6.234572856341473
FETCH_DIM_R STRLEN,4.81428829499303
FETCH_DIM_R SUB,4.9577847082591155
FETCH_DIM_R SWITCH_LONG,6.5081701889115156
FETCH_DIM_R SWITCH_STRING,4.873869117284771
FETCH_DIM_R THROW,10.777867638611477
FETCH_DIM_R TYPE_CHECK,4.491869544102613
FETCH_DIM_R UNSET_DIM,8.526575840004982
FETCH_DIM_RW ASSIGN_DIM_OP,6.675224273574681
FETCH_DIM_RW ASSIGN_OBJ_OP,9.861576906737323
FETCH_DIM_RW FETCH_DIM_RW,8.335520603242273
FETCH_DIM_RW FETCH_OBJ_RW,10.777867638611477
FETCH_DIM_RW POST_DEC,10.777867638611477
FETCH_DIM_RW POST_INC,10.372402530503313
FETCH_DIM_RW PRE_DEC,6.329351262668762
FETCH_DIM_RW PRE_INC,5.773921332666018
FETCH_DIM_UNSET FETCH_DIM_UNSET,7.664352329401103
FETCH_DIM_UNSET FETCH_OBJ_UNSET,10.084720458051532
FETCH_DIM_UNSET UNSET_DIM,5.621690039224563
FETCH_DIM_UNSET UNSET_OBJ,10.084720458051532
FETCH_DIM_W ASSIGN_DIM,3.944835905825277
FETCH_DIM_W ASSIGN_OBJ,6.875894969036833
FETCH_DIM_W ASSIGN_OBJ_REF,10.777867638611477
FETCH_DIM_W ASSIGN_REF,6.353021006754667
FETCH_DIM_W FETCH_DIM_W,5.3819699437245765
FETCH_DIM_W FETCH_OBJ_W,8.292960988823477
FETCH_DIM_W FE_RESET_RW,8.526575840004982
FETCH_DIM_W INIT_ARRAY,9.525104670116109
FETCH_DIM_W MAKE_REF,7.558991813743276
FETCH_DIM_W RETURN_BY_REF,8.292960988823477
FETCH_DIM_W SEND_REF,5.906494411848729
FETCH_DIM_W SEND_VAL_EX,10.777867638611477
FETCH_FUNC_ARG SEND_FUNC_ARG,3.7448021686638935
FETCH_GLOBALS ASSIGN,8.526575840004982
FETCH_GLOBALS FETCH_OBJ_R,8.637801475115207
FETCH_GLOBALS FE_RESET_R,10.372402530503313
FETCH_GLOBALS SEND_VAL,8.252138994303222
FETCH_GLOBALS SEND_VAL_EX,6.993678004693216
FETCH_IS ASSIGN,7.500722905619301
FETCH_IS ASSIGN_OBJ,10.372402530503313
FETCH_IS BOOL,4.6520907538959015
FETCH_IS BOOL_NOT,3.991150688006396
FETCH_IS CAST,10.777867638611477
FETCH_IS COALESCE,10.084720458051532
FETCH_IS END_SILENCE,8.426492381448
FETCH_IS FETCH_DIM_IS,5.656884287346356
FETCH_IS FETCH_OBJ_IS,9.861576906737323
FETCH_IS FETCH_R,10.777867638611477
FETCH_IS INIT_ARRAY,8.762964618069212
FETCH_IS IS_EQUAL,8.138810308996218
FETCH_IS JMPNZ,9.073119546373052
FETCH_IS JMPNZ_EX,5.533478614088996
FETCH_IS JMPZ,3.66921441726245
FETCH_IS JMPZ_EX,4.218252401118235
FETCH_IS QM_ASSIGN,8.986108169383423
FETCH_IS RETURN,9.273790241835203
FETCH_IS SEND_VAL,8.580643061275257
FETCH_IS SEND_VAL_EX,9.679255349943368
FETCH_IS SEND_VAR_EX,10.777867638611477
FETCH_LIST_R ASSIGN,4.197228501326528
FETCH_LIST_R ASSIGN_DIM,7.1402814788850915
FETCH_LIST_R ASSIGN_OBJ,7.360140954998111
FETCH_LIST_R FETCH_DIM_W,10.372402530503313
FETCH_LIST_R FETCH_OBJ_W,10.372402530503313
FETCH_LIST_R FETCH_R,7.944654294555261
FETCH_LIST_R FETCH_W,8.005278916371696
FETCH_OBJ_IS ASSIGN,9.525104670116109
FETCH_OBJ_IS ASSIGN_OBJ,10.372402530503313
FETCH_OBJ_IS BOOL,6.294865086597594
FETCH_OBJ_IS BOOL_NOT,5.057555862004065
FETCH_OBJ_IS COALESCE,10.777867638611477
FETCH_OBJ_IS FETCH_DIM_IS,6.133476739470105
FETCH_OBJ_IS FETCH_OBJ_IS,6.383418483939039
FETCH_OBJ_IS FREE,10.777867638611477
FETCH_OBJ_IS JMPNZ,8.698426096931641
FETCH_OBJ_IS JMPNZ_EX,7.944654294555261
FETCH_OBJ_IS JMPZ,4.813003773300674
FETCH_OBJ_IS JMPZ_EX,6.250658994093097
FETCH_OBJ_IS RETURN,7.101566966704401
FETCH_OBJ_IS SEND_VAL_EX,9.525104670116109
FETCH_OBJ_IS TYPE_CHECK,9.861576906737323
FETCH_OBJ_R ADD,5.9945512672399115
FETCH_OBJ_R ASSIGN,3.9187775316106213
FETCH_OBJ_R ASSIGN_DIM,5.090892282271657
FETCH_OBJ_R ASSIGN_DIM_OP,9.391573277491586
FETCH_OBJ_R ASSIGN_OBJ,5.07909770577882
FETCH_OBJ_R ASSIGN_OBJ_OP,8.906065461709886
FETCH_OBJ_R ASSIGN_OP,6.595817495970271
FETCH_OBJ_R BEGIN_SILENCE,10.084720458051532
FETCH_OBJ_R BIND_LEXICAL,9.073119546373052
FETCH_OBJ_R BOOL,4.835068263484776
FETCH_OBJ_R BOOL_NOT,4.576344779737941
FETCH_OBJ_R BOOL_XOR,10.777867638611477
FETCH_OBJ_R BW_AND,8.005278916371696
FETCH_OBJ_R BW_NOT,10.372402530503313
FETCH_OBJ_R BW_OR,8.379972365813106
FETCH_OBJ_R BW_XOR,9.525104670116109
FETCH_OBJ_R CASE,6.011429305027264
FETCH_OBJ_R CAST,5.5548127565639875
FETCH_OBJ_R CHECK_FUNC_ARG,5.084135499808777
FETCH_OBJ_R CLONE,7.782135365057486
FETCH_OBJ_R CONCAT,3.8066681870728054
FETCH_OBJ_R COUNT,5.29099816551885
FETCH_OBJ_R DEFINED,10.777867638611477
FETCH_OBJ_R DIV,6.938415326018166
FETCH_OBJ_R DO_FCALL,3.9877704030975725
FETCH_OBJ_R ECHO,5.017389820278731
FETCH_OBJ_R END_SILENCE,6.798185984709517
FETCH_OBJ_R FAST_CONCAT,5.326829185045777
FETCH_OBJ_R FETCH_CLASS,7.664352329401103
FETCH_OBJ_R FETCH_CONSTANT,6.272517787905596
FETCH_OBJ_R FETCH_DIM_IS,8.069817437509268
FETCH_OBJ_R FETCH_DIM_R,3.840553557387796
FETCH_OBJ_R FETCH_DIM_RW,9.168429726177378
FETCH_OBJ_R FETCH_DIM_UNSET,10.372402530503313
FETCH_OBJ_R FETCH_DIM_W,6.726082690808172
FETCH_OBJ_R FETCH_FUNC_ARG,9.525104670116109
FETCH_OBJ_R FETCH_IS,8.526575840004982
FETCH_OBJ_R FETCH_LIST_R,10.084720458051532
FETCH_OBJ_R FETCH_OBJ_IS,6.798185984709517
FETCH_OBJ_R FETCH_OBJ_R,3.8562094544603487
FETCH_OBJ_R FETCH_OBJ_RW,9.525104670116109
FETCH_OBJ_R FETCH_OBJ_UNSET,8.986108169383423
FETCH_OBJ_R FETCH_OBJ_W,5.582136860838542
FETCH_OBJ_R FETCH_R,7.482030772607148
FETCH_OBJ_R FETCH_THIS,6.817054469013899
FETCH_OBJ_R FETCH_UNSET,10.372402530503313
FETCH_OBJ_R FETCH_W,7.500722905619301
FETCH_OBJ_R FE_FREE,8.986108169383423
FETCH_OBJ_R FE_RESET_R,4.40284281878338
FETCH_OBJ_R FREE,8.103718989184948
FETCH_OBJ_R GET_CLASS,8.906065461709886
FETCH_OBJ_R GET_TYPE,10.084720458051532
FETCH_OBJ_R INCLUDE_OR_EVAL,8.698426096931641
FETCH_OBJ_R INIT_ARRAY,4.598886717832436
FETCH_OBJ_R INIT_FCALL,6.487408197463086
FETCH_OBJ_R INIT_USER_CALL,7.194348700155367
FETCH_OBJ_R INSTANCEOF,6.522254928793254
FETCH_OBJ_R IN_ARRAY,7.343880434126331
FETCH_OBJ_R IS_EQUAL,4.6719589571126265
FETCH_OBJ_R IS_IDENTICAL,5.5361206235518345
FETCH_OBJ_R IS_NOT_EQUAL,5.132420740968239
FETCH_OBJ_R IS_SMALLER,5.121875827791625
FETCH_OBJ_R JMPNZ,7.620867217461364
FETCH_OBJ_R JMPNZ_EX,6.691891326059893
FETCH_OBJ_R JMPZ,4.057647483476182
FETCH_OBJ_R JMPZ_EX,5.337616776174774
FETCH_OBJ_R JMP_FRAMELESS,8.292960988823477
FETCH_OBJ_R JMP_SET,8.005278916371696
FETCH_OBJ_R MOD,8.005278916371696
FETCH_OBJ_R MUL,6.6507332535663855
FETCH_OBJ_R NEW,7.482030772607148
FETCH_OBJ_R NOP,6.267008132094627
FETCH_OBJ_R OP_DATA,5.416575472902052
FETCH_OBJ_R POST_INC_OBJ,8.698426096931641
FETCH_OBJ_R QM_ASSIGN,4.668620055847112
FETCH_OBJ_R RETURN,2.3992470970591797
FETCH_OBJ_R ROPE_ADD,4.6842978685663414
FETCH_OBJ_R ROPE_END,6.167709911112347
FETCH_OBJ_R ROPE_INIT,5.836225216002173
FETCH_OBJ_R SEND_ARRAY,9.391573277491586
FETCH_OBJ_R SEND_FUNC_ARG,7.236908314574163
FETCH_OBJ_R SEND_UNPACK,10.777867638611477
FETCH_OBJ_R SEND_USER,7.833428659445037
FETCH_OBJ_R SEND_VAL,4.080833390944992
FETCH_OBJ_R SEND_VAL_EX,4.136032940299609
FETCH_OBJ_R SEND_VAR,9.861576906737323
FETCH_OBJ_R SEND_VAR_EX,4.332147819225899
FETCH_OBJ_R SL,8.906065461709886
FETCH_OBJ_R SR,8.762964618069212
FETCH_OBJ_R STRLEN,6.0773872728190605
FETCH_OBJ_R SUB,5.737673542273677
FETCH_OBJ_R SWITCH_LONG,8.698426096931641
FETCH_OBJ_R SWITCH_STRING,5.428381985489041
FETCH_OBJ_R TYPE_CHECK,4.404547849034465
FETCH_OBJ_R UNSET_DIM,8.138810308996218
FETCH_OBJ_RW ASSIGN_DIM_OP,6.306228845247908
FETCH_OBJ_RW ASSIGN_OBJ_OP,9.273790241835203
FETCH_OBJ_RW FETCH_DIM_RW,8.103718989184948
FETCH_OBJ_RW FETCH_OBJ_RW,10.777867638611477
FETCH_OBJ_RW PRE_DEC_OBJ,10.084720458051532
FETCH_OBJ_RW PRE_INC_OBJ,9.861576906737323
FETCH_OBJ_UNSET FETCH_DIM_UNSET,7.180555378023032
FETCH_OBJ_UNSET FETCH_OBJ_UNSET,7.266322199780457
FETCH_OBJ_UNSET UNSET_DIM,5.528215444044721
FETCH_OBJ_UNSET UNSET_OBJ,8.175177953167093
FETCH_OBJ_W ASSIGN_DIM,3.608902607508674
FETCH_OBJ_W ASSIGN_OBJ,5.244478149883957
FETCH_OBJ_W ASSIGN_OBJ_REF,10.777867638611477
FETCH_OBJ_W ASSIGN_REF,7.343880434126331
FETCH_OBJ_W FETCH_DIM_W,5.0807741521060725
FETCH_OBJ_W FETCH_OBJ_W,5.642069201561215
FETCH_OBJ_W FE_RESET_RW,8.637801475115207
FETCH_OBJ_W INIT_ARRAY,9.391573277491586
FETCH_OBJ_W MAKE_REF,8.762964618069212
FETCH_OBJ_W RETURN_BY_REF,8.906065461709886
FETCH_OBJ_W SEND_REF,6.213519447143641
FETCH_OBJ_W SEND_VAL_EX,9.679255349943368
FETCH_R ADD,7.040198020328109
FETCH_R ASSIGN,5.8912849931852005
FETCH_R ASSIGN_DIM,7.360140954998111
FETCH_R ASSIGN_OBJ,7.642373422682327
FETCH_R ASSIGN_OBJ_OP,9.525104670116109
FETCH_R ASSIGN_OP,8.21291828114994
FETCH_R BEGIN_SILENCE,6.949226242122382
FETCH_R BOOL,6.365069345270842
FETCH_R BOOL_NOT,5.479550272063441
FETCH_R BW_AND,7.266322199780457
FETCH_R BW_NOT,10.084720458051532
FETCH_R BW_OR,8.762964618069212
FETCH_R CASE,10.372402530503313
FETCH_R CAST,7.463681633938951
FETCH_R CHECK_FUNC_ARG,6.7525159478763275
FETCH_R CONCAT,5.301404086679967
FETCH_R COUNT,5.902670315410326
FETCH_R DIV,7.642373422682327
FETCH_R DO_FCALL,7.028363562681106
FETCH_R ECHO,6.675224273574681
FETCH_R END_SILENCE,6.875894969036833
FETCH_R FETCH_CONSTANT,8.252138994303222
FETCH_R FETCH_DIM_R,2.790173336226852
FETCH_R FETCH_DIM_W,10.372402530503313
FETCH_R FETCH_FUNC_ARG,6.917137927570882
FETCH_R FETCH_GLOBALS,8.986108169383423
FETCH_R FETCH_IS,7.088988184497541
FETCH_R FETCH_OBJ_IS,10.372402530503313
FETCH_R FETCH_OBJ_R,7.833428659445037
FETCH_R FETCH_OBJ_RW,9.861576906737323
FETCH_R FETCH_OBJ_UNSET,10.372402530503313
FETCH_R FETCH_OBJ_W,9.073119546373052
FETCH_R FETCH_R,6.100376791043759
FETCH_R FETCH_RW,6.865844633183331
FETCH_R FETCH_UNSET,8.526575840004982
FETCH_R FETCH_W,5.650931888819061
FETCH_R FE_FREE,8.906065461709886
FETCH_R FE_RESET_R,4.649907346914958
FETCH_R FREE,8.986108169383423
FETCH_R FUNC_GET_ARGS,9.073119546373052
FETCH_R FUNC_NUM_ARGS,8.762964618069212
FETCH_R GET_CLASS,10.372402530503313
FETCH_R GET_TYPE,10.372402530503313
FETCH_R INCLUDE_OR_EVAL,8.21291828114994
FETCH_R INIT_ARRAY,7.266322199780457
FETCH_R INIT_FCALL,6.4805822323926865
FETCH_R INSTANCEOF,10.777867638611477
FETCH_R IN_ARRAY,8.906065461709886
FETCH_R IS_EQUAL,5.494663909873489
FETCH_R IS_IDENTICAL,8.252138994303222
FETCH_R IS_NOT_EQUAL,6.580665690949669
FETCH_R IS_SMALLER,7.194348700155367
FETCH_R JMPNZ,7.266322199780457
FETCH_R JMPNZ_EX,7.236908314574163
FETCH_R JMPZ,5.106264062319511
FETCH_R JMPZ_EX,6.700330194705757
FETCH_R MOD,8.831957489556164
FETCH_R MUL,8.475282545617432
FETCH_R NEW,7.642373422682327
FETCH_R NOP,7.915666757682009
FETCH_R OP_DATA,6.618984555251806
FETCH_R QM_ASSIGN,5.784039462831602
FETCH_R RETURN,6.717424628065058
FETCH_R ROPE_ADD,9.861576906737323
FETCH_R ROPE_END,9.861576906737323
FETCH_R ROPE_INIT,7.376670256949322
FETCH_R SEND_FUNC_ARG,10.777867638611477
FETCH_R SEND_UNPACK,10.777867638611477
FETCH_R SEND_VAL,4.907159292639295
FETCH_R SEND_VAL_EX,6.683523076389377
FETCH_R SEND_VAR_EX,7.860096906527198
FETCH_R SL,9.073119546373052
FETCH_R SR,8.580643061275257
FETCH_R STRLEN,6.938415326018166
FETCH_R SUB,7.500722905619301
FETCH_R SWITCH_STRING,8.292960988823477
FETCH_R TYPE_CHECK,5.854243721504851
FETCH_R UNSET_VAR,8.637801475115207
FETCH_RW ASSIGN_DIM_OP,5.818525638902772
FETCH_RW ASSIGN_OP,6.501201519595422
FETCH_RW FETCH_DIM_RW,6.119156685695356
FETCH_RW POST_DEC,10.372402530503313
FETCH_RW POST_INC,8.762964618069212
FETCH_RW PRE_DEC,8.335520603242273
FETCH_RW PRE_INC,6.88604734050085
FETCH_THIS ASSIGN,7.360140954998111
FETCH_THIS ASSIGN_DIM,8.526575840004982
FETCH_THIS ASSIGN_OBJ,8.138810308996218
FETCH_THIS BOOL,9.525104670116109
FETCH_THIS BOOL_NOT,10.777867638611477
FETCH_THIS CAST,8.762964618069212
FETCH_THIS CHECK_FUNC_ARG,7.410571808625003
FETCH_THIS CLONE,7.944654294555261
FETCH_THIS CONCAT,8.526575840004982
FETCH_THIS DO_FCALL,6.543761134014217
FETCH_THIS FETCH_CLASS,9.525104670116109
FETCH_THIS FETCH_DIM_R,9.073119546373052
FETCH_THIS FETCH_DIM_W,10.372402530503313
FETCH_THIS FETCH_IS,10.372402530503313
FETCH_THIS FETCH_OBJ_IS,8.637801475115207
FETCH_THIS FETCH_OBJ_R,5.621690039224563
FETCH_THIS FETCH_OBJ_UNSET,10.372402530503313
FETCH_THIS FETCH_OBJ_W,8.069817437509268
FETCH_THIS FETCH_R,9.391573277491586
FETCH_THIS FETCH_THIS,8.475282545617432
FETCH_THIS FE_FREE,10.372402530503313
FETCH_THIS FE_RESET_R,8.831957489556164
FETCH_THIS FREE,10.777867638611477
FETCH_THIS GET_CLASS,6.960155312654573
FETCH_THIS INIT_ARRAY,5.320412050725143
FETCH_THIS INIT_FCALL,10.777867638611477
FETCH_THIS INSTANCEOF,8.906065461709886
FETCH_THIS IS_EQUAL,10.372402530503313
FETCH_THIS IS_IDENTICAL,9.679255349943368
FETCH_THIS JMPNZ_EX,10.777867638611477
FETCH_THIS JMPZ,8.069817437509268
FETCH_THIS JMPZ_EX,10.372402530503313
FETCH_THIS JMP_SET,10.777867638611477
FETCH_THIS MAKE_REF,10.777867638611477
FETCH_THIS NEW,9.525104670116109
FETCH_THIS NOP,8.252138994303222
FETCH_THIS OP_DATA,9.391573277491586
FETCH_THIS QM_ASSIGN,9.073119546373052
FETCH_THIS RETURN,5.152046705424988
FETCH_THIS ROPE_ADD,9.391573277491586
FETCH_THIS ROPE_INIT,8.698426096931641
FETCH_THIS SEND_ARRAY,10.372402530503313
FETCH_THIS SEND_FUNC_ARG,6.726082690808172
FETCH_THIS SEND_USER,8.986108169383423
FETCH_THIS SEND_VAL,6.453734982356498
FETCH_THIS SEND_VAL_EX,5.028474652703224
FETCH_THIS SEND_VAR_EX,4.806605798821014
FETCH_THIS TYPE_CHECK,10.084720458051532
FETCH_THIS UNSET_DIM,9.861576906737323
FETCH_UNSET FETCH_DIM_UNSET,7.222519577122063
FETCH_UNSET FETCH_OBJ_UNSET,10.777867638611477
FETCH_UNSET UNSET_DIM,5.22103957691194
FETCH_UNSET UNSET_OBJ,10.777867638611477
FETCH_W ASSIGN,4.508771354905216
FETCH_W ASSIGN_DIM,4.100784177364341
FETCH_W ASSIGN_OBJ,8.986108169383423
FETCH_W ASSIGN_REF,5.636204082108818
FETCH_W FETCH_DIM_W,5.696463273627014
FETCH_W FETCH_OBJ_W,9.391573277491586
FETCH_W FETCH_R,9.391573277491586
FETCH_W FETCH_W,6.427589702252176
FETCH_W FE_RESET_RW,9.525104670116109
FETCH_W INIT_ARRAY,8.379972365813106
FETCH_W MAKE_REF,9.391573277491586
FETCH_W OFF,10.777867638611477
FETCH_W SEND_REF,5.977953375830874
FETCH_W SEND_VAL,8.580643061275257
FETCH_W SEND_VAL_EX,10.372402530503313
FE_FETCH_R ADD,9.525104670116109
FE_FETCH_R ASSIGN,3.0868959819805273
FE_FETCH_R ASSIGN_DIM,6.002954678036291
FE_FETCH_R ASSIGN_DIM_OP,10.372402530503313
FE_FETCH_R ASSIGN_OBJ,8.037027614686277
FE_FETCH_R ASSIGN_OBJ_OP,9.861576906737323
FE_FETCH_R ASSIGN_OP,6.032935510248227
FE_FETCH_R BEGIN_SILENCE,5.084135499808777
FE_FETCH_R BIND_LEXICAL,10.372402530503313
FE_FETCH_R BOOL,10.777867638611477
FE_FETCH_R BOOL_NOT,5.584910787721267
FE_FETCH_R BW_AND,8.906065461709886
FE_FETCH_R CAST,7.222519577122063
FE_FETCH_R CHECK_FUNC_ARG,5.2095231348503805
FE_FETCH_R CLONE,9.168429726177378
FE_FETCH_R CONCAT,4.6187722501195445
FE_FETCH_R COUNT,8.103718989184948
FE_FETCH_R DEFINED,10.777867638611477
FE_FETCH_R DIV,8.475282545617432
FE_FETCH_R DO_FCALL,5.322546523253775
FE_FETCH_R ECHO,5.22490805368986
FE_FETCH_R FETCH_CLASS,8.475282545617432
FE_FETCH_R FETCH_CONSTANT,6.906666627703586
FE_FETCH_R FETCH_DIM_IS,7.807453173041776
FE_FETCH_R FETCH_DIM_R,4.598886717832436
FE_FETCH_R FETCH_DIM_RW,10.372402530503313
FE_FETCH_R FETCH_DIM_UNSET,10.777867638611477
FE_FETCH_R FETCH_DIM_W,7.757442752467115
FE_FETCH_R FETCH_IS,6.865844633183331
FE_FETCH_R FETCH_LIST_R,10.777867638611477
FE_FETCH_R FETCH_OBJ_IS,7.427963551336872
FE_FETCH_R FETCH_OBJ_R,5.00176450237565
FE_FETCH_R FETCH_OBJ_RW,10.777867638611477
FE_FETCH_R FETCH_OBJ_UNSET,8.292960988823477
FE_FETCH_R FETCH_OBJ_W,7.539189186447096
FE_FETCH_R FETCH_R,5.462201633728828
FE_FETCH_R FETCH_THIS,8.138810308996218
FE_FETCH_R FETCH_UNSET,10.084720458051532
FE_FETCH_R FETCH_W,7.088988184497541
FE_FETCH_R FE_FREE,10.777867638611477
FE_FETCH_R FE_RESET_R,6.213519447143641
FE_FETCH_R FUNC_NUM_ARGS,10.777867638611477
FE_FETCH_R GET_CLASS,10.372402530503313
FE_FETCH_R INCLUDE_OR_EVAL,8.637801475115207
FE_FETCH_R INIT_ARRAY,7.180555378023032
FE_FETCH_R INIT_FCALL,4.165826603778385
FE_FETCH_R INIT_USER_CALL,9.168429726177378
FE_FETCH_R INSTANCEOF,7.088988184497541
FE_FETCH_R IN_ARRAY,8.379972365813106
FE_FETCH_R IS_EQUAL,5.31191943067949
FE_FETCH_R IS_IDENTICAL,6.245268145458221
FE_FETCH_R IS_NOT_EQUAL,5.770571245780736
FE_FETCH_R IS_SMALLER,8.475282545617432
FE_FETCH_R JMP,8.986108169383423
FE_FETCH_R JMPNZ_EX,6.938415326018166
FE_FETCH_R JMPZ,5.000215315388821
FE_FETCH_R JMPZ_EX,6.60348036871584
FE_FETCH_R JMP_FRAMELESS,6.611202414809751
FE_FETCH_R MOD,8.580643061275257
FE_FETCH_R MUL,10.777867638611477
FE_FETCH_R NEW,6.6347329122199445
FE_FETCH_R NOP,6.2892312688793375
FE_FETCH_R OP_DATA,5.96568328323906
FE_FETCH_R POST_DEC,10.777867638611477
FE_FETCH_R POST_INC,8.426492381448
FE_FETCH_R PRE_DEC,10.372402530503313
FE_FETCH_R PRE_DEC_OBJ,10.777867638611477
FE_FETCH_R PRE_INC,7.222519577122063
FE_FETCH_R PRE_INC_OBJ,9.679255349943368
FE_FETCH_R QM_ASSIGN,8.292960988823477
FE_FETCH_R ROPE_INIT,5.4921290542703005
FE_FETCH_R SEND_VAL,10.777867638611477
FE_FETCH_R SEND_VAL_EX,5.507435475552976
FE_FETCH_R SEND_VAR,7.642373422682327
FE_FETCH_R SEND_VAR_EX,4.231082227850953
FE_FETCH_R SL,10.372402530503313
FE_FETCH_R STRLEN,7.052174211374824
FE_FETCH_R SUB,9.861576906737323
FE_FETCH_R SWITCH_LONG,9.861576906737323
FE_FETCH_R SWITCH_STRING,8.526575840004982
FE_FETCH_R TYPE_CHECK,6.402110616951191
FE_FETCH_R UNSET_DIM,8.335520603242273
FE_FETCH_R UNSET_OBJ,9.861576906737323
FE_FETCH_R YIELD,10.777867638611477
FE_FETCH_RW ASSIGN,7.807453173041776
FE_FETCH_RW ASSIGN_DIM,10.372402530503313
FE_FETCH_RW ASSIGN_OP,9.679255349943368
FE_FETCH_RW BOOL_NOT,9.861576906737323
FE_FETCH_RW CAST,9.525104670116109
FE_FETCH_RW CHECK_FUNC_ARG,9.679255349943368
FE_FETCH_RW CLONE,10.777867638611477
FE_FETCH_RW CONCAT,9.525104670116109
FE_FETCH_RW DO_FCALL,9.861576906737323
FE_FETCH_RW ECHO,10.372402530503313
FE_FETCH_RW FETCH_DIM_R,8.831957489556164
FE_FETCH_RW FETCH_DIM_W,10.084720458051532
FE_FETCH_RW FETCH_OBJ_R,9.525104670116109
FE_FETCH_RW FETCH_R,9.861576906737323
FE_FETCH_RW FETCH_W,10.372402530503313
FE_FETCH_RW FE_RESET_R,10.372402530503313
FE_FETCH_RW FE_RESET_RW,10.777867638611477
FE_FETCH_RW INIT_FCALL,8.831957489556164
FE_FETCH_RW INSTANCEOF,10.777867638611477
FE_FETCH_RW IS_EQUAL,10.372402530503313
FE_FETCH_RW IS_IDENTICAL,10.777867638611477
FE_FETCH_RW IS_SMALLER,9.861576906737323
FE_FETCH_RW JMPZ,9.391573277491586
FE_FETCH_RW JMPZ_EX,10.372402530503313
FE_FETCH_RW JMP_FRAMELESS,9.073119546373052
FE_FETCH_RW NOP,9.679255349943368
FE_FETCH_RW OP_DATA,10.777867638611477
FE_FETCH_RW ROPE_INIT,10.777867638611477
FE_FETCH_RW SEND_VAL,10.777867638611477
FE_FETCH_RW SEND_VAL_EX,10.084720458051532
FE_FETCH_RW SEND_VAR_EX,8.138810308996218
FE_FETCH_RW STRLEN,9.861576906737323
FE_FETCH_RW TYPE_CHECK,9.861576906737323
FE_FETCH_RW UNSET_DIM,9.861576906737323
FE_FREE ADD,7.101566966704401
FE_FREE ASSIGN,4.574320487548711
FE_FREE ASSIGN_DIM,6.100376791043759
FE_FREE ASSIGN_DIM_OP,10.084720458051532
FE_FREE ASSIGN_OBJ,6.208324630266537
FE_FREE ASSIGN_OBJ_OP,9.679255349943368
FE_FREE ASSIGN_OBJ_REF,10.777867638611477
FE_FREE ASSIGN_OP,5.205713606433712
FE_FREE ASSIGN_REF,10.777867638611477
FE_FREE BEGIN_SILENCE,5.307700015136781
FE_FREE BIND_GLOBAL,9.391573277491586
FE_FREE BOOL,9.168429726177378
FE_FREE BOOL_NOT,4.951867531231027
FE_FREE BW_AND,10.777867638611477
FE_FREE CAST,7.686825185253161
FE_FREE CHECK_FUNC_ARG,6.6347329122199445
FE_FREE CONCAT,4.787653873405148
FE_FREE COUNT,5.9945512672399115
FE_FREE DECLARE_CLASS,9.391573277491586
FE_FREE DEFINED,8.986108169383423
FE_FREE DIV,10.084720458051532
FE_FREE DO_FCALL,5.114907158475531
FE_FREE ECHO,3.7255792088970416
FE_FREE FAST_CALL,10.777867638611477
FE_FREE FAST_RET,10.777867638611477
FE_FREE FETCH_CLASS,10.084720458051532
FE_FREE FETCH_CONSTANT,7.1402814788850915
FE_FREE FETCH_DIM_IS,7.016667522917915
FE_FREE FETCH_DIM_R,5.54675902175689
FE_FREE FETCH_DIM_RW,10.084720458051532
FE_FREE FETCH_DIM_UNSET,8.292960988823477
FE_FREE FETCH_DIM_W,7.236908314574163
FE_FREE FETCH_IS,5.949553901309176
FE_FREE FETCH_OBJ_IS,7.281360077144997
FE_FREE FETCH_OBJ_R,5.242503815580239
FE_FREE FETCH_OBJ_RW,10.084720458051532
FE_FREE FETCH_OBJ_UNSET,9.861576906737323
FE_FREE FETCH_OBJ_W,7.281360077144997
FE_FREE FETCH_R,5.090892282271657
FE_FREE FETCH_RW,9.168429726177378
FE_FREE FETCH_THIS,6.865844633183331
FE_FREE FETCH_UNSET,7.194348700155367
FE_FREE FETCH_W,7.539189186447096
FE_FREE FE_FREE,6.938415326018166
FE_FREE FE_RESET_R,5.183156259009638
FE_FREE FE_RESET_RW,9.861576906737323
FE_FREE FREE,8.762964618069212
FE_FREE FUNC_GET_ARGS,10.777867638611477
FE_FREE INCLUDE_OR_EVAL,8.335520603242273
FE_FREE INIT_ARRAY,6.22926780411178
FE_FREE INIT_FCALL,4.219669835799209
FE_FREE INSTANCEOF,9.273790241835203
FE_FREE IN_ARRAY,10.084720458051532
FE_FREE IS_EQUAL,5.50486808004773
FE_FREE IS_IDENTICAL,8.21291828114994
FE_FREE IS_NOT_EQUAL,7.427963551336872
FE_FREE IS_SMALLER,7.040198020328109
FE_FREE JMP,3.947533506597925
FE_FREE JMPNZ,9.073119546373052
FE_FREE JMPNZ_EX,8.986108169383423
FE_FREE JMPZ,4.737612927334063
FE_FREE JMPZ_EX,6.256079061562437
FE_FREE JMP_FRAMELESS,6.7525159478763275
FE_FREE JMP_SET,10.777867638611477
FE_FREE MOD,9.679255349943368
FE_FREE MUL,10.084720458051532
FE_FREE NEW,6.37726461836466
FE_FREE NOP,6.9712051488411575
FE_FREE OP_DATA,6.157808840129635
FE_FREE POST_INC,10.777867638611477
FE_FREE PRE_DEC,9.679255349943368
FE_FREE PRE_INC,6.588212896585052
FE_FREE RECV,9.861576906737323
FE_FREE RETURN,3.4560179248231213
FE_FREE RETURN_BY_REF,9.525104670116109
FE_FREE ROPE_INIT,5.433143899249285
FE_FREE SEND_VAL,9.525104670116109
FE_FREE SEND_VAL_EX,4.519242654772511
FE_FREE SEND_VAR,9.273790241835203
FE_FREE SEND_VAR_EX,4.7304954595652
FE_FREE STRLEN,7.088988184497541
FE_FREE SUB,10.084720458051532
FE_FREE SWITCH_STRING,8.21291828114994
FE_FREE TYPE_CHECK,6.726082690808172
FE_FREE UNSET_CV,6.515187761570162
FE_FREE UNSET_DIM,7.7333452008880545
FE_FREE UNSET_OBJ,8.526575840004982
FE_FREE UNSET_VAR,8.379972365813106
FE_RESET_R FE_FETCH_R,2.6469253363795997
FE_RESET_RW FE_FETCH_RW,6.37726461836466
FREE ADD,8.762964618069212
FREE ASSIGN,6.223990747010936
FREE ASSIGN_DIM,7.445663128436273
FREE ASSIGN_DIM_OP,8.986108169383423
FREE ASSIGN_OBJ,7.757442752467115
FREE ASSIGN_OP,8.335520603242273
FREE BEGIN_SILENCE,6.726082690808172
FREE BIND_GLOBAL,10.372402530503313
FREE BIND_STATIC,9.525104670116109
FREE BOOL_NOT,6.515187761570162
FREE BW_AND,8.831957489556164
FREE CAST,5.880027838660566
FREE CHECK_FUNC_ARG,7.807453173041776
FREE CLONE,10.372402530503313
FREE CONCAT,6.095736411487257
FREE COUNT,7.620867217461364
FREE DECLARE_CLASS,10.777867638611477
FREE DEFINED,10.777867638611477
FREE DIV,10.372402530503313
FREE DO_FCALL,5.750703042564011
FREE ECHO,5.400277091168933
FREE FAST_RET,10.777867638611477
FREE FETCH_CLASS,9.861576906737323
FREE FETCH_CONSTANT,7.539189186447096
FREE FETCH_DIM_IS,10.084720458051532
FREE FETCH_DIM_R,6.666993774438166
FREE FETCH_DIM_UNSET,10.777867638611477
FREE FETCH_DIM_W,8.526575840004982
FREE FETCH_IS,5.582136860838542
FREE FETCH_OBJ_IS,8.831957489556164
FREE FETCH_OBJ_R,6.467068513225963
FREE FETCH_OBJ_W,8.580643061275257
FREE FETCH_R,6.447134298325146
FREE FETCH_RW,9.273790241835203
FREE FETCH_THIS,9.679255349943368
FREE FETCH_W,6.580665690949669
FREE FE_FREE,9.273790241835203
FREE FE_RESET_R,8.069817437509268
FREE FREE,8.426492381448
FREE GET_CLASS,10.777867638611477
FREE INCLUDE_OR_EVAL,10.777867638611477
FREE INIT_ARRAY,7.974507257704942
FREE INIT_FCALL,5.264438892446495
FREE INSTANCEOF,10.372402530503313
FREE IS_EQUAL,6.949226242122382
FREE IS_IDENTICAL,8.292960988823477
FREE IS_NOT_EQUAL,7.974507257704942
FREE IS_SMALLER,8.426492381448
FREE JMP,5.101113836343195
FREE JMPNZ,8.906065461709886
FREE JMPNZ_EX,10.372402530503313
FREE JMPZ,6.133476739470105
FREE JMPZ_EX,8.005278916371696
FREE JMP_FRAMELESS,8.292960988823477
FREE JMP_SET,10.777867638611477
FREE MUL,9.679255349943368
FREE NEW,7.833428659445037
FREE NOP,8.906065461709886
FREE OP_DATA,7.539189186447096
FREE PRE_DEC_OBJ,10.777867638611477
FREE PRE_INC,5.71527260558451
FREE PRE_INC_OBJ,10.372402530503313
FREE QM_ASSIGN,10.777867638611477
FREE RETURN,4.52115836417065
FREE ROPE_INIT,7.539189186447096
FREE SEND_REF,10.777867638611477
FREE SEND_UNPACK,10.777867638611477
FREE SEND_VAL,10.777867638611477
FREE SEND_VAL_EX,6.855894302330163
FREE SEND_VAR,8.906065461709886
FREE SEND_VAR_EX,5.95758607300644
FREE STRLEN,9.073119546373052
FREE SUB,8.637801475115207
FREE SWITCH_LONG,10.777867638611477
FREE SWITCH_STRING,8.426492381448
FREE TYPE_CHECK,8.175177953167093
FREE UNSET_DIM,10.777867638611477
FUNC_GET_ARGS ASSIGN,6.317723224673643
FUNC_GET_ARGS ASSIGN_OBJ,10.777867638611477
FUNC_GET_ARGS FETCH_DIM_W,10.777867638611477
FUNC_GET_ARGS FETCH_LIST_R,10.777867638611477
FUNC_GET_ARGS FETCH_W,9.073119546373052
FUNC_GET_ARGS FE_RESET_R,10.372402530503313
FUNC_GET_ARGS OP_DATA,10.777867638611477
FUNC_GET_ARGS QM_ASSIGN,10.777867638611477
FUNC_GET_ARGS RETURN,10.372402530503313
FUNC_GET_ARGS SEND_ARRAY,10.084720458051532
FUNC_GET_ARGS SEND_VAL,10.777867638611477
FUNC_GET_ARGS SEND_VAL_EX,9.073119546373052
FUNC_NUM_ARGS ASSIGN,8.335520603242273
FUNC_NUM_ARGS IS_EQUAL,9.679255349943368
FUNC_NUM_ARGS IS_IDENTICAL,9.861576906737323
FUNC_NUM_ARGS IS_SMALLER,8.005278916371696
FUNC_NUM_ARGS JMPZ,6.157808840129635
FUNC_NUM_ARGS JMPZ_EX,10.777867638611477
GET_CLASS ASSIGN,7.463681633938951
GET_CLASS ASSIGN_DIM,9.073119546373052
GET_CLASS ASSIGN_OBJ,9.525104670116109
GET_CLASS BOOL,9.525104670116109
GET_CLASS BOOL_NOT,10.372402530503313
GET_CLASS CONCAT,7.101566966704401
GET_CLASS COUNT,10.777867638611477
GET_CLASS DO_FCALL,9.525104670116109
GET_CLASS ECHO,9.861576906737323
GET_CLASS FETCH_DIM_R,9.273790241835203
GET_CLASS FETCH_DIM_W,10.372402530503313
GET_CLASS FETCH_OBJ_R,10.084720458051532
GET_CLASS INIT_ARRAY,8.138810308996218
GET_CLASS IS_EQUAL,8.379972365813106
GET_CLASS IS_IDENTICAL,9.861576906737323
GET_CLASS IS_NOT_EQUAL,10.084720458051532
GET_CLASS JMPZ,10.084720458051532
GET_CLASS OP_DATA,10.084720458051532
GET_CLASS QM_ASSIGN,8.292960988823477
GET_CLASS RETURN,10.084720458051532
GET_CLASS ROPE_INIT,9.168429726177378
GET_CLASS SEND_VAL,8.292960988823477
GET_CLASS SEND_VAL_EX,8.175177953167093
GET_CLASS STRLEN,10.777867638611477
GET_CLASS SWITCH_STRING,9.861576906737323
GET_CLASS TYPE_CHECK,10.777867638611477
GET_TYPE ASSIGN,9.861576906737323
GET_TYPE CONCAT,8.037027614686277
GET_TYPE COUNT,10.777867638611477
GET_TYPE FETCH_OBJ_R,10.372402530503313
GET_TYPE FETCH_W,10.372402530503313
GET_TYPE IS_EQUAL,9.168429726177378
GET_TYPE IS_IDENTICAL,10.777867638611477
GET_TYPE IS_NOT_EQUAL,10.372402530503313
GET_TYPE QM_ASSIGN,9.861576906737323
GET_TYPE ROPE_INIT,9.861576906737323
GET_TYPE SEND_VAL,10.084720458051532
GET_TYPE SEND_VAL_EX,9.861576906737323
GET_TYPE SWITCH_STRING,9.273790241835203
GET_TYPE TYPE_CHECK,10.777867638611477
IMAGE ECHO,10.777867638611477
IN RETURN,10.372402530503313
INCLUDE_OR_EVAL ASSIGN,5.188748072275416
INCLUDE_OR_EVAL ASSIGN_DIM,8.906065461709886
INCLUDE_OR_EVAL ASSIGN_OBJ,8.037027614686277
INCLUDE_OR_EVAL ASSIGN_OP,8.986108169383423
INCLUDE_OR_EVAL BEGIN_SILENCE,8.138810308996218
INCLUDE_OR_EVAL BIND_GLOBAL,8.986108169383423
INCLUDE_OR_EVAL BIND_STATIC,10.084720458051532
INCLUDE_OR_EVAL BOOL,8.637801475115207
INCLUDE_OR_EVAL BOOL_NOT,7.427963551336872
INCLUDE_OR_EVAL CAST,10.372402530503313
INCLUDE_OR_EVAL CHECK_FUNC_ARG,8.21291828114994
INCLUDE_OR_EVAL CONCAT,6.683523076389377
INCLUDE_OR_EVAL COUNT,10.777867638611477
INCLUDE_OR_EVAL DECLARE_CLASS,5.770571245780736
INCLUDE_OR_EVAL DECLARE_CONST,10.777867638611477
INCLUDE_OR_EVAL DEFINED,8.475282545617432
INCLUDE_OR_EVAL DO_FCALL,6.081943089354922
INCLUDE_OR_EVAL ECHO,4.516375954290435
INCLUDE_OR_EVAL END_SILENCE,4.783906211304908
INCLUDE_OR_EVAL FAST_CALL,10.777867638611477
INCLUDE_OR_EVAL FAST_RET,10.777867638611477
INCLUDE_OR_EVAL FETCH_CLASS,9.273790241835203
INCLUDE_OR_EVAL FETCH_CONSTANT,6.138296025906054
INCLUDE_OR_EVAL FETCH_DIM_R,8.037027614686277
INCLUDE_OR_EVAL FETCH_DIM_RW,10.777867638611477
INCLUDE_OR_EVAL FETCH_DIM_UNSET,10.777867638611477
INCLUDE_OR_EVAL FETCH_DIM_W,10.084720458051532
INCLUDE_OR_EVAL FETCH_IS,7.519771100589995
INCLUDE_OR_EVAL FETCH_LIST_R,10.777867638611477
INCLUDE_OR_EVAL FETCH_OBJ_IS,9.861576906737323
INCLUDE_OR_EVAL FETCH_OBJ_R,8.138810308996218
INCLUDE_OR_EVAL FETCH_OBJ_W,9.861576906737323
INCLUDE_OR_EVAL FETCH_R,6.515187761570162
INCLUDE_OR_EVAL FETCH_THIS,8.762964618069212
INCLUDE_OR_EVAL FETCH_UNSET,10.777867638611477
INCLUDE_OR_EVAL FETCH_W,8.637801475115207
INCLUDE_OR_EVAL FE_FREE,10.084720458051532
INCLUDE_OR_EVAL FE_RESET_R,8.831957489556164
INCLUDE_OR_EVAL INCLUDE_OR_EVAL,5.459747644767261
INCLUDE_OR_EVAL INIT_ARRAY,10.084720458051532
INCLUDE_OR_EVAL INIT_FCALL,4.614552834576836
INCLUDE_OR_EVAL INSTANCEOF,10.777867638611477
INCLUDE_OR_EVAL IN_ARRAY,10.777867638611477
INCLUDE_OR_EVAL IS_EQUAL,8.138810308996218
INCLUDE_OR_EVAL IS_IDENTICAL,10.777867638611477
INCLUDE_OR_EVAL IS_NOT_EQUAL,7.599813808263532
INCLUDE_OR_EVAL IS_SMALLER,9.861576906737323
INCLUDE_OR_EVAL JMP,5.305596964940002
INCLUDE_OR_EVAL JMPNZ_EX,10.777867638611477
INCLUDE_OR_EVAL JMPZ,6.960155312654573
INCLUDE_OR_EVAL JMPZ_EX,9.861576906737323
INCLUDE_OR_EVAL JMP_FRAMELESS,9.525104670116109
INCLUDE_OR_EVAL NEW,6.028597108649629
INCLUDE_OR_EVAL NOP,8.762964618069212
INCLUDE_OR_EVAL OP_DATA,9.073119546373052
INCLUDE_OR_EVAL POST_INC,10.777867638611477
INCLUDE_OR_EVAL QM_ASSIGN,9.391573277491586
INCLUDE_OR_EVAL RETURN,3.8796577724728714
INCLUDE_OR_EVAL ROPE_INIT,9.273790241835203
INCLUDE_OR_EVAL SEND_VAL,10.777867638611477
INCLUDE_OR_EVAL SEND_VAL_EX,5.7026938233776505
INCLUDE_OR_EVAL SEND_VAR,8.103718989184948
INCLUDE_OR_EVAL SEND_VAR_EX,7.222519577122063
INCLUDE_OR_EVAL STRLEN,8.986108169383423
INCLUDE_OR_EVAL SWITCH_STRING,10.777867638611477
INCLUDE_OR_EVAL TYPE_CHECK,8.252138994303222
INCLUDE_OR_EVAL UNSET_CV,9.679255349943368
INFILE CONCAT,8.831957489556164
INFILE JMP,10.777867638611477
INIT_ARRAY ADD,6.938415326018166
INIT_ARRAY ASSIGN,3.5629953745389518
INIT_ARRAY ASSIGN_DIM,5.186880658100621
INIT_ARRAY ASSIGN_OBJ,6.522254928793254
INIT_ARRAY ASSIGN_OBJ_OP,9.861576906737323
INIT_ARRAY ASSIGN_OP,8.475282545617432
INIT_ARRAY BEGIN_SILENCE,6.807575725059356
INIT_ARRAY BIND_LEXICAL,8.831957489556164
INIT_ARRAY BIND_STATIC,9.861576906737323
INIT_ARRAY BOOL,8.831957489556164
INIT_ARRAY BOOL_NOT,8.335520603242273
INIT_ARRAY BW_AND,9.679255349943368
INIT_ARRAY BW_OR,10.372402530503313
INIT_ARRAY CAST,6.565740040732993
INIT_ARRAY CHECK_FUNC_ARG,6.7525159478763275
INIT_ARRAY CLONE,10.777867638611477
INIT_ARRAY COALESCE,10.777867638611477
INIT_ARRAY CONCAT,5.445148845346108
INIT_ARRAY COUNT,8.637801475115207
INIT_ARRAY DEFINED,10.372402530503313
INIT_ARRAY DIV,10.372402530503313
INIT_ARRAY DO_FCALL,5.02370895663021
INIT_ARRAY ECHO,9.861576906737323
INIT_ARRAY END_SILENCE,9.391573277491586
INIT_ARRAY FETCH_CLASS,9.679255349943368
INIT_ARRAY FETCH_CONSTANT,5.801133896190903
INIT_ARRAY FETCH_DIM_IS,10.372402530503313
INIT_ARRAY FETCH_DIM_R,4.493733477540675
INIT_ARRAY FETCH_DIM_W,7.028363562681106
INIT_ARRAY FETCH_IS,8.526575840004982
INIT_ARRAY FETCH_LIST_R,8.698426096931641
INIT_ARRAY FETCH_OBJ_IS,10.084720458051532
INIT_ARRAY FETCH_OBJ_R,4.692229921486245
INIT_ARRAY FETCH_OBJ_RW,10.777867638611477
INIT_ARRAY FETCH_OBJ_W,6.414769013823114
INIT_ARRAY FETCH_R,5.331130266945167
INIT_ARRAY FETCH_THIS,7.343880434126331
INIT_ARRAY FETCH_W,6.595817495970271
INIT_ARRAY FE_FREE,8.637801475115207
INIT_ARRAY FE_RESET_R,8.906065461709886
INIT_ARRAY FREE,6.256079061562437
INIT_ARRAY FUNC_GET_ARGS,10.777867638611477
INIT_ARRAY GET_CLASS,9.861576906737323
INIT_ARRAY GET_TYPE,10.372402530503313
INIT_ARRAY INCLUDE_OR_EVAL,10.084720458051532
INIT_ARRAY INIT_ARRAY,4.657570219660527
INIT_ARRAY INIT_FCALL,4.831138985344887
INIT_ARRAY INIT_USER_CALL,6.88604734050085
INIT_ARRAY IS_EQUAL,8.762964618069212
INIT_ARRAY IS_IDENTICAL,9.679255349943368
INIT_ARRAY IS_NOT_EQUAL,9.391573277491586
INIT_ARRAY IS_SMALLER,9.273790241835203
INIT_ARRAY JMPNZ_EX,10.084720458051532
INIT_ARRAY JMPZ,6.743627000459082
INIT_ARRAY JMPZ_EX,8.698426096931641
INIT_ARRAY JMP_FRAMELESS,7.558991813743276
INIT_ARRAY JMP_SET,10.777867638611477
INIT_ARRAY MOD,10.777867638611477
INIT_ARRAY MUL,9.525104670116109
INIT_ARRAY NEW,6.383418483939039
INIT_ARRAY NOP,6.317723224673643
INIT_ARRAY OP_DATA,7.236908314574163
INIT_ARRAY POST_DEC_OBJ,10.777867638611477
INIT_ARRAY PRE_INC,10.372402530503313
INIT_ARRAY QM_ASSIGN,6.551033893343297
INIT_ARRAY RETURN,4.865716898223221
INIT_ARRAY ROPE_INIT,6.272517787905596
INIT_ARRAY SEND_ARRAY,7.887495880715313
INIT_ARRAY SEND_USER,10.777867638611477
INIT_ARRAY SEND_VAL,5.132420740968239
INIT_ARRAY SEND_VAL_EX,3.0212443040726193
INIT_ARRAY SEND_VAR,10.777867638611477
INIT_ARRAY SEND_VAR_EX,6.015693703813721
INIT_ARRAY SL,10.777867638611477
INIT_ARRAY SR,9.073119546373052
INIT_ARRAY STRLEN,9.073119546373052
INIT_ARRAY SUB,8.252138994303222
INIT_ARRAY TYPE_CHECK,8.906065461709886
INIT_ARRAY YIELD,10.372402530503313
INIT_FCALL ADD,5.941585731659999
INIT_FCALL ASSIGN,8.069817437509268
INIT_FCALL BEGIN_SILENCE,4.6520907538959015
INIT_FCALL BIND_LEXICAL,9.168429726177378
INIT_FCALL BOOL_NOT,8.103718989184948
INIT_FCALL BW_AND,7.312131735811751
INIT_FCALL BW_NOT,8.005278916371696
INIT_FCALL BW_OR,10.777867638611477
INIT_FCALL BW_XOR,8.426492381448
INIT_FCALL CAST,5.10282763282093
INIT_FCALL CHECK_FUNC_ARG,5.4095579002434055
INIT_FCALL CONCAT,3.8646274293987704
INIT_FCALL COUNT,7.686825185253161
INIT_FCALL DEFINED,10.084720458051532
INIT_FCALL DIV,4.630468289882735
INIT_FCALL DO_FCALL,3.990022656301898
INIT_FCALL DO_ICALL,3.0685593052256084
INIT_FCALL FETCH_CONSTANT,4.934323221580117
INIT_FCALL FETCH_DIM_IS,10.777867638611477
INIT_FCALL FETCH_DIM_R,3.632671503614306
INIT_FCALL FETCH_DIM_W,6.278057968281212
INIT_FCALL FETCH_GLOBALS,7.974507257704942
INIT_FCALL FETCH_IS,6.011429305027264
INIT_FCALL FETCH_OBJ_IS,10.372402530503313
INIT_FCALL FETCH_OBJ_R,4.225359751576887
INIT_FCALL FETCH_OBJ_W,6.198015260607676
INIT_FCALL FETCH_R,3.4063783433972
INIT_FCALL FETCH_THIS,6.007183014145812
INIT_FCALL FETCH_W,5.865212752875425
INIT_FCALL GET_CLASS,8.526575840004982
INIT_FCALL GET_TYPE,9.525104670116109
INIT_FCALL INCLUDE_OR_EVAL,8.526575840004982
INIT_FCALL INIT_ARRAY,5.92583737469186
INIT_FCALL INIT_FCALL,3.288455555102758
INIT_FCALL IS_EQUAL,7.807453173041776
INIT_FCALL IS_IDENTICAL,9.273790241835203
INIT_FCALL IS_NOT_EQUAL,8.580643061275257
INIT_FCALL IS_SMALLER,8.906065461709886
INIT_FCALL JMPNZ_EX,10.084720458051532
INIT_FCALL JMPZ,7.482030772607148
INIT_FCALL JMPZ_EX,8.175177953167093
INIT_FCALL JMP_SET,10.777867638611477
INIT_FCALL MOD,7.166949725967252
INIT_FCALL MUL,6.182747788476887
INIT_FCALL NEW,9.861576906737323
INIT_FCALL NOP,4.7568442892619505
INIT_FCALL OP_DATA,4.647728696815735
INIT_FCALL POST_INC,7.807453173041776
INIT_FCALL POST_INC_OBJ,10.372402530503313
INIT_FCALL PRE_DEC,10.777867638611477
INIT_FCALL PRE_INC,9.679255349943368
INIT_FCALL ROPE_INIT,4.633682004485832
INIT_FCALL SEND_ARRAY,8.037027614686277
INIT_FCALL SEND_REF,4.012252126790463
INIT_FCALL SEND_USER,10.777867638611477
INIT_FCALL SEND_VAL,2.4460406341754197
INIT_FCALL SEND_VAL_EX,4.737612927334063
INIT_FCALL SEND_VAR,2.604292151977324
INIT_FCALL SEND_VAR_EX,5.366221586756438
INIT_FCALL SL,10.372402530503313
INIT_FCALL SR,7.312131735811751
INIT_FCALL STRLEN,5.865212752875425
INIT_FCALL SUB,6.779666936942279
INIT_FCALL TYPE_CHECK,8.475282545617432
INIT_USER_CALL CAST,9.861576906737323
INIT_USER_CALL CONCAT,10.777867638611477
INIT_USER_CALL DO_FCALL,5.773921332666018
INIT_USER_CALL FETCH_DIM_R,8.335520603242273
INIT_USER_CALL FETCH_OBJ_R,8.335520603242273
INIT_USER_CALL FETCH_OBJ_W,10.777867638611477
INIT_USER_CALL FETCH_R,9.073119546373052
INIT_USER_CALL FETCH_THIS,8.906065461709886
INIT_USER_CALL FUNC_GET_ARGS,10.084720458051532
INIT_USER_CALL INIT_ARRAY,8.698426096931641
INIT_USER_CALL INIT_FCALL,8.906065461709886
INIT_USER_CALL JMPZ,10.777867638611477
INIT_USER_CALL POST_INC,10.777867638611477
INIT_USER_CALL SEND_ARRAY,6.683523076389377
INIT_USER_CALL SEND_USER,6.536540886040731
INIT_USER_CALL SEND_VAL_EX,10.372402530503313
INIT_USER_CALL SEND_VAR_EX,10.777867638611477
INIT_USER_CALL TYPE_CHECK,10.372402530503313
INSTANCEOF ASSIGN,9.273790241835203
INSTANCEOF ASSIGN_OBJ,10.372402530503313
INSTANCEOF BOOL,6.152894825327206
INSTANCEOF BOOL_NOT,5.303498328283081
INSTANCEOF BOOL_XOR,10.777867638611477
INSTANCEOF INSTANCEOF,10.777867638611477
INSTANCEOF JMPNZ,8.698426096931641
INSTANCEOF JMPNZ_EX,7.194348700155367
INSTANCEOF JMPZ,4.94598516132796
INSTANCEOF JMPZ_EX,6.595817495970271
INSTANCEOF RETURN,8.637801475115207
INSTANCEOF SEND_VAL_EX,8.698426096931641
INSTANCEOF TYPE_CHECK,10.372402530503313
IN_ARRAY ASSIGN,8.426492381448
IN_ARRAY BOOL,7.088988184497541
IN_ARRAY BOOL_NOT,5.95758607300644
IN_ARRAY END_SILENCE,7.519771100589995
IN_ARRAY FETCH_W,9.391573277491586
IN_ARRAY JMPNZ_EX,9.168429726177378
IN_ARRAY JMPZ,5.8912849931852005
IN_ARRAY JMPZ_EX,8.831957489556164
IN_ARRAY RETURN,8.526575840004982
IN_ARRAY SEND_VAL_EX,10.777867638611477
IN_ARRAY TYPE_CHECK,10.777867638611477
IS_EQUAL ASSIGN,5.9945512672399115
IS_EQUAL ASSIGN_DIM,7.599813808263532
IS_EQUAL ASSIGN_OBJ,8.906065461709886
IS_EQUAL BOOL,3.4279939338731404
IS_EQUAL BOOL_NOT,7.251507113995316
IS_EQUAL BW_AND,10.372402530503313
IS_EQUAL BW_OR,8.252138994303222
IS_EQUAL CASE,10.777867638611477
IS_EQUAL CAST,10.372402530503313
IS_EQUAL CHECK_FUNC_ARG,10.372402530503313
IS_EQUAL CONCAT,10.372402530503313
IS_EQUAL COUNT,7.101566966704401
IS_EQUAL DO_FCALL,10.372402530503313
IS_EQUAL FETCH_CONSTANT,10.372402530503313
IS_EQUAL FETCH_DIM_R,8.252138994303222
IS_EQUAL FETCH_DIM_W,10.084720458051532
IS_EQUAL FETCH_OBJ_IS,10.777867638611477
IS_EQUAL FETCH_OBJ_R,10.372402530503313
IS_EQUAL FETCH_OBJ_W,10.777867638611477
IS_EQUAL FETCH_R,10.372402530503313
IS_EQUAL FETCH_W,9.861576906737323
IS_EQUAL FREE,8.580643061275257
IS_EQUAL INIT_ARRAY,8.526575840004982
IS_EQUAL INIT_FCALL,8.906065461709886
IS_EQUAL IS_EQUAL,8.103718989184948
IS_EQUAL JMPNZ,4.349762365926881
IS_EQUAL JMPNZ_EX,3.9804854171107107
IS_EQUAL JMPZ,2.8641637558246495
IS_EQUAL JMPZ_EX,3.9378560117158594
IS_EQUAL JMP_FRAMELESS,10.372402530503313
IS_EQUAL JMP_SET,10.777867638611477
IS_EQUAL OP_DATA,10.777867638611477
IS_EQUAL QM_ASSIGN,7.833428659445037
IS_EQUAL RETURN,6.595817495970271
IS_EQUAL SEND_VAL,7.296627549275786
IS_EQUAL SEND_VAL_EX,6.9712051488411575
IS_EQUAL SEND_VAR_EX,10.372402530503313
IS_IDENTICAL ASSIGN,7.194348700155367
IS_IDENTICAL ASSIGN_DIM,10.372402530503313
IS_IDENTICAL ASSIGN_OBJ,9.073119546373052
IS_IDENTICAL BOOL,4.637983086385222
IS_IDENTICAL BOOL_NOT,8.637801475115207
IS_IDENTICAL BOOL_XOR,10.372402530503313
IS_IDENTICAL BW_AND,9.525104670116109
IS_IDENTICAL FETCH_DIM_R,10.084720458051532
IS_IDENTICAL FETCH_W,10.777867638611477
IS_IDENTICAL FREE,10.372402530503313
IS_IDENTICAL INIT_ARRAY,10.372402530503313
IS_IDENTICAL IS_EQUAL,10.777867638611477
IS_IDENTICAL IS_IDENTICAL,10.372402530503313
IS_IDENTICAL JMPNZ,8.906065461709886
IS_IDENTICAL JMPNZ_EX,5.346331428277217
IS_IDENTICAL JMPZ,3.8756275403174505
IS_IDENTICAL JMPZ_EX,5.533478614088996
IS_IDENTICAL OP_DATA,10.372402530503313
IS_IDENTICAL QM_ASSIGN,7.887495880715313
IS_IDENTICAL RETURN,6.395841003937596
IS_IDENTICAL SEND_VAL,8.335520603242273
IS_IDENTICAL SEND_VAL_EX,8.037027614686277
IS_NOT_EQUAL ASSIGN,7.860096906527198
IS_NOT_EQUAL ASSIGN_DIM,8.906065461709886
IS_NOT_EQUAL ASSIGN_OBJ,9.525104670116109
IS_NOT_EQUAL BOOL,3.750109567234644
IS_NOT_EQUAL BOOL_NOT,8.252138994303222
IS_NOT_EQUAL BW_AND,10.372402530503313
IS_NOT_EQUAL BW_OR,9.525104670116109
IS_NOT_EQUAL DO_FCALL,10.777867638611477
IS_NOT_EQUAL FETCH_DIM_R,10.777867638611477
IS_NOT_EQUAL FETCH_DIM_W,10.372402530503313
IS_NOT_EQUAL FETCH_OBJ_R,8.762964618069212
IS_NOT_EQUAL FETCH_OBJ_W,10.372402530503313
IS_NOT_EQUAL FREE,9.861576906737323
IS_NOT_EQUAL INIT_ARRAY,10.777867638611477
IS_NOT_EQUAL JMPNZ,6.3352163821211604
IS_NOT_EQUAL JMPNZ_EX,5.363991931429168
IS_NOT_EQUAL JMPZ,3.399483925614762
IS_NOT_EQUAL JMPZ_EX,4.137991804784941
IS_NOT_EQUAL QM_ASSIGN,8.21291828114994
IS_NOT_EQUAL RETURN,7.040198020328109
IS_NOT_EQUAL SEND_VAL,8.005278916371696
IS_NOT_EQUAL SEND_VAL_EX,8.138810308996218
IS_SMALLER ASSIGN,7.114305992481831
IS_SMALLER ASSIGN_DIM,7.427963551336872
IS_SMALLER ASSIGN_OBJ,10.084720458051532
IS_SMALLER ASSIGN_OP,10.777867638611477
IS_SMALLER BOOL,4.188253639565829
IS_SMALLER BOOL_NOT,7.782135365057486
IS_SMALLER BW_AND,8.580643061275257
IS_SMALLER BW_OR,9.861576906737323
IS_SMALLER CAST,10.372402530503313
IS_SMALLER COUNT,10.777867638611477
IS_SMALLER FETCH_OBJ_R,10.777867638611477
IS_SMALLER FETCH_W,9.273790241835203
IS_SMALLER INIT_ARRAY,9.861576906737323
IS_SMALLER IS_SMALLER,10.372402530503313
IS_SMALLER JMPNZ,3.6651327789428017
IS_SMALLER JMPNZ_EX,5.402589230927312
IS_SMALLER JMPZ,3.3507235052028617
IS_SMALLER JMPZ_EX,4.700225395262443
IS_SMALLER QM_ASSIGN,8.906065461709886
IS_SMALLER RETURN,6.88604734050085
IS_SMALLER SEND_VAL,9.861576906737323
IS_SMALLER SEND_VAL_EX,8.21291828114994
IS_SMALLER STRLEN,8.252138994303222
JMP ADD,5.584910787721267
JMP ASSERT_CHECK,9.679255349943368
JMP ASSIGN,3.2579041215747466
JMP ASSIGN_DIM,4.238281682993808
JMP ASSIGN_DIM_OP,6.086519756382334
JMP ASSIGN_OBJ,5.196252797929484
JMP ASSIGN_OBJ_OP,7.915666757682009
JMP ASSIGN_OP,4.436626889255919
JMP ASSIGN_REF,9.391573277491586
JMP BEGIN_SILENCE,4.265379642761058
JMP BIND_GLOBAL,7.620867217461364
JMP BIND_LEXICAL,9.391573277491586
JMP BIND_STATIC,8.831957489556164
JMP BOOL,6.408419786144456
JMP BOOL_NOT,4.148504385174029
JMP BW_AND,4.64338558466857
JMP BW_OR,9.168429726177378
JMP BW_XOR,10.777867638611477
JMP CAST,5.46466165956969
JMP CATCH,4.70137284231892
JMP CHECK_FUNC_ARG,4.223222237403576
JMP CLONE,8.762964618069212
JMP CONCAT,3.7399616751642952
JMP COUNT,5.92583737469186
JMP DECLARE_CLASS,8.103718989184948
JMP DEFINED,8.762964618069212
JMP DIV,7.360140954998111
JMP DO_FCALL,3.929862364035114
JMP ECHO,3.5939969235490246
JMP END_SILENCE,10.372402530503313
JMP FAST_CALL,10.372402530503313
JMP FETCH_CLASS,7.757442752467115
JMP FETCH_CONSTANT,4.797716851403768
JMP FETCH_DIM_IS,6.960155312654573
JMP FETCH_DIM_R,3.47267942321844
JMP FETCH_DIM_RW,8.335520603242273
JMP FETCH_DIM_UNSET,8.580643061275257
JMP FETCH_DIM_W,5.97384659387822
JMP FETCH_IS,4.363589345060718
JMP FETCH_OBJ_IS,6.453734982356498
JMP FETCH_OBJ_R,3.8371612594896543
JMP FETCH_OBJ_RW,8.379972365813106
JMP FETCH_OBJ_UNSET,8.379972365813106
JMP FETCH_OBJ_W,5.744167071584226
JMP FETCH_R,3.988895895619307
JMP FETCH_RW,7.686825185253161
JMP FETCH_THIS,6.467068513225963
JMP FETCH_UNSET,8.335520603242273
JMP FETCH_W,5.242503815580239
JMP FE_FREE,2.643253451516703
JMP FE_RESET_R,5.0976950295944095
JMP FE_RESET_RW,9.391573277491586
JMP FREE,4.473418836189496
JMP FUNC_GET_ARGS,9.525104670116109
JMP FUNC_NUM_ARGS,9.391573277491586
JMP GET_CLASS,9.525104670116109
JMP GET_TYPE,8.986108169383423
JMP INCLUDE_OR_EVAL,6.817054469013899
JMP INIT_ARRAY,5.2095231348503805
JMP INIT_FCALL,3.2027959391039165
JMP INIT_USER_CALL,8.637801475115207
JMP INSTANCEOF,6.447134298325146
JMP IN_ARRAY,7.519771100589995
JMP IS_EQUAL,4.0157163334881325
JMP IS_IDENTICAL,5.2405333715929405
JMP IS_NOT_EQUAL,4.566264049209584
JMP IS_SMALLER,5.213347231288783
JMP JMP,4.0945066928452025
JMP JMPNZ,6.626827732712831
JMP JMPNZ_EX,6.283629013330668
JMP JMPZ,3.864130287951793
JMP JMPZ_EX,5.039683737237944
JMP JMP_FRAMELESS,5.8763034395695835
JMP JMP_SET,9.525104670116109
JMP MOD,7.166949725967252
JMP MUL,6.081943089354922
JMP NEW,4.634755541894355
JMP NOP,4.987907467714224
JMP OP_DATA,4.505934473570016
JMP POST_DEC,8.292960988823477
JMP POST_INC,7.360140954998111
JMP POST_INC_OBJ,10.777867638611477
JMP PRE_DEC,6.658830463799005
JMP PRE_DEC_OBJ,9.525104670116109
JMP PRE_INC,4.772746765056009
JMP PRE_INC_OBJ,6.7525159478763275
JMP QM_ASSIGN,3.030702672091143
JMP RETURN,3.9389266756296997
JMP ROPE_INIT,4.147844101227953
JMP SEND_REF,9.273790241835203
JMP SEND_VAL,8.292960988823477
JMP SEND_VAL_EX,3.561892635960011
JMP SEND_VAR,6.770534453379006
JMP SEND_VAR_EX,3.633855169169747
JMP SL,7.664352329401103
JMP SR,7.558991813743276
JMP STRLEN,5.750703042564011
JMP SUB,5.653903659208218
JMP SWITCH_LONG,9.073119546373052
JMP SWITCH_STRING,6.734816370776927
JMP THROW,8.831957489556164
JMP TYPE_CHECK,4.594750207280656
JMP UNSET_CV,7.281360077144997
JMP UNSET_DIM,7.052174211374824
JMP UNSET_OBJ,9.391573277491586
JMP UNSET_VAR,9.861576906737323
JMP YIELD,10.084720458051532
JMPNZ ADD,6.949226242122382
JMPNZ ASSERT_CHECK,10.372402530503313
JMPNZ ASSIGN,4.613500756626032
JMPNZ ASSIGN_DIM,6.993678004693216
JMPNZ ASSIGN_DIM_OP,9.273790241835203
JMPNZ ASSIGN_OBJ,6.359027030814879
JMPNZ ASSIGN_OBJ_OP,9.861576906737323
JMPNZ ASSIGN_OP,5.538769631723412
JMPNZ BEGIN_SILENCE,4.807882123180619
JMPNZ BIND_GLOBAL,8.252138994303222
JMPNZ BOOL,10.372402530503313
JMPNZ BOOL_NOT,5.54675902175689
JMPNZ BW_AND,8.526575840004982
JMPNZ BW_NOT,10.777867638611477
JMPNZ BW_XOR,9.861576906737323
JMPNZ CASE,4.251372779040687
JMPNZ CAST,7.519771100589995
JMPNZ CHECK_FUNC_ARG,7.222519577122063
JMPNZ CLONE,10.777867638611477
JMPNZ CONCAT,5.017389820278731
JMPNZ COUNT,7.088988184497541
JMPNZ DEFINED,9.679255349943368
JMPNZ DIV,9.073119546373052
JMPNZ DO_FCALL,5.46466165956969
JMPNZ ECHO,4.366870726183896
JMPNZ FETCH_CLASS,10.777867638611477
JMPNZ FETCH_CONSTANT,6.081943089354922
JMPNZ FETCH_DIM_IS,9.525104670116109
JMPNZ FETCH_DIM_R,5.211433355106499
JMPNZ FETCH_DIM_RW,9.679255349943368
JMPNZ FETCH_DIM_W,8.831957489556164
JMPNZ FETCH_IS,6.788883592047203
JMPNZ FETCH_OBJ_IS,9.391573277491586
JMPNZ FETCH_OBJ_R,6.024277447505113
JMPNZ FETCH_OBJ_RW,10.372402530503313
JMPNZ FETCH_OBJ_UNSET,10.084720458051532
JMPNZ FETCH_OBJ_W,8.475282545617432
JMPNZ FETCH_R,5.79769155199993
JMPNZ FETCH_RW,8.292960988823477
JMPNZ FETCH_THIS,9.525104670116109
JMPNZ FETCH_UNSET,10.084720458051532
JMPNZ FETCH_W,6.019976365605722
JMPNZ FE_FREE,10.777867638611477
JMPNZ FE_RESET_R,6.734816370776927
JMPNZ FE_RESET_RW,10.372402530503313
JMPNZ FREE,8.475282545617432
JMPNZ GET_TYPE,10.777867638611477
JMPNZ INCLUDE_OR_EVAL,8.21291828114994
JMPNZ INIT_ARRAY,7.064295571907169
JMPNZ INIT_FCALL,4.0606677213503986
JMPNZ INSTANCEOF,8.986108169383423
JMPNZ IN_ARRAY,10.372402530503313
JMPNZ IS_EQUAL,4.273579465074832
JMPNZ IS_IDENTICAL,7.860096906527198
JMPNZ IS_NOT_EQUAL,7.040198020328109
JMPNZ IS_SMALLER,6.395841003937596
JMPNZ JMP,3.599703615848016
JMPNZ JMPNZ,8.069817437509268
JMPNZ JMPNZ_EX,9.525104670116109
JMPNZ JMPZ,5.517771484883638
JMPNZ JMPZ_EX,6.949226242122382
JMPNZ JMP_FRAMELESS,7.579194521060796
JMPNZ MOD,8.426492381448
JMPNZ MUL,7.500722905619301
JMPNZ NEW,7.599813808263532
JMPNZ NOP,10.777867638611477
JMPNZ OP_DATA,7.127209397317738
JMPNZ POST_INC,9.861576906737323
JMPNZ PRE_DEC,8.292960988823477
JMPNZ PRE_DEC_OBJ,10.777867638611477
JMPNZ PRE_INC,5.377445049126287
JMPNZ PRE_INC_OBJ,9.861576906737323
JMPNZ QM_ASSIGN,10.084720458051532
JMPNZ RETURN,4.114734942620674
JMPNZ RETURN_BY_REF,10.372402530503313
JMPNZ ROPE_INIT,5.95758607300644
JMPNZ SEND_VAL,9.168429726177378
JMPNZ SEND_VAL_EX,5.324685561502525
JMPNZ SEND_VAR,8.580643061275257
JMPNZ SEND_VAR_EX,5.170229024508179
JMPNZ SL,10.084720458051532
JMPNZ SR,9.273790241835203
JMPNZ STRLEN,6.306228845247908
JMPNZ SUB,7.70981470347786
JMPNZ SWITCH_LONG,9.525104670116109
JMPNZ SWITCH_STRING,9.525104670116109
JMPNZ THROW,9.679255349943368
JMPNZ TYPE_CHECK,7.343880434126331
JMPNZ UNSET_CV,7.757442752467115
JMPNZ UNSET_DIM,8.175177953167093
JMPNZ_EX ADD,8.005278916371696
JMPNZ_EX ASSIGN,7.974507257704942
JMPNZ_EX ASSIGN_DIM,9.861576906737323
JMPNZ_EX BEGIN_SILENCE,5.341964609110877
JMPNZ_EX BOOL,4.534672083337373
JMPNZ_EX BOOL_NOT,4.9430569015488715
JMPNZ_EX BW_AND,9.273790241835203
JMPNZ_EX CAST,6.675224273574681
JMPNZ_EX CHECK_FUNC_ARG,6.306228845247908
JMPNZ_EX CONCAT,6.89630384066804
JMPNZ_EX COUNT,6.938415326018166
JMPNZ_EX DEFINED,8.580643061275257
JMPNZ_EX DIV,10.372402530503313
JMPNZ_EX DO_FCALL,5.123625609515412
JMPNZ_EX ECHO,8.580643061275257
JMPNZ_EX FETCH_CLASS,10.777867638611477
JMPNZ_EX FETCH_CONSTANT,6.250658994093097
JMPNZ_EX FETCH_DIM_IS,8.005278916371696
JMPNZ_EX FETCH_DIM_R,4.61139991551722
JMPNZ_EX FETCH_IS,5.077424065220791
JMPNZ_EX FETCH_OBJ_IS,7.005106700516839
JMPNZ_EX FETCH_OBJ_R,5.028474652703224
JMPNZ_EX FETCH_R,4.819442945581695
JMPNZ_EX FETCH_THIS,9.168429726177378
JMPNZ_EX FETCH_W,8.252138994303222
JMPNZ_EX GET_CLASS,10.777867638611477
JMPNZ_EX INIT_ARRAY,10.372402530503313
JMPNZ_EX INIT_FCALL,3.9956755826046857
JMPNZ_EX INIT_USER_CALL,10.777867638611477
JMPNZ_EX INSTANCEOF,6.666993774438166
JMPNZ_EX IN_ARRAY,8.698426096931641
JMPNZ_EX IS_EQUAL,4.259458085857621
JMPNZ_EX IS_IDENTICAL,5.557511813533153
JMPNZ_EX IS_NOT_EQUAL,6.573175019220511
JMPNZ_EX IS_SMALLER,5.642069201561215
JMPNZ_EX JMPNZ_EX,9.679255349943368
JMPNZ_EX JMPZ,10.372402530503313
JMPNZ_EX JMPZ_EX,6.218741391124793
JMPNZ_EX JMP_FRAMELESS,6.421158811921885
JMPNZ_EX MOD,8.475282545617432
JMPNZ_EX MUL,7.539189186447096
JMPNZ_EX NEW,9.391573277491586
JMPNZ_EX NOP,8.252138994303222
JMPNZ_EX OP_DATA,7.076565664498983
JMPNZ_EX POST_DEC,10.777867638611477
JMPNZ_EX PRE_DEC,10.777867638611477
JMPNZ_EX PRE_INC,8.637801475115207
JMPNZ_EX ROPE_INIT,7.194348700155367
JMPNZ_EX SEND_VAL_EX,5.857886712783352
JMPNZ_EX SEND_VAR,9.391573277491586
JMPNZ_EX SEND_VAR_EX,5.45729966312862
JMPNZ_EX SL,9.861576906737323
JMPNZ_EX STRLEN,6.515187761570162
JMPNZ_EX SUB,8.335520603242273
JMPNZ_EX TYPE_CHECK,5.582136860838542
JMPZ ADD,5.445148845346108
JMPZ ASSERT_CHECK,9.861576906737323
JMPZ ASSIGN,3.0057467006201044
JMPZ ASSIGN_DIM,3.757676930299552
JMPZ ASSIGN_DIM_OP,7.064295571907169
JMPZ ASSIGN_OBJ,4.5144693760198535
JMPZ ASSIGN_OBJ_OP,7.296627549275786
JMPZ ASSIGN_OBJ_REF,10.372402530503313
JMPZ ASSIGN_OP,4.168518395444097
JMPZ ASSIGN_REF,9.679255349943368
JMPZ BEGIN_SILENCE,3.9627760444927596
JMPZ BIND_GLOBAL,6.3352163821211604
JMPZ BIND_LEXICAL,9.391573277491586
JMPZ BIND_STATIC,7.860096906527198
JMPZ BOOL,7.312131735811751
JMPZ BOOL_NOT,4.623009544595059
JMPZ BOOL_XOR,10.777867638611477
JMPZ BW_AND,5.0976950295944095
JMPZ BW_NOT,9.391573277491586
JMPZ BW_OR,9.168429726177378
JMPZ CAST,4.921364076937612
JMPZ CHECK_FUNC_ARG,3.606594914176857
JMPZ CLONE,7.463681633938951
JMPZ COALESCE,10.777867638611477
JMPZ CONCAT,3.5574938018875275
JMPZ COUNT,5.355122693688388
JMPZ DECLARE_CLASS,7.1402814788850915
JMPZ DEFINED,8.138810308996218
JMPZ DIV,7.166949725967252
JMPZ DO_FCALL,3.357588179227768
JMPZ ECHO,3.326916355832899
JMPZ FAST_CALL,10.372402530503313
JMPZ FETCH_CLASS,7.296627549275786
JMPZ FETCH_CONSTANT,4.412256666652758
JMPZ FETCH_DIM_IS,7.208334942130107
JMPZ FETCH_DIM_R,3.236715183475169
JMPZ FETCH_DIM_RW,7.833428659445037
JMPZ FETCH_DIM_UNSET,6.427589702252176
JMPZ FETCH_DIM_W,5.462201633728828
JMPZ FETCH_GLOBALS,7.153526705635112
JMPZ FETCH_IS,4.393516765602191
JMPZ FETCH_OBJ_IS,6.565740040732993
JMPZ FETCH_OBJ_R,3.4913335167836816
JMPZ FETCH_OBJ_RW,8.637801475115207
JMPZ FETCH_OBJ_UNSET,6.133476739470105
JMPZ FETCH_OBJ_W,5.276609428066751
JMPZ FETCH_R,3.5924806230310606
JMPZ FETCH_RW,7.005106700516839
JMPZ FETCH_THIS,5.582136860838542
JMPZ FETCH_UNSET,6.717424628065058
JMPZ FETCH_W,4.595782731894845
JMPZ FE_FREE,5.060839937205255
JMPZ FE_RESET_R,4.045061162093882
JMPZ FE_RESET_RW,8.175177953167093
JMPZ FREE,5.593279037391784
JMPZ FUNC_GET_ARGS,7.642373422682327
JMPZ GET_CLASS,7.686825185253161
JMPZ GET_TYPE,10.084720458051532
JMPZ INCLUDE_OR_EVAL,5.484562813886985
JMPZ INIT_ARRAY,4.582442359606059
JMPZ INIT_FCALL,2.707430409721285
JMPZ INIT_USER_CALL,7.463681633938951
JMPZ INSTANCEOF,7.222519577122063
JMPZ IN_ARRAY,6.917137927570882
JMPZ IS_EQUAL,4.593718747673995
JMPZ IS_IDENTICAL,6.5081701889115156
JMPZ IS_NOT_EQUAL,5.303498328283081
JMPZ IS_SMALLER,6.306228845247908
JMPZ JMP,3.4517310262546292
JMPZ JMPNZ,9.168429726177378
JMPZ JMPNZ_EX,6.128680567206612
JMPZ JMPZ,4.15712798753796
JMPZ JMPZ_EX,5.26041474214677
JMPZ JMP_FRAMELESS,5.359547479668744
JMPZ JMP_SET,8.986108169383423
JMPZ MOD,7.222519577122063
JMPZ MUL,6.536540886040731
JMPZ NEW,3.62952189471141
JMPZ NOP,4.558271998678246
JMPZ OP_DATA,4.372639180580636
JMPZ POST_DEC,10.777867638611477
JMPZ POST_INC,7.393477375265703
JMPZ POST_INC_OBJ,8.906065461709886
JMPZ PRE_DEC,6.9712051488411575
JMPZ PRE_DEC_OBJ,8.335520603242273
JMPZ PRE_INC,4.94745251302191
JMPZ PRE_INC_OBJ,7.463681633938951
JMPZ QM_ASSIGN,3.2269435488756364
JMPZ RETURN,3.1515411267292364
JMPZ RETURN_BY_REF,9.391573277491586
JMPZ ROPE_INIT,3.9545815162557902
JMPZ SEND_REF,10.084720458051532
JMPZ SEND_VAL,7.519771100589995
JMPZ SEND_VAL_EX,3.0958461277846028
JMPZ SEND_VAR,6.402110616951191
JMPZ SEND_VAR_EX,3.2022829870536844
JMPZ SL,9.073119546373052
JMPZ SR,8.005278916371696
JMPZ STRLEN,5.497205207302161
JMPZ SUB,5.530843566450991
JMPZ SWITCH_LONG,8.526575840004982
JMPZ SWITCH_STRING,6.982378449439283
JMPZ THROW,7.376670256949322
JMPZ TYPE_CHECK,5.186880658100621
JMPZ UNSET_CV,7.296627549275786
JMPZ UNSET_DIM,5.530843566450991
JMPZ UNSET_OBJ,8.037027614686277
JMPZ UNSET_VAR,8.762964618069212
JMPZ_EX ADD,7.180555378023032
JMPZ_EX ASSIGN,7.281360077144997
JMPZ_EX ASSIGN_DIM,7.642373422682327
JMPZ_EX ASSIGN_OBJ,10.372402530503313
JMPZ_EX ASSIGN_OP,9.861576906737323
JMPZ_EX BEGIN_SILENCE,4.9577847082591155
JMPZ_EX BOOL,4.025597262469735
JMPZ_EX BOOL_NOT,4.306294440399565
JMPZ_EX BW_AND,9.861576906737323
JMPZ_EX CAST,7.558991813743276
JMPZ_EX CHECK_FUNC_ARG,5.252414699479694
JMPZ_EX CONCAT,6.37726461836466
JMPZ_EX COUNT,5.8725928601730475
JMPZ_EX DEFINED,7.393477375265703
JMPZ_EX DIV,8.526575840004982
JMPZ_EX DO_FCALL,4.608256906120021
JMPZ_EX FETCH_CLASS,9.679255349943368
JMPZ_EX FETCH_CONSTANT,5.811532603411801
JMPZ_EX FETCH_DIM_IS,6.89630384066804
JMPZ_EX FETCH_DIM_R,4.038531011254303
JMPZ_EX FETCH_DIM_RW,10.777867638611477
JMPZ_EX FETCH_IS,4.434866325420886
JMPZ_EX FETCH_OBJ_IS,6.32352034235797
JMPZ_EX FETCH_OBJ_R,4.299357996402907
JMPZ_EX FETCH_R,4.163812504406684
JMPZ_EX FETCH_THIS,7.70981470347786
JMPZ_EX FETCH_W,10.372402530503313
JMPZ_EX GET_CLASS,8.379972365813106
JMPZ_EX INIT_ARRAY,8.580643061275257
JMPZ_EX INIT_FCALL,3.968828332568498
JMPZ_EX INIT_USER_CALL,9.168429726177378
JMPZ_EX INSTANCEOF,6.580665690949669
JMPZ_EX IN_ARRAY,7.463681633938951
JMPZ_EX IS_EQUAL,4.665292265754437
JMPZ_EX IS_IDENTICAL,6.306228845247908
JMPZ_EX IS_NOT_EQUAL,4.267609298088328
JMPZ_EX IS_SMALLER,5.363991931429168
JMPZ_EX JMPNZ_EX,6.515187761570162
JMPZ_EX JMPZ,8.379972365813106
JMPZ_EX JMPZ_EX,7.944654294555261
JMPZ_EX JMP_FRAMELESS,6.002954678036291
JMPZ_EX MOD,7.222519577122063
JMPZ_EX MUL,8.637801475115207
JMPZ_EX NEW,9.168429726177378
JMPZ_EX NOP,7.266322199780457
JMPZ_EX OP_DATA,6.565740040732993
JMPZ_EX POST_DEC,9.861576906737323
JMPZ_EX POST_INC,9.391573277491586
JMPZ_EX POST_INC_OBJ,10.777867638611477
JMPZ_EX PRE_DEC,10.084720458051532
JMPZ_EX PRE_INC,9.679255349943368
JMPZ_EX ROPE_INIT,7.296627549275786
JMPZ_EX SEND_VAL,9.861576906737323
JMPZ_EX SEND_VAL_EX,5.044526361713732
JMPZ_EX SEND_VAR,9.073119546373052
JMPZ_EX SEND_VAR_EX,4.82722508602375
JMPZ_EX SR,10.777867638611477
JMPZ_EX STRLEN,6.365069345270842
JMPZ_EX SUB,7.076565664498983
JMPZ_EX TYPE_CHECK,5.089198801765324
JMP_FRAMELESS ADD,9.679255349943368
JMP_FRAMELESS BEGIN_SILENCE,10.372402530503313
JMP_FRAMELESS CAST,9.273790241835203
JMP_FRAMELESS CHECK_FUNC_ARG,5.636204082108818
JMP_FRAMELESS CONCAT,7.558991813743276
JMP_FRAMELESS DIV,10.372402530503313
JMP_FRAMELESS DO_FCALL,6.675224273574681
JMP_FRAMELESS FETCH_CLASS,10.777867638611477
JMP_FRAMELESS FETCH_CONSTANT,7.664352329401103
JMP_FRAMELESS FETCH_DIM_IS,10.777867638611477
JMP_FRAMELESS FETCH_DIM_R,8.175177953167093
JMP_FRAMELESS FETCH_IS,10.777867638611477
JMP_FRAMELESS FETCH_OBJ_IS,10.777867638611477
JMP_FRAMELESS FETCH_OBJ_R,8.379972365813106
JMP_FRAMELESS FETCH_R,10.372402530503313
JMP_FRAMELESS FETCH_THIS,9.073119546373052
JMP_FRAMELESS INIT_ARRAY,9.861576906737323
JMP_FRAMELESS INIT_FCALL,10.084720458051532
JMP_FRAMELESS NOP,9.679255349943368
JMP_FRAMELESS ROPE_INIT,8.698426096931641
JMP_FRAMELESS SEND_VAL,10.777867638611477
JMP_FRAMELESS SEND_VAL_EX,4.585505149136605
JMP_FRAMELESS SEND_VAR,10.372402530503313
JMP_FRAMELESS SEND_VAR_EX,4.682043076179252
JMP_SET BEGIN_SILENCE,9.525104670116109
JMP_SET CHECK_FUNC_ARG,9.861576906737323
JMP_SET CONCAT,10.084720458051532
JMP_SET DO_FCALL,8.138810308996218
JMP_SET FETCH_CLASS,10.372402530503313
JMP_SET FETCH_CONSTANT,9.525104670116109
JMP_SET FETCH_DIM_R,9.861576906737323
JMP_SET FETCH_OBJ_R,8.175177953167093
JMP_SET FETCH_R,10.084720458051532
JMP_SET FETCH_THIS,10.372402530503313
JMP_SET INIT_ARRAY,10.084720458051532
JMP_SET INIT_FCALL,9.861576906737323
JMP_SET JMPZ,10.372402530503313
JMP_SET JMP_FRAMELESS,9.861576906737323
JMP_SET NEW,8.138810308996218
JMP_SET QM_ASSIGN,6.515187761570162
JMP_SET ROPE_INIT,10.777867638611477
JMP_SET SEND_VAL_EX,8.426492381448
JMP_SET SEND_VAR_EX,9.525104670116109
JOIN FETCH_OBJ_R,10.777867638611477
MAKE_REF ASSIGN_OBJ_REF,8.335520603242273
MAKE_REF FETCH_DIM_W,7.915666757682009
MAKE_REF FETCH_OBJ_W,8.831957489556164
MAKE_REF FETCH_W,9.679255349943368
MAKE_REF OP_DATA,10.777867638611477
MOD ADD,6.836285830941787
MOD ASSIGN,6.447134298325146
MOD ASSIGN_DIM,10.084720458051532
MOD ASSIGN_OBJ,9.679255349943368
MOD ASSIGN_OP,8.005278916371696
MOD BOOL,9.861576906737323
MOD BOOL_NOT,10.777867638611477
MOD BW_XOR,10.777867638611477
MOD CAST,9.525104670116109
MOD CONCAT,8.252138994303222
MOD DIV,8.637801475115207
MOD FETCH_DIM_R,7.052174211374824
MOD FETCH_DIM_W,10.777867638611477
MOD FETCH_OBJ_R,9.525104670116109
MOD FETCH_R,9.073119546373052
MOD FETCH_W,8.906065461709886
MOD INIT_FCALL,9.168429726177378
MOD IS_EQUAL,5.659873826194722
MOD IS_IDENTICAL,8.580643061275257
MOD IS_NOT_EQUAL,7.70981470347786
MOD IS_SMALLER,7.915666757682009
MOD JMPNZ,10.372402530503313
MOD JMPZ,6.283629013330668
MOD JMPZ_EX,10.372402530503313
MOD MOD,9.861576906737323
MOD MUL,10.084720458051532
MOD OP_DATA,8.986108169383423
MOD QM_ASSIGN,10.777867638611477
MOD RETURN,9.391573277491586
MOD SEND_FUNC_ARG,10.372402530503313
MOD SEND_VAL,7.974507257704942
MOD SEND_VAL_EX,8.637801475115207
MOD SUB,7.088988184497541
MUL ADD,5.780655364847362
MUL ASSIGN,5.309807497476346
MUL ASSIGN_DIM,6.717424628065058
MUL ASSIGN_DIM_OP,10.084720458051532
MUL ASSIGN_OBJ,7.974507257704942
MUL ASSIGN_OP,5.832660149837677
MUL BOOL,8.175177953167093
MUL BOOL_NOT,9.273790241835203
MUL BW_AND,8.986108169383423
MUL BW_NOT,10.777867638611477
MUL BW_OR,10.777867638611477
MUL BW_XOR,9.861576906737323
MUL CAST,5.8725928601730475
MUL CHECK_FUNC_ARG,9.525104670116109
MUL CONCAT,5.604546762238126
MUL COUNT,8.526575840004982
MUL DIV,6.267008132094627
MUL DO_FCALL,9.525104670116109
MUL ECHO,8.379972365813106
MUL END_SILENCE,8.906065461709886
MUL FETCH_CONSTANT,10.084720458051532
MUL FETCH_DIM_R,6.734816370776927
MUL FETCH_DIM_RW,8.986108169383423
MUL FETCH_DIM_W,9.391573277491586
MUL FETCH_OBJ_R,7.312131735811751
MUL FETCH_OBJ_RW,9.861576906737323
MUL FETCH_OBJ_W,8.580643061275257
MUL FETCH_R,9.679255349943368
MUL FETCH_RW,8.698426096931641
MUL FETCH_W,8.698426096931641
MUL FREE,10.084720458051532
MUL INIT_ARRAY,9.073119546373052
MUL INIT_FCALL,6.938415326018166
MUL IS_EQUAL,9.073119546373052
MUL IS_IDENTICAL,9.273790241835203
MUL IS_NOT_EQUAL,7.427963551336872
MUL IS_SMALLER,6.960155312654573
MUL JMPNZ,10.084720458051532
MUL JMPNZ_EX,10.777867638611477
MUL JMPZ,8.762964618069212
MUL JMPZ_EX,9.168429726177378
MUL JMP_FRAMELESS,10.777867638611477
MUL MOD,8.580643061275257
MUL MUL,6.618984555251806
MUL OP_DATA,6.960155312654573
MUL QM_ASSIGN,6.993678004693216
MUL RETURN,5.883766160771173
MUL SEND_VAL,5.036468300383969
MUL SEND_VAL_EX,5.96568328323906
MUL SEND_VAR_EX,9.391573277491586
MUL SL,8.580643061275257
MUL SR,10.372402530503313
MUL SUB,6.467068513225963
MYISAM CONCAT,10.372402530503313
NEW ADD,9.861576906737323
NEW ASSIGN,10.777867638611477
NEW BEGIN_SILENCE,10.372402530503313
NEW BIND_LEXICAL,9.273790241835203
NEW BW_AND,9.861576906737323
NEW BW_OR,9.679255349943368
NEW BW_XOR,9.861576906737323
NEW CAST,8.379972365813106
NEW CHECK_FUNC_ARG,4.582442359606059
NEW CLONE,10.372402530503313
NEW CONCAT,5.433143899249285
NEW COUNT,10.372402530503313
NEW DIV,10.777867638611477
NEW DO_FCALL,3.3663113508003137
NEW FETCH_CLASS,9.679255349943368
NEW FETCH_CONSTANT,7.558991813743276
NEW FETCH_DIM_IS,10.777867638611477
NEW FETCH_DIM_R,7.427963551336872
NEW FETCH_OBJ_IS,10.084720458051532
NEW FETCH_OBJ_R,6.453734982356498
NEW FETCH_OBJ_W,10.777867638611477
NEW FETCH_R,8.21291828114994
NEW FETCH_THIS,5.696463273627014
NEW GET_CLASS,8.526575840004982
NEW GET_TYPE,9.391573277491586
NEW INIT_ARRAY,6.700330194705757
NEW INIT_FCALL,7.251507113995316
NEW JMPZ,9.273790241835203
NEW JMP_FRAMELESS,8.335520603242273
NEW JMP_SET,10.084720458051532
NEW MUL,10.372402530503313
NEW NEW,5.402589230927312
NEW NOP,7.076565664498983
NEW OP_DATA,10.372402530503313
NEW PRE_INC_OBJ,10.372402530503313
NEW ROPE_INIT,5.953561922706715
NEW SEND_VAL,10.084720458051532
NEW SEND_VAL_EX,3.607748095161849
NEW SEND_VAR,10.084720458051532
NEW SEND_VAR_EX,3.9754728752871666
NEW SL,10.777867638611477
NEW SR,10.372402530503313
NEW STRLEN,9.861576906737323
NEW SUB,10.084720458051532
NEW TYPE_CHECK,10.084720458051532
NOP ADD,10.372402530503313
NOP ASSIGN,10.777867638611477
NOP CAST,9.273790241835203
NOP CHECK_FUNC_ARG,10.777867638611477
NOP DO_FCALL,8.475282545617432
NOP ECHO,10.084720458051532
NOP FAST_CONCAT,3.5574938018875275
NOP FETCH_DIM_R,5.659873826194722
NOP FETCH_OBJ_R,5.282750696088833
NOP FETCH_R,7.114305992481831
NOP INCLUDE_OR_EVAL,10.777867638611477
NOP INIT_ARRAY,10.777867638611477
NOP JMP,7.974507257704942
NOP NOP,8.986108169383423
NOP SEND_VAL_EX,10.372402530503313
NOP SEND_VAR_EX,10.777867638611477
OFF ASSIGN,10.372402530503313
OFF DO_ICALL,9.391573277491586
OFF FETCH_R,10.777867638611477
OFF INIT_FCALL,8.762964618069212
OP_DATA ADD,6.203156660108094
OP_DATA ASSERT_CHECK,10.372402530503313
OP_DATA ASSIGN,3.1682532384673734
OP_DATA ASSIGN_DIM,3.7639521638009494
OP_DATA ASSIGN_DIM_OP,6.123907288453954
OP_DATA ASSIGN_OBJ,3.827052870168893
OP_DATA ASSIGN_OBJ_OP,6.278057968281212
OP_DATA ASSIGN_OBJ_REF,9.391573277491586
OP_DATA ASSIGN_OP,5.3819699437245765
OP_DATA ASSIGN_REF,10.084720458051532
OP_DATA BEGIN_SILENCE,4.76537572431142
OP_DATA BIND_GLOBAL,6.359027030814879
OP_DATA BIND_LEXICAL,9.073119546373052
OP_DATA BIND_STATIC,9.168429726177378
OP_DATA BOOL,6.123907288453954
OP_DATA BOOL_NOT,4.741190748681947
OP_DATA BW_AND,5.777282680368723
OP_DATA BW_NOT,10.777867638611477
OP_DATA BW_XOR,9.073119546373052
OP_DATA CASE,10.372402530503313
OP_DATA CAST,5.832660149837677
OP_DATA CHECK_FUNC_ARG,4.6444695956148285
OP_DATA CLONE,10.084720458051532
OP_DATA COALESCE,10.372402530503313
OP_DATA CONCAT,4.099525523957145
OP_DATA COUNT,6.658830463799005
OP_DATA DECLARE_CLASS,9.679255349943368
OP_DATA DEFINED,7.915666757682009
OP_DATA DIV,8.986108169383423
OP_DATA DO_FCALL,3.8337804303819496
OP_DATA ECHO,5.004870094933803
OP_DATA END_SILENCE,5.7026938233776505
OP_DATA FAST_RET,10.777867638611477
OP_DATA FETCH_CLASS,8.906065461709886
OP_DATA FETCH_CONSTANT,5.402589230927312
OP_DATA FETCH_DIM_IS,6.467068513225963
OP_DATA FETCH_DIM_R,3.940534823925886
OP_DATA FETCH_DIM_RW,7.887495880715313
OP_DATA FETCH_DIM_UNSET,7.579194521060796
OP_DATA FETCH_DIM_W,5.272536102679115
OP_DATA FETCH_FUNC_ARG,8.762964618069212
OP_DATA FETCH_IS,5.054282536659096
OP_DATA FETCH_LIST_R,6.700330194705757
OP_DATA FETCH_OBJ_IS,6.213519447143641
OP_DATA FETCH_OBJ_R,3.8366775835431026
OP_DATA FETCH_OBJ_RW,6.626827732712831
OP_DATA FETCH_OBJ_UNSET,7.70981470347786
OP_DATA FETCH_OBJ_W,4.188941161077958
OP_DATA FETCH_R,4.700225395262443
OP_DATA FETCH_RW,7.076565664498983
OP_DATA FETCH_THIS,5.077424065220791
OP_DATA FETCH_UNSET,8.831957489556164
OP_DATA FETCH_W,5.175748817731776
OP_DATA FE_FREE,7.266322199780457
OP_DATA FE_RESET_R,5.348522009657036
OP_DATA FE_RESET_RW,9.168429726177378
OP_DATA FREE,5.077424065220791
OP_DATA FUNC_GET_ARGS,9.391573277491586
OP_DATA FUNC_NUM_ARGS,8.698426096931641
OP_DATA GET_CLASS,10.777867638611477
OP_DATA GET_TYPE,10.372402530503313
OP_DATA INCLUDE_OR_EVAL,8.175177953167093
OP_DATA INIT_ARRAY,5.205713606433712
OP_DATA INIT_FCALL,3.7680071366921863
OP_DATA INIT_USER_CALL,9.273790241835203
OP_DATA INSTANCEOF,7.427963551336872
OP_DATA IN_ARRAY,9.273790241835203
OP_DATA IS_EQUAL,4.584483176640912
OP_DATA IS_IDENTICAL,6.294865086597594
OP_DATA IS_NOT_EQUAL,5.252414699479694
OP_DATA IS_SMALLER,6.875894969036833
OP_DATA JMP,3.036116870482015
OP_DATA JMPNZ,7.180555378023032
OP_DATA JMPNZ_EX,7.153526705635112
OP_DATA JMPZ,4.225359751576887
OP_DATA JMPZ_EX,5.639132341887906
OP_DATA JMP_FRAMELESS,5.887518510389723
OP_DATA JMP_SET,8.103718989184948
OP_DATA MAKE_REF,10.777867638611477
OP_DATA MOD,9.679255349943368
OP_DATA MUL,8.379972365813106
OP_DATA NEW,4.770283709623612
OP_DATA NOP,6.658830463799005
OP_DATA OP_DATA,5.244478149883957
OP_DATA POST_DEC,8.138810308996218
OP_DATA POST_INC,9.273790241835203
OP_DATA POST_INC_OBJ,8.475282545617432
OP_DATA PRE_DEC,7.005106700516839
OP_DATA PRE_DEC_OBJ,9.525104670116109
OP_DATA PRE_INC,4.269098501639796
OP_DATA PRE_INC_OBJ,7.807453173041776
OP_DATA QM_ASSIGN,5.4921290542703005
OP_DATA RETURN,2.0341765280684565
OP_DATA RETURN_BY_REF,10.084720458051532
OP_DATA ROPE_INIT,5.757282013662054
OP_DATA SEND_REF,9.861576906737323
OP_DATA SEND_VAL,4.424367541322667
OP_DATA SEND_VAL_EX,3.711827380663627
OP_DATA SEND_VAR,7.482030772607148
OP_DATA SEND_VAR_EX,3.935184356373055
OP_DATA SL,8.103718989184948
OP_DATA SR,8.637801475115207
OP_DATA STRLEN,6.6507332535663855
OP_DATA SUB,7.558991813743276
OP_DATA SWITCH_LONG,10.777867638611477
OP_DATA SWITCH_STRING,7.558991813743276
OP_DATA THROW,9.391573277491586
OP_DATA TYPE_CHECK,5.264438892446495
OP_DATA UNSET_CV,6.836285830941787
OP_DATA UNSET_DIM,6.011429305027264
OP_DATA UNSET_OBJ,7.642373422682327
OP_DATA UNSET_VAR,10.777867638611477
POST_DEC ASSIGN_OP,10.777867638611477
POST_DEC BOOL,9.861576906737323
POST_DEC BOOL_NOT,10.372402530503313
POST_DEC CONCAT,10.084720458051532
POST_DEC FETCH_DIM_R,10.777867638611477
POST_DEC IS_IDENTICAL,10.777867638611477
POST_DEC IS_SMALLER,7.558991813743276
POST_DEC JMPNZ,7.088988184497541
POST_DEC JMPZ,10.777867638611477
POST_DEC JMPZ_EX,10.084720458051532
POST_DEC QM_ASSIGN,10.777867638611477
POST_DEC ROPE_INIT,10.777867638611477
POST_DEC_OBJ ASSIGN,10.777867638611477
POST_DEC_OBJ SEND_VAL,10.777867638611477
POST_DEC_OBJ SEND_VAL_EX,10.777867638611477
POST_INC ADD,9.391573277491586
POST_INC ASSIGN,8.21291828114994
POST_INC ASSIGN_DIM,7.974507257704942
POST_INC ASSIGN_OBJ,9.861576906737323
POST_INC BOOL,10.372402530503313
POST_INC BW_AND,10.777867638611477
POST_INC CHECK_FUNC_ARG,8.986108169383423
POST_INC CONCAT,7.251507113995316
POST_INC ECHO,8.637801475115207
POST_INC FETCH_CONSTANT,10.777867638611477
POST_INC FETCH_DIM_R,7.32788009277989
POST_INC FETCH_DIM_W,9.273790241835203
POST_INC FETCH_OBJ_R,9.273790241835203
POST_INC FETCH_OBJ_W,10.084720458051532
POST_INC FETCH_W,8.986108169383423
POST_INC INIT_ARRAY,8.292960988823477
POST_INC INIT_FCALL,8.379972365813106
POST_INC IS_EQUAL,9.861576906737323
POST_INC IS_NOT_EQUAL,10.777867638611477
POST_INC IS_SMALLER,8.831957489556164
POST_INC JMPZ,9.679255349943368
POST_INC MOD,6.82662392003005
POST_INC MUL,10.777867638611477
POST_INC NEW,10.372402530503313
POST_INC OP_DATA,7.860096906527198
POST_INC POST_INC,9.861576906737323
POST_INC QM_ASSIGN,10.084720458051532
POST_INC RETURN,10.777867638611477
POST_INC SEND_FUNC_ARG,8.475282545617432
POST_INC SEND_USER,10.777867638611477
POST_INC SEND_VAL,7.915666757682009
POST_INC SEND_VAL_EX,7.208334942130107
POST_INC SEND_VAR_EX,8.005278916371696
POST_INC SL,10.777867638611477
POST_INC SUB,10.777867638611477
POST_INC UNSET_DIM,10.372402530503313
POST_INC_OBJ ADD,10.777867638611477
POST_INC_OBJ ASSIGN,8.637801475115207
POST_INC_OBJ CONCAT,10.372402530503313
POST_INC_OBJ FETCH_DIM_R,9.168429726177378
POST_INC_OBJ FETCH_OBJ_R,8.138810308996218
POST_INC_OBJ FETCH_OBJ_W,9.679255349943368
POST_INC_OBJ INIT_ARRAY,10.777867638611477
POST_INC_OBJ OP_DATA,10.777867638611477
POST_INC_OBJ RETURN,10.777867638611477
POST_INC_OBJ SEND_VAL_EX,8.379972365813106
PRE_DEC ADD,9.391573277491586
PRE_DEC ASSIGN,8.831957489556164
PRE_DEC ASSIGN_DIM,9.679255349943368
PRE_DEC ASSIGN_OBJ,10.372402530503313
PRE_DEC ASSIGN_OP,9.391573277491586
PRE_DEC BEGIN_SILENCE,10.777867638611477
PRE_DEC BOOL_NOT,8.426492381448
PRE_DEC BW_AND,9.861576906737323
PRE_DEC CHECK_FUNC_ARG,10.372402530503313
PRE_DEC CONCAT,10.084720458051532
PRE_DEC COUNT,10.372402530503313
PRE_DEC DO_FCALL,10.372402530503313
PRE_DEC ECHO,10.084720458051532
PRE_DEC FETCH_CONSTANT,10.372402530503313
PRE_DEC FETCH_DIM_R,7.236908314574163
PRE_DEC FETCH_OBJ_IS,10.372402530503313
PRE_DEC FETCH_OBJ_R,9.168429726177378
PRE_DEC FETCH_R,6.371148391347224
PRE_DEC INIT_ARRAY,10.372402530503313
PRE_DEC INIT_FCALL,8.831957489556164
PRE_DEC IS_EQUAL,8.831957489556164
PRE_DEC IS_IDENTICAL,9.861576906737323
PRE_DEC IS_NOT_EQUAL,10.372402530503313
PRE_DEC IS_SMALLER,6.836285830941787
PRE_DEC JMP,6.440576897778987
PRE_DEC JMPNZ,5.541425675781528
PRE_DEC JMPNZ_EX,10.777867638611477
PRE_DEC JMPZ,9.525104670116109
PRE_DEC JMPZ_EX,9.525104670116109
PRE_DEC MOD,10.777867638611477
PRE_DEC MUL,9.679255349943368
PRE_DEC NOP,10.084720458051532
PRE_DEC OP_DATA,9.861576906737323
PRE_DEC PRE_DEC,9.391573277491586
PRE_DEC PRE_INC,8.986108169383423
PRE_DEC PRE_INC_OBJ,9.861576906737323
PRE_DEC RETURN,9.391573277491586
PRE_DEC ROPE_INIT,10.372402530503313
PRE_DEC SEND_VAL,10.084720458051532
PRE_DEC SEND_VAL_EX,9.073119546373052
PRE_DEC SEND_VAR,10.777867638611477
PRE_DEC SEND_VAR_EX,8.138810308996218
PRE_DEC SR,9.861576906737323
PRE_DEC_OBJ ASSIGN_OBJ,10.084720458051532
PRE_DEC_OBJ BOOL_NOT,10.777867638611477
PRE_DEC_OBJ CHECK_FUNC_ARG,10.777867638611477
PRE_DEC_OBJ CONCAT,10.372402530503313
PRE_DEC_OBJ DO_FCALL,10.372402530503313
PRE_DEC_OBJ FETCH_OBJ_R,8.21291828114994
PRE_DEC_OBJ FETCH_OBJ_UNSET,10.777867638611477
PRE_DEC_OBJ FETCH_THIS,10.084720458051532
PRE_DEC_OBJ FREE,10.777867638611477
PRE_DEC_OBJ INIT_FCALL,9.525104670116109
PRE_DEC_OBJ JMP,10.084720458051532
PRE_DEC_OBJ JMPZ,10.372402530503313
PRE_DEC_OBJ JMPZ_EX,10.372402530503313
PRE_DEC_OBJ PRE_INC,10.777867638611477
PRE_DEC_OBJ RETURN,8.526575840004982
PRE_DEC_OBJ SEND_VAL,10.777867638611477
PRE_DEC_OBJ SEND_VAL_EX,10.777867638611477
PRE_DEC_OBJ SEND_VAR_EX,10.777867638611477
PRE_DEC_OBJ STRLEN,10.372402530503313
PRE_INC ADD,6.798185984709517
PRE_INC ASSIGN,6.743627000459082
PRE_INC ASSIGN_DIM,6.906666627703586
PRE_INC ASSIGN_DIM_OP,10.777867638611477
PRE_INC ASSIGN_OBJ,9.861576906737323
PRE_INC ASSIGN_OP,7.076565664498983
PRE_INC BEGIN_SILENCE,5.370695867151358
PRE_INC BOOL,10.777867638611477
PRE_INC BOOL_NOT,7.833428659445037
PRE_INC BW_AND,9.273790241835203
PRE_INC CASE,10.777867638611477
PRE_INC CAST,9.679255349943368
PRE_INC CHECK_FUNC_ARG,6.133476739470105
PRE_INC CONCAT,6.208324630266537
PRE_INC COUNT,4.6945078267992395
PRE_INC DIV,7.807453173041776
PRE_INC DO_FCALL,6.37726461836466
PRE_INC ECHO,7.222519577122063
PRE_INC END_SILENCE,8.526575840004982
PRE_INC FETCH_CONSTANT,7.782135365057486
PRE_INC FETCH_DIM_IS,10.777867638611477
PRE_INC FETCH_DIM_R,5.477053391864853
PRE_INC FETCH_DIM_RW,10.084720458051532
PRE_INC FETCH_DIM_W,10.084720458051532
PRE_INC FETCH_IS,8.986108169383423
PRE_INC FETCH_OBJ_IS,9.168429726177378
PRE_INC FETCH_OBJ_R,6.024277447505113
PRE_INC FETCH_OBJ_W,9.679255349943368
PRE_INC FETCH_R,5.407229610483815
PRE_INC FETCH_RW,10.372402530503313
PRE_INC FETCH_THIS,10.777867638611477
PRE_INC FETCH_W,8.831957489556164
PRE_INC FE_FREE,9.168429726177378
PRE_INC FE_RESET_R,8.069817437509268
PRE_INC INIT_ARRAY,8.986108169383423
PRE_INC INIT_FCALL,4.871144319958586
PRE_INC IS_EQUAL,5.645014711790973
PRE_INC IS_IDENTICAL,9.273790241835203
PRE_INC IS_NOT_EQUAL,7.887495880715313
PRE_INC IS_SMALLER,4.09513267095641
PRE_INC JMP,4.560264031209487
PRE_INC JMPNZ,4.489080142015034
PRE_INC JMPNZ_EX,10.372402530503313
PRE_INC JMPZ,6.993678004693216
PRE_INC JMPZ_EX,6.938415326018166
PRE_INC JMP_FRAMELESS,9.861576906737323
PRE_INC MOD,8.986108169383423
PRE_INC MUL,9.168429726177378
PRE_INC NEW,9.391573277491586
PRE_INC NOP,7.860096906527198
PRE_INC OP_DATA,9.525104670116109
PRE_INC POST_INC,9.525104670116109
PRE_INC PRE_DEC,7.782135365057486
PRE_INC PRE_INC,5.906494411848729
PRE_INC PRE_INC_OBJ,10.777867638611477
PRE_INC QM_ASSIGN,9.525104670116109
PRE_INC RETURN,6.960155312654573
PRE_INC ROPE_INIT,6.82662392003005
PRE_INC SEND_REF,10.777867638611477
PRE_INC SEND_VAL,10.084720458051532
PRE_INC SEND_VAL_EX,7.1402814788850915
PRE_INC SEND_VAR,9.679255349943368
PRE_INC SEND_VAR_EX,5.753987117765201
PRE_INC SR,8.037027614686277
PRE_INC STRLEN,5.065786361140581
PRE_INC SUB,5.645014711790973
PRE_INC SWITCH_STRING,10.372402530503313
PRE_INC TYPE_CHECK,8.292960988823477
PRE_INC UNSET_CV,10.084720458051532
PRE_INC UNSET_DIM,9.679255349943368
PRE_INC UNSET_OBJ,10.777867638611477
PRE_INC_OBJ ASSIGN,9.391573277491586
PRE_INC_OBJ ASSIGN_OBJ,8.698426096931641
PRE_INC_OBJ ASSIGN_OP,10.777867638611477
PRE_INC_OBJ BEGIN_SILENCE,6.927720036901419
PRE_INC_OBJ BOOL_NOT,10.084720458051532
PRE_INC_OBJ CHECK_FUNC_ARG,10.084720458051532
PRE_INC_OBJ CONCAT,10.372402530503313
PRE_INC_OBJ DEFINED,10.084720458051532
PRE_INC_OBJ DO_FCALL,9.073119546373052
PRE_INC_OBJ FETCH_CONSTANT,10.777867638611477
PRE_INC_OBJ FETCH_DIM_R,10.084720458051532
PRE_INC_OBJ FETCH_OBJ_IS,10.777867638611477
PRE_INC_OBJ FETCH_OBJ_R,7.052174211374824
PRE_INC_OBJ FETCH_OBJ_W,9.525104670116109
PRE_INC_OBJ FETCH_THIS,10.372402530503313
PRE_INC_OBJ FE_RESET_R,10.372402530503313
PRE_INC_OBJ FREE,10.084720458051532
PRE_INC_OBJ INIT_ARRAY,10.777867638611477
PRE_INC_OBJ INIT_FCALL,8.831957489556164
PRE_INC_OBJ INSTANCEOF,10.777867638611477
PRE_INC_OBJ IS_EQUAL,10.084720458051532
PRE_INC_OBJ JMP,8.005278916371696
PRE_INC_OBJ JMPNZ,10.777867638611477
PRE_INC_OBJ JMPNZ_EX,10.777867638611477
PRE_INC_OBJ JMP_FRAMELESS,10.777867638611477
PRE_INC_OBJ NEW,10.084720458051532
PRE_INC_OBJ PRE_DEC_OBJ,10.777867638611477
PRE_INC_OBJ PRE_INC_OBJ,9.861576906737323
PRE_INC_OBJ RETURN,7.312131735811751
PRE_INC_OBJ SEND_VAL,10.777867638611477
PRE_INC_OBJ SEND_VAL_EX,9.391573277491586
PRE_INC_OBJ SEND_VAR,10.372402530503313
PRE_INC_OBJ SEND_VAR_EX,9.861576906737323
PRE_INC_OBJ STRLEN,9.073119546373052
PRE_INC_OBJ UNSET_DIM,10.777867638611477
QM_ASSIGN ADD,7.782135365057486
QM_ASSIGN ASSIGN,3.356989376814666
QM_ASSIGN ASSIGN_DIM,4.692229921486245
QM_ASSIGN ASSIGN_DIM_OP,8.138810308996218
QM_ASSIGN ASSIGN_OBJ,5.442736298940724
QM_ASSIGN ASSIGN_OBJ_OP,9.391573277491586
QM_ASSIGN ASSIGN_OP,4.502164440829475
QM_ASSIGN BEGIN_SILENCE,9.861576906737323
QM_ASSIGN BOOL,9.273790241835203
QM_ASSIGN BOOL_NOT,7.686825185253161
QM_ASSIGN BW_AND,9.168429726177378
QM_ASSIGN BW_OR,9.861576906737323
QM_ASSIGN CAST,7.445663128436273
QM_ASSIGN CHECK_FUNC_ARG,8.21291828114994
QM_ASSIGN COALESCE,10.777867638611477
QM_ASSIGN CONCAT,4.380937983395331
QM_ASSIGN COUNT,9.391573277491586
QM_ASSIGN DIV,9.273790241835203
QM_ASSIGN DO_FCALL,8.762964618069212
QM_ASSIGN ECHO,4.656471921911464
QM_ASSIGN END_SILENCE,8.475282545617432
QM_ASSIGN FETCH_CONSTANT,9.391573277491586
QM_ASSIGN FETCH_DIM_IS,8.426492381448
QM_ASSIGN FETCH_DIM_R,5.808054339035476
QM_ASSIGN FETCH_DIM_RW,10.777867638611477
QM_ASSIGN FETCH_DIM_W,6.460379525075167
QM_ASSIGN FETCH_IS,8.292960988823477
QM_ASSIGN FETCH_LIST_R,6.063843047711304
QM_ASSIGN FETCH_OBJ_IS,10.084720458051532
QM_ASSIGN FETCH_OBJ_R,7.519771100589995
QM_ASSIGN FETCH_OBJ_RW,10.777867638611477
QM_ASSIGN FETCH_OBJ_W,6.675224273574681
QM_ASSIGN FETCH_R,6.007183014145812
QM_ASSIGN FETCH_RW,7.393477375265703
QM_ASSIGN FETCH_THIS,10.372402530503313
QM_ASSIGN FETCH_W,5.350717400220472
QM_ASSIGN FE_FREE,8.526575840004982
QM_ASSIGN FE_RESET_R,8.426492381448
QM_ASSIGN FREE,5.95758607300644
QM_ASSIGN INCLUDE_OR_EVAL,9.861576906737323
QM_ASSIGN INIT_ARRAY,6.119156685695356
QM_ASSIGN INIT_FCALL,6.9712051488411575
QM_ASSIGN INIT_USER_CALL,10.372402530503313
QM_ASSIGN IN_ARRAY,10.777867638611477
QM_ASSIGN IS_EQUAL,8.426492381448
QM_ASSIGN IS_IDENTICAL,8.426492381448
QM_ASSIGN IS_NOT_EQUAL,8.335520603242273
QM_ASSIGN IS_SMALLER,7.757442752467115
QM_ASSIGN JMP,2.8781577238341955
QM_ASSIGN JMPNZ,10.372402530503313
QM_ASSIGN JMPNZ_EX,8.292960988823477
QM_ASSIGN JMPZ,6.9712051488411575
QM_ASSIGN JMPZ_EX,8.637801475115207
QM_ASSIGN JMP_FRAMELESS,9.525104670116109
QM_ASSIGN JMP_SET,10.372402530503313
QM_ASSIGN MOD,10.777867638611477
QM_ASSIGN MUL,6.0416691902169815
QM_ASSIGN NEW,9.861576906737323
QM_ASSIGN NOP,8.335520603242273
QM_ASSIGN OP_DATA,7.127209397317738
QM_ASSIGN QM_ASSIGN,4.712920314743691
QM_ASSIGN RETURN,4.175958402708792
QM_ASSIGN ROPE_INIT,7.7333452008880545
QM_ASSIGN SEND_FUNC_ARG,10.372402530503313
QM_ASSIGN SEND_USER,10.777867638611477
QM_ASSIGN SEND_VAL,5.057555862004065
QM_ASSIGN SEND_VAL_EX,4.5916590147109835
QM_ASSIGN SEND_VAR_EX,7.757442752467115
QM_ASSIGN SL,10.777867638611477
QM_ASSIGN SUB,8.906065461709886
QM_ASSIGN SWITCH_LONG,10.777867638611477
QM_ASSIGN SWITCH_STRING,10.084720458051532
QM_ASSIGN THROW,9.861576906737323
QM_ASSIGN TYPE_CHECK,9.391573277491586
QM_ASSIGN YIELD,10.777867638611477
RECV ADD,8.175177953167093
RECV ASSERT_CHECK,9.273790241835203
RECV ASSIGN,3.646169128144566
RECV ASSIGN_DIM,6.278057968281212
RECV ASSIGN_DIM_OP,10.372402530503313
RECV ASSIGN_OBJ,2.4275558195013165
RECV ASSIGN_OBJ_OP,9.168429726177378
RECV ASSIGN_OBJ_REF,8.426492381448
RECV ASSIGN_OP,8.005278916371696
RECV BEGIN_SILENCE,4.680917583657518
RECV BIND_GLOBAL,4.582442359606059
RECV BIND_LEXICAL,7.686825185253161
RECV BIND_STATIC,5.395668788082738
RECV BOOL,6.949226242122382
RECV BOOL_NOT,5.033263169435021
RECV BW_AND,5.590481832770722
RECV BW_NOT,9.861576906737323
RECV BW_OR,10.777867638611477
RECV BW_XOR,10.084720458051532
RECV CAST,5.671922164710897
RECV CHECK_FUNC_ARG,5.601717906037648
RECV CLONE,8.906065461709886
RECV CONCAT,4.829832649430831
RECV COUNT,7.500722905619301
RECV DEFINED,8.526575840004982
RECV DIV,9.391573277491586
RECV DO_FCALL,4.183454178861698
RECV ECHO,6.128680567206612
RECV FETCH_CLASS,9.525104670116109
RECV FETCH_CONSTANT,5.933680552152886
RECV FETCH_DIM_IS,8.526575840004982
RECV FETCH_DIM_R,5.236604093453051
RECV FETCH_DIM_RW,10.372402530503313
RECV FETCH_DIM_UNSET,10.777867638611477
RECV FETCH_DIM_W,8.698426096931641
RECV FETCH_IS,5.990375895829431
RECV FETCH_LIST_R,10.372402530503313
RECV FETCH_OBJ_IS,5.747429717219042
RECV FETCH_OBJ_R,4.04327597863853
RECV FETCH_OBJ_UNSET,7.410571808625003
RECV FETCH_OBJ_W,6.059368767316383
RECV FETCH_R,5.254408718086558
RECV FETCH_THIS,6.798185984709517
RECV FETCH_UNSET,9.861576906737323
RECV FETCH_W,5.902670315410326
RECV FE_RESET_R,5.949553901309176
RECV FE_RESET_RW,9.525104670116109
RECV FUNC_GET_ARGS,8.475282545617432
RECV FUNC_NUM_ARGS,9.679255349943368
RECV GET_CLASS,8.986108169383423
RECV GET_TYPE,9.861576906737323
RECV INCLUDE_OR_EVAL,7.782135365057486
RECV INIT_ARRAY,6.218741391124793
RECV INIT_FCALL,3.6201321543615705
RECV INIT_USER_CALL,9.861576906737323
RECV INSTANCEOF,6.007183014145812
RECV IN_ARRAY,8.580643061275257
RECV IS_EQUAL,4.894545250123198
RECV IS_IDENTICAL,6.402110616951191
RECV IS_NOT_EQUAL,6.152894825327206
RECV IS_SMALLER,6.440576897778987
RECV JMP,6.239906202316836
RECV JMPNZ,9.525104670116109
RECV JMPNZ_EX,7.266322199780457
RECV JMPZ,4.429603155376611
RECV JMPZ_EX,6.408419786144456
RECV JMP_FRAMELESS,5.630373161798024
RECV JMP_SET,9.861576906737323
RECV MOD,8.906065461709886
RECV MUL,8.698426096931641
RECV NEW,4.828528017804166
RECV NOP,6.88604734050085
RECV OP_DATA,5.207616556579799
RECV POST_INC_OBJ,10.777867638611477
RECV PRE_DEC,10.084720458051532
RECV PRE_DEC_OBJ,9.679255349943368
RECV PRE_INC,9.861576906737323
RECV PRE_INC_OBJ,7.887495880715313
RECV QM_ASSIGN,7.944654294555261
RECV RECV,2.6721073270831956
RECV RECV_INIT,3.0311347308578553
RECV RECV_VARIADIC,9.525104670116109
RECV RETURN,4.462509637089142
RECV ROPE_INIT,5.721621833263169
RECV SEND_REF,10.372402530503313
RECV SEND_VAL,9.391573277491586
RECV SEND_VAL_EX,4.223934234585666
RECV SEND_VAR,6.865844633183331
RECV SEND_VAR_EX,3.7126813516805117
RECV SR,9.273790241835203
RECV STRLEN,5.941585731659999
RECV SUB,8.526575840004982
RECV SWITCH_LONG,8.526575840004982
RECV SWITCH_STRING,6.580665690949669
RECV TYPE_CHECK,4.677548686591413
RECV UNSET_CV,9.525104670116109
RECV UNSET_DIM,8.762964618069212
RECV UNSET_OBJ,8.831957489556164
RECV_INIT ADD,9.168429726177378
RECV_INIT ASSERT_CHECK,10.372402530503313
RECV_INIT ASSIGN,4.459800831821056
RECV_INIT ASSIGN_DIM,7.251507113995316
RECV_INIT ASSIGN_OBJ,5.00176450237565
RECV_INIT ASSIGN_OBJ_OP,10.372402530503313
RECV_INIT ASSIGN_OBJ_REF,9.861576906737323
RECV_INIT ASSIGN_OP,8.906065461709886
RECV_INIT ASSIGN_REF,10.777867638611477
RECV_INIT BEGIN_SILENCE,5.9945512672399115
RECV_INIT BIND_GLOBAL,5.359547479668744
RECV_INIT BIND_LEXICAL,9.861576906737323
RECV_INIT BIND_STATIC,6.642701081869121
RECV_INIT BOOL,7.427963551336872
RECV_INIT BOOL_NOT,5.335449928089684
RECV_INIT BW_AND,9.168429726177378
RECV_INIT CAST,6.855894302330163
RECV_INIT CHECK_FUNC_ARG,6.618984555251806
RECV_INIT CLONE,10.777867638611477
RECV_INIT COALESCE,10.084720458051532
RECV_INIT CONCAT,6.371148391347224
RECV_INIT COUNT,8.426492381448
RECV_INIT DEFINED,8.526575840004982
RECV_INIT DO_FCALL,5.137735191031732
RECV_INIT ECHO,6.88604734050085
RECV_INIT FETCH_CLASS,10.084720458051532
RECV_INIT FETCH_CONSTANT,6.453734982356498
RECV_INIT FETCH_DIM_IS,9.861576906737323
RECV_INIT FETCH_DIM_R,7.463681633938951
RECV_INIT FETCH_DIM_RW,10.777867638611477
RECV_INIT FETCH_DIM_W,9.273790241835203
RECV_INIT FETCH_IS,7.343880434126331
RECV_INIT FETCH_OBJ_IS,7.088988184497541
RECV_INIT FETCH_OBJ_R,4.857630600791863
RECV_INIT FETCH_OBJ_UNSET,9.861576906737323
RECV_INIT FETCH_OBJ_W,7.7333452008880545
RECV_INIT FETCH_R,7.088988184497541
RECV_INIT FETCH_THIS,7.427963551336872
RECV_INIT FETCH_W,7.222519577122063
RECV_INIT FE_RESET_R,6.846042005887152
RECV_INIT FE_RESET_RW,10.084720458051532
RECV_INIT FUNC_GET_ARGS,9.861576906737323
RECV_INIT FUNC_NUM_ARGS,9.679255349943368
RECV_INIT INCLUDE_OR_EVAL,8.292960988823477
RECV_INIT INIT_ARRAY,4.511616307037447
RECV_INIT INIT_FCALL,4.968224773255798
RECV_INIT INSTANCEOF,6.626827732712831
RECV_INIT IN_ARRAY,8.426492381448
RECV_INIT IS_EQUAL,5.363991931429168
RECV_INIT IS_IDENTICAL,7.153526705635112
RECV_INIT IS_NOT_EQUAL,7.052174211374824
RECV_INIT IS_SMALLER,8.138810308996218
RECV_INIT JMP,7.757442752467115
RECV_INIT JMPNZ_EX,7.500722905619301
RECV_INIT JMPZ,4.919934484128017
RECV_INIT JMPZ_EX,6.743627000459082
RECV_INIT JMP_FRAMELESS,6.865844633183331
RECV_INIT JMP_SET,7.974507257704942
RECV_INIT MOD,10.372402530503313
RECV_INIT MUL,9.861576906737323
RECV_INIT NEW,5.801133896190903
RECV_INIT NOP,7.782135365057486
RECV_INIT OP_DATA,5.929751274012997
RECV_INIT POST_INC_OBJ,10.777867638611477
RECV_INIT PRE_DEC_OBJ,10.372402530503313
RECV_INIT PRE_INC,10.777867638611477
RECV_INIT PRE_INC_OBJ,9.679255349943368
RECV_INIT RECV_INIT,3.6626917687803666
RECV_INIT RECV_VARIADIC,10.777867638611477
RECV_INIT RETURN,5.97384659387822
RECV_INIT ROPE_INIT,6.917137927570882
RECV_INIT SEND_REF,10.777867638611477
RECV_INIT SEND_VAL,8.906065461709886
RECV_INIT SEND_VAL_EX,5.054282536659096
RECV_INIT SEND_VAR,7.579194521060796
RECV_INIT SEND_VAR_EX,4.344124010272615
RECV_INIT SR,10.372402530503313
RECV_INIT STRLEN,8.005278916371696
RECV_INIT SUB,10.372402530503313
RECV_INIT SWITCH_LONG,9.679255349943368
RECV_INIT SWITCH_STRING,7.974507257704942
RECV_INIT TYPE_CHECK,4.983330800686812
RECV_INIT UNSET_CV,9.525104670116109
RECV_VARIADIC ASSIGN,10.372402530503313
RECV_VARIADIC ASSIGN_OBJ,10.084720458051532
RECV_VARIADIC CHECK_FUNC_ARG,10.372402530503313
RECV_VARIADIC DO_FCALL,10.372402530503313
RECV_VARIADIC FETCH_OBJ_R,10.084720458051532
RECV_VARIADIC FE_RESET_R,10.777867638611477
RECV_VARIADIC JMPZ_EX,10.777867638611477
RECV_VARIADIC RETURN,10.084720458051532
RECV_VARIADIC SEND_VAR_EX,10.777867638611477
RECV_VARIADIC TYPE_CHECK,10.777867638611477
RETURN ADD,7.70981470347786
RETURN ASSIGN,3.749666206553473
RETURN ASSIGN_DIM,6.770534453379006
RETURN ASSIGN_DIM_OP,10.372402530503313
RETURN ASSIGN_OBJ,4.9622456821997405
RETURN ASSIGN_OBJ_OP,8.379972365813106
RETURN ASSIGN_OP,7.208334942130107
RETURN BEGIN_SILENCE,4.810439669331736
RETURN BIND_GLOBAL,4.646641149128337
RETURN BIND_LEXICAL,9.168429726177378
RETURN BIND_STATIC,6.068337437299143
RETURN BOOL,7.642373422682327
RETURN BOOL_NOT,5.162916377661892
RETURN BW_AND,6.467068513225963
RETURN CAST,6.683523076389377
RETURN CHECK_FUNC_ARG,4.887605597012658
RETURN CLONE,9.861576906737323
RETURN COALESCE,10.777867638611477
RETURN CONCAT,5.607383643573326
RETURN COUNT,7.166949725967252
RETURN DECLARE_CLASS,6.019976365605722
RETURN DEFINED,7.281360077144997
RETURN DIV,8.906065461709886
RETURN DO_FCALL,3.511738859055026
RETURN ECHO,5.039683737237944
RETURN FAST_CALL,9.525104670116109
RETURN FETCH_CLASS,8.426492381448
RETURN FETCH_CONSTANT,5.708963436391246
RETURN FETCH_DIM_IS,8.103718989184948
RETURN FETCH_DIM_R,5.020544397027247
RETURN FETCH_DIM_RW,10.372402530503313
RETURN FETCH_DIM_UNSET,10.777867638611477
RETURN FETCH_DIM_W,8.138810308996218
RETURN FETCH_GLOBALS,10.777867638611477
RETURN FETCH_IS,5.104544371439984
RETURN FETCH_OBJ_IS,6.128680567206612
RETURN FETCH_OBJ_R,2.244210721164575
RETURN FETCH_OBJ_RW,10.777867638611477
RETURN FETCH_OBJ_UNSET,8.252138994303222
RETURN FETCH_OBJ_W,6.37726461836466
RETURN FETCH_R,5.059196551461525
RETURN FETCH_THIS,6.272517787905596
RETURN FETCH_UNSET,8.831957489556164
RETURN FETCH_W,6.573175019220511
RETURN FE_FREE,8.698426096931641
RETURN FE_RESET_R,5.596084088319392
RETURN FE_RESET_RW,10.084720458051532
RETURN FREE,5.740915036197848
RETURN FUNC_GET_ARGS,7.393477375265703
RETURN FUNC_NUM_ARGS,6.208324630266537
RETURN GET_CLASS,9.525104670116109
RETURN GET_TYPE,10.777867638611477
RETURN INCLUDE_OR_EVAL,7.782135365057486
RETURN INIT_ARRAY,5.148449579244138
RETURN INIT_FCALL,3.765301995276995
RETURN INIT_USER_CALL,9.391573277491586
RETURN INSTANCEOF,6.917137927570882
RETURN IN_ARRAY,8.762964618069212
RETURN IS_EQUAL,5.621690039224563
RETURN IS_IDENTICAL,6.6507332535663855
RETURN IS_NOT_EQUAL,7.088988184497541
RETURN IS_SMALLER,6.846042005887152
RETURN JMP,3.412371106955805
RETURN JMPNZ,8.175177953167093
RETURN JMPNZ_EX,7.558991813743276
RETURN JMPZ,4.954821743128458
RETURN JMPZ_EX,6.267008132094627
RETURN JMP_FRAMELESS,5.811532603411801
RETURN JMP_SET,9.391573277491586
RETURN MOD,9.073119546373052
RETURN MUL,8.175177953167093
RETURN NEW,4.197228501326528
RETURN NOP,7.410571808625003
RETURN OP_DATA,6.272517787905596
RETURN POST_INC,8.698426096931641
RETURN POST_INC_OBJ,8.335520603242273
RETURN PRE_DEC,8.906065461709886
RETURN PRE_DEC_OBJ,9.861576906737323
RETURN PRE_INC,6.588212896585052
RETURN PRE_INC_OBJ,7.7333452008880545
RETURN QM_ASSIGN,8.21291828114994
RETURN RECV,1.691164907093473
RETURN RECV_INIT,3.4325027981946086
RETURN RECV_VARIADIC,9.073119546373052
RETURN RETURN,1.5516047060914793
RETURN ROPE_INIT,6.408419786144456
RETURN SEND_REF,9.861576906737323
RETURN SEND_UNPACK,10.777867638611477
RETURN SEND_VAL,8.138810308996218
RETURN SEND_VAL_EX,3.6240338370326346
RETURN SEND_VAR,7.427963551336872
RETURN SEND_VAR_EX,4.388466249816123
RETURN SL,9.679255349943368
RETURN SR,9.525104670116109
RETURN STRLEN,6.588212896585052
RETURN SUB,7.833428659445037
RETURN SWITCH_LONG,8.831957489556164
RETURN SWITCH_STRING,7.410571808625003
RETURN THROW,9.679255349943368
RETURN TYPE_CHECK,5.15024652492084
RETURN UNSET_CV,9.679255349943368
RETURN UNSET_DIM,8.580643061275257
RETURN UNSET_OBJ,8.335520603242273
RETURN UNSET_VAR,10.372402530503313
RETURN YIELD,9.525104670116109
RETURN_BY_REF ASSIGN_DIM,9.861576906737323
RETURN_BY_REF BIND_GLOBAL,10.777867638611477
RETURN_BY_REF BIND_STATIC,10.372402530503313
RETURN_BY_REF BOOL_NOT,10.084720458051532
RETURN_BY_REF CHECK_FUNC_ARG,10.777867638611477
RETURN_BY_REF COUNT,10.777867638611477
RETURN_BY_REF DO_FCALL,10.372402530503313
RETURN_BY_REF FETCH_DIM_R,10.777867638611477
RETURN_BY_REF FETCH_OBJ_R,10.084720458051532
RETURN_BY_REF FETCH_OBJ_W,10.084720458051532
RETURN_BY_REF INIT_FCALL,10.777867638611477
RETURN_BY_REF JMP,10.372402530503313
RETURN_BY_REF JMP_FRAMELESS,10.777867638611477
RETURN_BY_REF PRE_INC,10.777867638611477
RETURN_BY_REF RECV,7.833428659445037
RETURN_BY_REF RECV_INIT,10.084720458051532
RETURN_BY_REF RETURN_BY_REF,7.463681633938951
RETURN_BY_REF SEND_VAL_EX,10.372402530503313
ROPE_ADD ADD,10.372402530503313
ROPE_ADD CAST,7.782135365057486
ROPE_ADD CHECK_FUNC_ARG,10.777867638611477
ROPE_ADD CONCAT,10.777867638611477
ROPE_ADD DO_FCALL,7.974507257704942
ROPE_ADD FETCH_CONSTANT,10.084720458051532
ROPE_ADD FETCH_DIM_R,4.732862324575466
ROPE_ADD FETCH_OBJ_R,5.337616776174774
ROPE_ADD FETCH_R,6.761484617859089
ROPE_ADD FETCH_THIS,9.679255349943368
ROPE_ADD INIT_FCALL,9.525104670116109
ROPE_ADD ROPE_ADD,3.273751447757087
ROPE_ADD ROPE_END,2.9086570758008117
ROPE_ADD SEND_VAR_EX,10.372402530503313
ROPE_ADD SUB,10.084720458051532
ROPE_END ADD,7.539189186447096
ROPE_END ASSIGN,3.978254518249043
ROPE_END ASSIGN_DIM,5.808054339035476
ROPE_END ASSIGN_DIM_OP,8.698426096931641
ROPE_END ASSIGN_OBJ,7.114305992481831
ROPE_END ASSIGN_OBJ_OP,8.762964618069212
ROPE_END ASSIGN_OP,4.864364632973206
ROPE_END BEGIN_SILENCE,7.579194521060796
ROPE_END BOOL,8.103718989184948
ROPE_END BOOL_NOT,8.138810308996218
ROPE_END CAST,10.084720458051532
ROPE_END CHECK_FUNC_ARG,7.376670256949322
ROPE_END CONCAT,3.9145868497311693
ROPE_END COUNT,9.679255349943368
ROPE_END DO_FCALL,7.539189186447096
ROPE_END ECHO,3.8493298204468114
ROPE_END END_SILENCE,10.084720458051532
ROPE_END FETCH_CONSTANT,7.539189186447096
ROPE_END FETCH_DIM_IS,10.777867638611477
ROPE_END FETCH_DIM_R,6.17770999444693
ROPE_END FETCH_DIM_RW,9.679255349943368
ROPE_END FETCH_DIM_W,7.664352329401103
ROPE_END FETCH_IS,10.084720458051532
ROPE_END FETCH_OBJ_R,6.798185984709517
ROPE_END FETCH_OBJ_RW,10.372402530503313
ROPE_END FETCH_OBJ_W,7.040198020328109
ROPE_END FETCH_R,6.371148391347224
ROPE_END FETCH_RW,7.915666757682009
ROPE_END FETCH_THIS,9.168429726177378
ROPE_END FETCH_W,7.052174211374824
ROPE_END FE_FREE,8.335520603242273
ROPE_END FREE,8.037027614686277
ROPE_END GET_TYPE,9.391573277491586
ROPE_END INCLUDE_OR_EVAL,7.539189186447096
ROPE_END INIT_ARRAY,5.910333188155895
ROPE_END INIT_FCALL,4.9533435462591475
ROPE_END IN_ARRAY,10.777867638611477
ROPE_END IS_EQUAL,7.296627549275786
ROPE_END IS_IDENTICAL,10.372402530503313
ROPE_END IS_NOT_EQUAL,8.379972365813106
ROPE_END IS_SMALLER,10.372402530503313
ROPE_END JMPNZ,10.777867638611477
ROPE_END JMPNZ_EX,10.777867638611477
ROPE_END JMPZ,6.788883592047203
ROPE_END JMPZ_EX,8.292960988823477
ROPE_END JMP_FRAMELESS,9.391573277491586
ROPE_END JMP_SET,10.372402530503313
ROPE_END MUL,10.777867638611477
ROPE_END NEW,10.777867638611477
ROPE_END NOP,7.782135365057486
ROPE_END OP_DATA,6.675224273574681
ROPE_END POST_INC_OBJ,10.777867638611477
ROPE_END QM_ASSIGN,5.295147549065661
ROPE_END RETURN,5.780655364847362
ROPE_END ROPE_INIT,6.050479819899136
ROPE_END SEND_VAL,4.468858864767801
ROPE_END SEND_VAL_EX,3.775711684207856
ROPE_END SEND_VAR,10.777867638611477
ROPE_END SEND_VAR_EX,6.708840884373666
ROPE_END SL,8.580643061275257
ROPE_END STRLEN,8.698426096931641
ROPE_END SUB,9.861576906737323
ROPE_END TYPE_CHECK,7.052174211374824
ROPE_INIT CAST,8.037027614686277
ROPE_INIT CONCAT,10.777867638611477
ROPE_INIT DO_FCALL,7.833428659445037
ROPE_INIT FETCH_CONSTANT,9.391573277491586
ROPE_INIT FETCH_DIM_R,4.747182378350214
ROPE_INIT FETCH_OBJ_R,4.764152482568676
ROPE_INIT FETCH_R,6.306228845247908
ROPE_INIT FETCH_THIS,7.974507257704942
ROPE_INIT INIT_FCALL,9.525104670116109
ROPE_INIT NOP,10.777867638611477
ROPE_INIT ROPE_ADD,2.9977735152843676
ROPE_INIT SEND_VAL_EX,9.679255349943368
ROPE_INIT SEND_VAR_EX,9.861576906737323
SEND_ARRAY DO_FCALL,6.162747121770217
SEND_FUNC_ARG ADD,8.335520603242273
SEND_FUNC_ARG ASSIGN,8.762964618069212
SEND_FUNC_ARG BEGIN_SILENCE,6.261528666330001
SEND_FUNC_ARG BIND_LEXICAL,8.831957489556164
SEND_FUNC_ARG BOOL_NOT,9.861576906737323
SEND_FUNC_ARG CAST,8.175177953167093
SEND_FUNC_ARG CHECK_FUNC_ARG,3.6840478165565513
SEND_FUNC_ARG CONCAT,7.281360077144997
SEND_FUNC_ARG DO_FCALL,2.6006327531012845
SEND_FUNC_ARG FETCH_CONSTANT,6.501201519595422
SEND_FUNC_ARG FETCH_DIM_IS,10.084720458051532
SEND_FUNC_ARG FETCH_DIM_R,6.927720036901419
SEND_FUNC_ARG FETCH_DIM_RW,10.777867638611477
SEND_FUNC_ARG FETCH_IS,8.103718989184948
SEND_FUNC_ARG FETCH_OBJ_IS,9.861576906737323
SEND_FUNC_ARG FETCH_OBJ_R,6.3352163821211604
SEND_FUNC_ARG FETCH_R,7.266322199780457
SEND_FUNC_ARG FETCH_RW,9.168429726177378
SEND_FUNC_ARG FETCH_THIS,7.833428659445037
SEND_FUNC_ARG GET_CLASS,10.777867638611477
SEND_FUNC_ARG INIT_ARRAY,6.807575725059356
SEND_FUNC_ARG INIT_FCALL,6.6507332535663855
SEND_FUNC_ARG IS_EQUAL,10.777867638611477
SEND_FUNC_ARG IS_SMALLER,10.777867638611477
SEND_FUNC_ARG JMPZ,7.70981470347786
SEND_FUNC_ARG JMPZ_EX,10.777867638611477
SEND_FUNC_ARG JMP_FRAMELESS,8.580643061275257
SEND_FUNC_ARG MOD,10.084720458051532
SEND_FUNC_ARG MUL,9.679255349943368
SEND_FUNC_ARG NEW,8.426492381448
SEND_FUNC_ARG NOP,7.782135365057486
SEND_FUNC_ARG POST_INC_OBJ,8.475282545617432
SEND_FUNC_ARG ROPE_INIT,6.89630384066804
SEND_FUNC_ARG SEND_UNPACK,10.777867638611477
SEND_FUNC_ARG SEND_VAL_EX,3.707993510152905
SEND_FUNC_ARG SEND_VAR_EX,3.8227517882695023
SEND_FUNC_ARG SR,10.372402530503313
SEND_FUNC_ARG STRLEN,9.679255349943368
SEND_FUNC_ARG SUB,8.762964618069212
SEND_FUNC_ARG TYPE_CHECK,10.372402530503313
SEND_REF ADD,9.679255349943368
SEND_REF ASSIGN,10.777867638611477
SEND_REF BEGIN_SILENCE,8.698426096931641
SEND_REF BIND_LEXICAL,10.084720458051532
SEND_REF CAST,9.861576906737323
SEND_REF CHECK_FUNC_ARG,10.777867638611477
SEND_REF CONCAT,6.798185984709517
SEND_REF COUNT,9.391573277491586
SEND_REF DO_FCALL,6.618984555251806
SEND_REF DO_ICALL,3.643375272805
SEND_REF FETCH_CONSTANT,8.580643061275257
SEND_REF FETCH_DIM_R,6.3352163821211604
SEND_REF FETCH_OBJ_R,7.70981470347786
SEND_REF FETCH_R,6.272517787905596
SEND_REF FETCH_THIS,8.292960988823477
SEND_REF FETCH_W,9.525104670116109
SEND_REF INIT_ARRAY,7.944654294555261
SEND_REF INIT_FCALL,6.836285830941787
SEND_REF NEW,9.525104670116109
SEND_REF NOP,10.084720458051532
SEND_REF OP_DATA,10.372402530503313
SEND_REF POST_INC,10.777867638611477
SEND_REF ROPE_INIT,9.679255349943368
SEND_REF SEND_REF,5.003316093067069
SEND_REF SEND_VAL,4.577358464568787
SEND_REF SEND_VAL_EX,9.073119546373052
SEND_REF SEND_VAR,5.393372575822388
SEND_REF SEND_VAR_EX,7.833428659445037
SEND_REF SUB,9.273790241835203
SEND_UNPACK DO_FCALL,8.698426096931641
SEND_UNPACK DO_ICALL,10.777867638611477
SEND_USER CAST,10.777867638611477
SEND_USER DO_FCALL,6.182747788476887
SEND_USER FETCH_CONSTANT,10.372402530503313
SEND_USER FETCH_DIM_R,10.777867638611477
SEND_USER FETCH_OBJ_R,8.175177953167093
SEND_USER FETCH_R,10.372402530503313
SEND_USER FETCH_THIS,10.777867638611477
SEND_USER INIT_ARRAY,10.777867638611477
SEND_USER SEND_USER,7.427963551336872
SEND_USER SEND_VAR_EX,10.777867638611477
SEND_USER STRLEN,10.084720458051532
SEND_VAL ADD,5.587692430683144
SEND_VAL ASSIGN,8.21291828114994
SEND_VAL ASSIGN_DIM,10.372402530503313
SEND_VAL BEGIN_SILENCE,5.153850132424139
SEND_VAL BIND_LEXICAL,9.273790241835203
SEND_VAL BOOL,10.777867638611477
SEND_VAL BOOL_NOT,7.944654294555261
SEND_VAL BW_AND,10.777867638611477
SEND_VAL BW_OR,10.372402530503313
SEND_VAL CAST,6.595817495970271
SEND_VAL CHECK_FUNC_ARG,6.487408197463086
SEND_VAL CONCAT,4.494666748723674
SEND_VAL COUNT,6.551033893343297
SEND_VAL DEFINED,10.372402530503313
SEND_VAL DIV,5.829107748233309
SEND_VAL DO_FCALL,3.866120338359803
SEND_VAL DO_ICALL,2.250625111342238
SEND_VAL END_SILENCE,8.037027614686277
SEND_VAL FETCH_CONSTANT,5.790842210154355
SEND_VAL FETCH_DIM_IS,10.777867638611477
SEND_VAL FETCH_DIM_R,4.186880012976218
SEND_VAL FETCH_DIM_W,10.372402530503313
SEND_VAL FETCH_IS,6.408419786144456
SEND_VAL FETCH_OBJ_IS,9.861576906737323
SEND_VAL FETCH_OBJ_R,4.711759548507729
SEND_VAL FETCH_OBJ_W,10.084720458051532
SEND_VAL FETCH_R,4.174601550397503
SEND_VAL FETCH_THIS,7.312131735811751
SEND_VAL FETCH_W,7.686825185253161
SEND_VAL GET_CLASS,10.372402530503313
SEND_VAL INIT_ARRAY,6.938415326018166
SEND_VAL INIT_FCALL,3.8831975991779957
SEND_VAL IS_EQUAL,7.664352329401103
SEND_VAL IS_IDENTICAL,9.391573277491586
SEND_VAL IS_NOT_EQUAL,8.580643061275257
SEND_VAL IS_SMALLER,9.861576906737323
SEND_VAL JMPNZ_EX,8.21291828114994
SEND_VAL JMPZ,6.473802545407308
SEND_VAL JMPZ_EX,9.391573277491586
SEND_VAL JMP_FRAMELESS,10.777867638611477
SEND_VAL MOD,9.168429726177378
SEND_VAL MUL,6.836285830941787
SEND_VAL NEW,10.777867638611477
SEND_VAL NOP,6.353021006754667
SEND_VAL OFF,10.777867638611477
SEND_VAL OP_DATA,6.203156660108094
SEND_VAL POST_DEC_OBJ,10.777867638611477
SEND_VAL POST_INC,9.391573277491586
SEND_VAL PRE_INC,10.777867638611477
SEND_VAL PRE_INC_OBJ,10.777867638611477
SEND_VAL QM_ASSIGN,10.777867638611477
SEND_VAL RETURN,10.777867638611477
SEND_VAL ROPE_INIT,6.0416691902169815
SEND_VAL SEND_REF,4.7764527606503275
SEND_VAL SEND_VAL,3.0809734134156685
SEND_VAL SEND_VAL_EX,6.04606480169002
SEND_VAL SEND_VAR,3.2652500939369666
SEND_VAL SEND_VAR_EX,6.383418483939039
SEND_VAL SL,9.861576906737323
SEND_VAL SR,9.861576906737323
SEND_VAL STRLEN,5.760587801796553
SEND_VAL SUB,6.683523076389377
SEND_VAL TYPE_CHECK,8.526575840004982
SEND_VAL_EX ADD,6.982378449439283
SEND_VAL_EX ASSIGN,7.500722905619301
SEND_VAL_EX BEGIN_SILENCE,5.744167071584226
SEND_VAL_EX BIND_LEXICAL,7.500722905619301
SEND_VAL_EX BOOL,10.372402530503313
SEND_VAL_EX BOOL_NOT,7.833428659445037
SEND_VAL_EX BW_AND,10.372402530503313
SEND_VAL_EX BW_OR,9.861576906737323
SEND_VAL_EX CAST,6.4805822323926865
SEND_VAL_EX CHECK_FUNC_ARG,3.4723434581556463
SEND_VAL_EX COALESCE,10.777867638611477
SEND_VAL_EX CONCAT,5.0461457952660345
SEND_VAL_EX COUNT,7.296627549275786
SEND_VAL_EX DEFINED,10.084720458051532
SEND_VAL_EX DIV,8.335520603242273
SEND_VAL_EX DO_FCALL,1.910933487859437
SEND_VAL_EX FETCH_CLASS,9.391573277491586
SEND_VAL_EX FETCH_CONSTANT,5.205713606433712
SEND_VAL_EX FETCH_DIM_IS,9.391573277491586
SEND_VAL_EX FETCH_DIM_R,5.109712341598427
SEND_VAL_EX FETCH_DIM_W,9.861576906737323
SEND_VAL_EX FETCH_GLOBALS,10.777867638611477
SEND_VAL_EX FETCH_IS,8.103718989184948
SEND_VAL_EX FETCH_OBJ_IS,9.525104670116109
SEND_VAL_EX FETCH_OBJ_R,4.677548686591413
SEND_VAL_EX FETCH_OBJ_W,9.861576906737323
SEND_VAL_EX FETCH_R,5.662872329190979
SEND_VAL_EX FETCH_THIS,5.918055234249805
SEND_VAL_EX FUNC_GET_ARGS,10.372402530503313
SEND_VAL_EX GET_CLASS,9.168429726177378
SEND_VAL_EX GET_TYPE,8.831957489556164
SEND_VAL_EX INCLUDE_OR_EVAL,10.372402530503313
SEND_VAL_EX INIT_ARRAY,3.678665895058385
SEND_VAL_EX INIT_FCALL,4.693368225536306
SEND_VAL_EX IN_ARRAY,10.777867638611477
SEND_VAL_EX IS_EQUAL,8.103718989184948
SEND_VAL_EX IS_IDENTICAL,9.391573277491586
SEND_VAL_EX IS_NOT_EQUAL,8.292960988823477
SEND_VAL_EX IS_SMALLER,9.861576906737323
SEND_VAL_EX JMPNZ_EX,9.168429726177378
SEND_VAL_EX JMPZ,6.434062216757793
SEND_VAL_EX JMPZ_EX,9.679255349943368
SEND_VAL_EX JMP_FRAMELESS,6.5081701889115156
SEND_VAL_EX JMP_SET,9.679255349943368
SEND_VAL_EX MOD,10.777867638611477
SEND_VAL_EX MUL,7.887495880715313
SEND_VAL_EX NEW,6.365069345270842
SEND_VAL_EX NOP,5.522979829990777
SEND_VAL_EX OP_DATA,8.292960988823477
SEND_VAL_EX POST_DEC_OBJ,10.777867638611477
SEND_VAL_EX POST_INC,9.525104670116109
SEND_VAL_EX PRE_INC,9.861576906737323
SEND_VAL_EX PRE_INC_OBJ,10.777867638611477
SEND_VAL_EX ROPE_INIT,5.303498328283081
SEND_VAL_EX SEND_REF,10.777867638611477
SEND_VAL_EX SEND_VAL,10.084720458051532
SEND_VAL_EX SEND_VAL_EX,2.418147306019804
SEND_VAL_EX SEND_VAR,10.084720458051532
SEND_VAL_EX SEND_VAR_EX,2.677099395539746
SEND_VAL_EX SL,10.372402530503313
SEND_VAL_EX SR,9.679255349943368
SEND_VAL_EX STRLEN,8.292960988823477
SEND_VAL_EX SUB,7.236908314574163
SEND_VAL_EX TYPE_CHECK,8.698426096931641
SEND_VAR ADD,6.846042005887152
SEND_VAR ASSIGN,7.860096906527198
SEND_VAR ASSIGN_DIM,9.525104670116109
SEND_VAR ASSIGN_OBJ,10.372402530503313
SEND_VAR ASSIGN_OP,10.777867638611477
SEND_VAR BEGIN_SILENCE,5.366221586756438
SEND_VAR BIND_LEXICAL,9.525104670116109
SEND_VAR BOOL_NOT,8.986108169383423
SEND_VAR BW_AND,8.526575840004982
SEND_VAR CAST,6.836285830941787
SEND_VAR CHECK_FUNC_ARG,6.875894969036833
SEND_VAR CONCAT,4.94745251302191
SEND_VAR COUNT,8.831957489556164
SEND_VAR DIV,8.906065461709886
SEND_VAR DO_FCALL,3.7839346633882878
SEND_VAR DO_ICALL,2.430869824191354
SEND_VAR ECHO,10.084720458051532
SEND_VAR END_SILENCE,7.686825185253161
SEND_VAR FETCH_CONSTANT,6.133476739470105
SEND_VAR FETCH_DIM_R,4.987907467714224
SEND_VAR FETCH_DIM_W,10.777867638611477
SEND_VAR FETCH_OBJ_IS,8.906065461709886
SEND_VAR FETCH_OBJ_R,5.639132341887906
SEND_VAR FETCH_OBJ_W,9.861576906737323
SEND_VAR FETCH_R,4.835068263484776
SEND_VAR FETCH_THIS,8.037027614686277
SEND_VAR FETCH_W,10.777867638611477
SEND_VAR GET_TYPE,10.777867638611477
SEND_VAR INCLUDE_OR_EVAL,10.777867638611477
SEND_VAR INIT_ARRAY,5.850613953454272
SEND_VAR INIT_FCALL,4.202791798011857
SEND_VAR IS_EQUAL,8.037027614686277
SEND_VAR IS_IDENTICAL,10.372402530503313
SEND_VAR IS_NOT_EQUAL,8.475282545617432
SEND_VAR IS_SMALLER,10.084720458051532
SEND_VAR JMP,9.273790241835203
SEND_VAR JMPNZ_EX,8.580643061275257
SEND_VAR JMPZ,8.138810308996218
SEND_VAR JMPZ_EX,8.580643061275257
SEND_VAR MOD,9.273790241835203
SEND_VAR MUL,6.675224273574681
SEND_VAR NEW,9.861576906737323
SEND_VAR NOP,6.208324630266537
SEND_VAR OFF,9.525104670116109
SEND_VAR OP_DATA,7.860096906527198
SEND_VAR POST_INC,9.861576906737323
SEND_VAR PRE_DEC,10.084720458051532
SEND_VAR PRE_INC,10.372402530503313
SEND_VAR QM_ASSIGN,10.777867638611477
SEND_VAR RETURN,7.642373422682327
SEND_VAR ROPE_INIT,6.081943089354922
SEND_VAR SEND_REF,4.040307736625454
SEND_VAR SEND_VAL,3.2530366160206903
SEND_VAR SEND_VAL_EX,6.239906202316836
SEND_VAR SEND_VAR,3.155203687287882
SEND_VAR SEND_VAR_EX,6.081943089354922
SEND_VAR SL,10.372402530503313
SEND_VAR SR,10.777867638611477
SEND_VAR STRLEN,5.97384659387822
SEND_VAR SUB,7.076565664498983
SEND_VAR TYPE_CHECK,8.252138994303222
SEND_VAR_EX ADD,6.4805822323926865
SEND_VAR_EX ASSIGN,7.208334942130107
SEND_VAR_EX BEGIN_SILENCE,8.698426096931641
SEND_VAR_EX BIND_LEXICAL,7.620867217461364
SEND_VAR_EX BOOL,9.525104670116109
SEND_VAR_EX BOOL_NOT,8.526575840004982
SEND_VAR_EX BW_AND,9.391573277491586
SEND_VAR_EX BW_OR,10.372402530503313
SEND_VAR_EX CAST,7.642373422682327
SEND_VAR_EX CHECK_FUNC_ARG,3.7987223635426672
SEND_VAR_EX CONCAT,5.320412050725143
SEND_VAR_EX COUNT,8.426492381448
SEND_VAR_EX DIV,8.831957489556164
SEND_VAR_EX DO_FCALL,2.1008541557477987
SEND_VAR_EX FETCH_CLASS,9.679255349943368
SEND_VAR_EX FETCH_CONSTANT,5.106264062319511
SEND_VAR_EX FETCH_DIM_IS,10.084720458051532
SEND_VAR_EX FETCH_DIM_R,6.261528666330001
SEND_VAR_EX FETCH_IS,8.698426096931641
SEND_VAR_EX FETCH_OBJ_IS,9.391573277491586
SEND_VAR_EX FETCH_OBJ_R,6.11442854449941
SEND_VAR_EX FETCH_R,6.494281076750848
SEND_VAR_EX FETCH_THIS,6.817054469013899
SEND_VAR_EX INCLUDE_OR_EVAL,10.777867638611477
SEND_VAR_EX INIT_ARRAY,5.621690039224563
SEND_VAR_EX INIT_FCALL,5.5988970296960066
SEND_VAR_EX INIT_USER_CALL,10.777867638611477
SEND_VAR_EX IS_EQUAL,7.860096906527198
SEND_VAR_EX IS_IDENTICAL,9.861576906737323
SEND_VAR_EX IS_NOT_EQUAL,10.084720458051532
SEND_VAR_EX IS_SMALLER,10.372402530503313
SEND_VAR_EX JMPNZ_EX,8.831957489556164
SEND_VAR_EX JMPZ,5.945561880039638
SEND_VAR_EX JMPZ_EX,9.861576906737323
SEND_VAR_EX JMP_FRAMELESS,7.620867217461364
SEND_VAR_EX JMP_SET,9.391573277491586
SEND_VAR_EX MOD,10.777867638611477
SEND_VAR_EX MUL,7.620867217461364
SEND_VAR_EX NEW,7.236908314574163
SEND_VAR_EX NOP,6.618984555251806
SEND_VAR_EX OP_DATA,6.846042005887152
SEND_VAR_EX POST_INC,7.887495880715313
SEND_VAR_EX PRE_DEC,10.372402530503313
SEND_VAR_EX PRE_INC,8.906065461709886
SEND_VAR_EX PRE_INC_OBJ,10.777867638611477
SEND_VAR_EX ROPE_INIT,6.875894969036833
SEND_VAR_EX SEND_UNPACK,10.777867638611477
SEND_VAR_EX SEND_VAL,10.777867638611477
SEND_VAR_EX SEND_VAL_EX,2.962862372407334
SEND_VAR_EX SEND_VAR,9.525104670116109
SEND_VAR_EX SEND_VAR_EX,2.772667418713237
SEND_VAR_EX SL,10.372402530503313
SEND_VAR_EX SR,9.861576906737323
SEND_VAR_EX STRLEN,7.208334942130107
SEND_VAR_EX SUB,7.180555378023032
SEND_VAR_EX TYPE_CHECK,8.762964618069212
SEND_VAR_NO_REF DO_ICALL,6.501201519595422
SEPARATE ASSIGN_OBJ,8.426492381448
SEPARATE BOOL_NOT,10.777867638611477
SEPARATE CAST,9.861576906737323
SEPARATE CONCAT,10.372402530503313
SEPARATE DO_FCALL,8.906065461709886
SEPARATE FETCH_OBJ_R,8.986108169383423
SEPARATE FETCH_OBJ_UNSET,8.986108169383423
SEPARATE FETCH_OBJ_W,8.037027614686277
SEPARATE FE_RESET_RW,10.777867638611477
SEPARATE INIT_FCALL,9.861576906737323
SEPARATE IS_NOT_EQUAL,10.777867638611477
SEPARATE NEW,10.084720458051532
SEPARATE NOP,9.168429726177378
SEPARATE SEND_VAL_EX,8.335520603242273
SEPARATE SUB,10.777867638611477
SEPARATE UNSET_DIM,10.777867638611477
SEPARATE UNSET_OBJ,9.861576906737323
SL ADD,7.558991813743276
SL ASSIGN,7.70981470347786
SL ASSIGN_DIM,10.777867638611477
SL ASSIGN_DIM_OP,9.679255349943368
SL ASSIGN_OBJ,9.861576906737323
SL ASSIGN_OBJ_OP,10.777867638611477
SL ASSIGN_OP,8.292960988823477
SL BOOL,9.861576906737323
SL BW_AND,7.915666757682009
SL BW_OR,5.898860786993658
SL BW_XOR,8.005278916371696
SL CAST,10.084720458051532
SL CHECK_FUNC_ARG,9.073119546373052
SL CONCAT,8.379972365813106
SL DIV,9.861576906737323
SL DO_FCALL,10.777867638611477
SL FETCH_DIM_R,6.11442854449941
SL FETCH_DIM_W,10.777867638611477
SL FETCH_OBJ_R,10.372402530503313
SL FETCH_OBJ_W,10.777867638611477
SL FETCH_R,8.475282545617432
SL INIT_ARRAY,10.777867638611477
SL INIT_FCALL,7.427963551336872
SL POST_INC,10.084720458051532
SL PRE_INC,8.831957489556164
SL RETURN,10.084720458051532
SL SEND_VAL,9.073119546373052
SL SEND_VAL_EX,9.073119546373052
SL SEND_VAR_EX,9.861576906737323
SL SL,7.757442752467115
SL SR,7.599813808263532
SL SUB,7.427963551336872
SR ADD,7.296627549275786
SR ASSIGN,7.266322199780457
SR ASSIGN_DIM,8.379972365813106
SR ASSIGN_OBJ,8.762964618069212
SR ASSIGN_OP,8.762964618069212
SR BOOL,10.777867638611477
SR BW_AND,6.5081701889115156
SR BW_NOT,10.777867638611477
SR BW_OR,5.986217885680768
SR BW_XOR,10.372402530503313
SR CAST,10.372402530503313
SR CONCAT,9.679255349943368
SR COUNT,10.372402530503313
SR DO_FCALL,10.777867638611477
SR FETCH_DIM_R,8.379972365813106
SR FETCH_DIM_W,10.084720458051532
SR FETCH_OBJ_R,9.679255349943368
SR IS_EQUAL,10.777867638611477
SR IS_IDENTICAL,10.372402530503313
SR IS_SMALLER,10.777867638611477
SR JMPNZ,9.861576906737323
SR JMPZ,8.426492381448
SR MUL,9.168429726177378
SR OP_DATA,9.679255349943368
SR QM_ASSIGN,9.861576906737323
SR RETURN,10.372402530503313
SR SEND_FUNC_ARG,10.777867638611477
SR SEND_VAL,8.526575840004982
SR SEND_VAL_EX,8.831957489556164
SR SEND_VAR_EX,10.372402530503313
SR SL,10.084720458051532
SR SUB,9.861576906737323
STRLEN ADD,5.477053391864853
STRLEN ASSIGN,4.609303478690692
STRLEN ASSIGN_DIM,7.427963551336872
STRLEN ASSIGN_OBJ,7.944654294555261
STRLEN ASSIGN_OBJ_OP,6.494281076750848
STRLEN ASSIGN_OP,7.052174211374824
STRLEN BOOL,7.1402814788850915
STRLEN BOOL_NOT,7.312131735811751
STRLEN BW_AND,9.168429726177378
STRLEN BW_OR,9.679255349943368
STRLEN BW_XOR,10.777867638611477
STRLEN CASE,9.679255349943368
STRLEN CAST,9.073119546373052
STRLEN CHECK_FUNC_ARG,9.861576906737323
STRLEN CONCAT,5.587692430683144
STRLEN COUNT,10.777867638611477
STRLEN DIV,6.6507332535663855
STRLEN ECHO,6.105038804149571
STRLEN END_SILENCE,6.536540886040731
STRLEN FETCH_CONSTANT,8.637801475115207
STRLEN FETCH_DIM_R,7.782135365057486
STRLEN FETCH_DIM_RW,10.777867638611477
STRLEN FETCH_DIM_W,10.777867638611477
STRLEN FETCH_OBJ_R,8.21291828114994
STRLEN FETCH_OBJ_RW,10.084720458051532
STRLEN FETCH_OBJ_W,10.372402530503313
STRLEN FETCH_R,8.069817437509268
STRLEN FETCH_RW,9.679255349943368
STRLEN FETCH_W,7.944654294555261
STRLEN FREE,10.777867638611477
STRLEN INIT_ARRAY,9.525104670116109
STRLEN INIT_FCALL,7.579194521060796
STRLEN IS_EQUAL,5.902670315410326
STRLEN IS_IDENTICAL,8.138810308996218
STRLEN IS_NOT_EQUAL,7.064295571907169
STRLEN IS_SMALLER,4.2833576550564665
STRLEN JMPNZ,8.335520603242273
STRLEN JMPNZ_EX,10.084720458051532
STRLEN JMPZ,6.187811090433434
STRLEN JMPZ_EX,7.222519577122063
STRLEN MOD,6.595817495970271
STRLEN MUL,6.9712051488411575
STRLEN OP_DATA,6.187811090433434
STRLEN POST_INC,10.777867638611477
STRLEN QM_ASSIGN,7.642373422682327
STRLEN RETURN,7.539189186447096
STRLEN ROPE_INIT,10.084720458051532
STRLEN SEND_USER,10.084720458051532
STRLEN SEND_VAL,5.440329558910159
STRLEN SEND_VAL_EX,7.360140954998111
STRLEN STRLEN,6.239906202316836
STRLEN SUB,4.546402423122863
STRLEN SWITCH_LONG,10.372402530503313
SUB ADD,6.421158811921885
SUB ASSIGN,4.301664802500823
SUB ASSIGN_DIM,6.817054469013899
SUB ASSIGN_DIM_OP,10.372402530503313
SUB ASSIGN_OBJ,7.757442752467115
SUB ASSIGN_OBJ_OP,9.679255349943368
SUB ASSIGN_OP,7.040198020328109
SUB BEGIN_SILENCE,9.273790241835203
SUB BOOL,7.887495880715313
SUB BOOL_NOT,8.292960988823477
SUB BW_AND,8.475282545617432
SUB BW_NOT,10.372402530503313
SUB BW_XOR,9.861576906737323
SUB CASE,9.679255349943368
SUB CAST,8.526575840004982
SUB CHECK_FUNC_ARG,9.391573277491586
SUB CONCAT,5.400277091168933
SUB COUNT,9.525104670116109
SUB DIV,6.447134298325146
SUB DO_FCALL,8.831957489556164
SUB ECHO,8.637801475115207
SUB FETCH_CONSTANT,8.580643061275257
SUB FETCH_DIM_IS,10.084720458051532
SUB FETCH_DIM_R,4.741190748681947
SUB FETCH_DIM_RW,9.525104670116109
SUB FETCH_DIM_W,8.175177953167093
SUB FETCH_IS,8.175177953167093
SUB FETCH_OBJ_IS,9.525104670116109
SUB FETCH_OBJ_R,6.836285830941787
SUB FETCH_OBJ_RW,10.777867638611477
SUB FETCH_OBJ_UNSET,10.084720458051532
SUB FETCH_OBJ_W,8.037027614686277
SUB FETCH_R,7.376670256949322
SUB FETCH_UNSET,8.986108169383423
SUB FETCH_W,7.887495880715313
SUB FREE,10.777867638611477
SUB INIT_ARRAY,8.426492381448
SUB INIT_FCALL,8.175177953167093
SUB IS_EQUAL,6.365069345270842
SUB IS_IDENTICAL,8.526575840004982
SUB IS_NOT_EQUAL,7.040198020328109
SUB IS_SMALLER,4.7776911509014734
SUB JMPNZ,7.757442752467115
SUB JMPNZ_EX,10.372402530503313
SUB JMPZ,6.927720036901419
SUB JMPZ_EX,9.525104670116109
SUB JMP_FRAMELESS,9.273790241835203
SUB MOD,7.70981470347786
SUB MUL,5.477053391864853
SUB OP_DATA,4.809160078626111
SUB QM_ASSIGN,6.447134298325146
SUB RETURN,7.114305992481831
SUB ROPE_INIT,10.084720458051532
SUB SEND_FUNC_ARG,7.860096906527198
SUB SEND_VAL,4.493733477540675
SUB SEND_VAL_EX,5.4921290542703005
SUB SEND_VAR,10.084720458051532
SUB SEND_VAR_EX,9.168429726177378
SUB SL,6.063843047711304
SUB SR,8.526575840004982
SUB STRLEN,7.393477375265703
SUB SUB,5.428381985489041
SUB UNSET_DIM,6.172697452623385
SWITCH_LONG CASE,5.573860951534682
SWITCH_LONG IS_EQUAL,6.798185984709517
SWITCH_STRING CASE,4.536617609242864
SWITCH_STRING IS_EQUAL,4.6187722501195445
THROW ADD,9.861576906737323
THROW ASSIGN,6.573175019220511
THROW ASSIGN_DIM,8.138810308996218
THROW ASSIGN_OBJ,6.091117465630963
THROW ASSIGN_OBJ_OP,9.861576906737323
THROW ASSIGN_OP,9.168429726177378
THROW BEGIN_SILENCE,8.21291828114994
THROW BIND_LEXICAL,9.273790241835203
THROW BIND_STATIC,10.372402530503313
THROW BOOL,9.391573277491586
THROW BOOL_NOT,6.9712051488411575
THROW BW_AND,9.861576906737323
THROW BW_XOR,10.777867638611477
THROW CAST,8.005278916371696
THROW CHECK_FUNC_ARG,6.906666627703586
THROW CLONE,10.372402530503313
THROW CONCAT,7.944654294555261
THROW COUNT,8.906065461709886
THROW DECLARE_CLASS,9.861576906737323
THROW DO_FCALL,6.07285211765367
THROW ECHO,9.679255349943368
THROW FETCH_CLASS,8.986108169383423
THROW FETCH_CONSTANT,8.698426096931641
THROW FETCH_DIM_IS,10.084720458051532
THROW FETCH_DIM_R,6.595817495970271
THROW FETCH_DIM_UNSET,10.777867638611477
THROW FETCH_DIM_W,10.084720458051532
THROW FETCH_IS,10.777867638611477
THROW FETCH_OBJ_IS,8.580643061275257
THROW FETCH_OBJ_R,5.72481162863127
THROW FETCH_OBJ_UNSET,10.777867638611477
THROW FETCH_OBJ_W,7.296627549275786
THROW FETCH_R,10.372402530503313
THROW FETCH_THIS,7.558991813743276
THROW FE_FREE,8.426492381448
THROW FE_RESET_R,7.519771100589995
THROW FE_RESET_RW,10.777867638611477
THROW FREE,7.519771100589995
THROW FUNC_NUM_ARGS,9.861576906737323
THROW GET_CLASS,10.372402530503313
THROW INCLUDE_OR_EVAL,10.084720458051532
THROW INIT_ARRAY,8.580643061275257
THROW INIT_FCALL,6.408419786144456
THROW INIT_USER_CALL,10.084720458051532
THROW INSTANCEOF,8.037027614686277
THROW IS_EQUAL,8.069817437509268
THROW IS_IDENTICAL,8.037027614686277
THROW IS_NOT_EQUAL,8.986108169383423
THROW IS_SMALLER,7.944654294555261
THROW JMP,5.731221906992189
THROW JMPNZ,9.391573277491586
THROW JMPNZ_EX,9.273790241835203
THROW JMPZ,6.807575725059356
THROW JMPZ_EX,8.475282545617432
THROW JMP_FRAMELESS,7.296627549275786
THROW JMP_SET,10.372402530503313
THROW MOD,10.372402530503313
THROW MUL,9.861576906737323
THROW NEW,6.595817495970271
THROW NOP,10.777867638611477
THROW OP_DATA,9.168429726177378
THROW PRE_DEC,10.777867638611477
THROW PRE_INC,8.762964618069212
THROW PRE_INC_OBJ,10.084720458051532
THROW QM_ASSIGN,10.084720458051532
THROW RETURN,4.7304954595652
THROW RETURN_BY_REF,10.777867638611477
THROW ROPE_INIT,8.986108169383423
THROW SEND_VAL,10.777867638611477
THROW SEND_VAL_EX,6.5081701889115156
THROW SEND_VAR,8.762964618069212
THROW SEND_VAR_EX,5.790842210154355
THROW SR,10.084720458051532
THROW STRLEN,9.525104670116109
THROW SUB,8.986108169383423
THROW SWITCH_LONG,10.777867638611477
THROW SWITCH_STRING,10.372402530503313
THROW THROW,10.084720458051532
THROW TYPE_CHECK,7.180555378023032
THROW UNSET_CV,10.372402530503313
THROW UNSET_DIM,9.861576906737323
THROW UNSET_OBJ,9.679255349943368
TICKS ECHO,10.372402530503313
TICKS INIT_FCALL,8.637801475115207
TICKS RETURN,8.526575840004982
TICKS SEND_VAL_EX,10.777867638611477
TYPE_CHECK ASSIGN,7.251507113995316
TYPE_CHECK ASSIGN_DIM,10.372402530503313
TYPE_CHECK ASSIGN_OBJ,8.698426096931641
TYPE_CHECK BOOL,4.096385803952478
TYPE_CHECK BOOL_NOT,4.436626889255919
TYPE_CHECK BOOL_XOR,10.777867638611477
TYPE_CHECK CAST,9.679255349943368
TYPE_CHECK DO_FCALL,10.777867638611477
TYPE_CHECK END_SILENCE,5.861543023986463
TYPE_CHECK FETCH_OBJ_W,10.372402530503313
TYPE_CHECK FE_FREE,10.372402530503313
TYPE_CHECK INIT_ARRAY,10.372402530503313
TYPE_CHECK INIT_FCALL,10.777867638611477
TYPE_CHECK IS_EQUAL,10.777867638611477
TYPE_CHECK IS_NOT_EQUAL,10.777867638611477
TYPE_CHECK JMPNZ,4.548370927695535
TYPE_CHECK JMPNZ_EX,5.011110364793888
TYPE_CHECK JMPZ,3.0728304143373872
TYPE_CHECK JMPZ_EX,4.44192725502176
TYPE_CHECK JMP_SET,10.084720458051532
TYPE_CHECK OP_DATA,10.777867638611477
TYPE_CHECK QM_ASSIGN,10.372402530503313
TYPE_CHECK RETURN,6.440576897778987
TYPE_CHECK SEND_VAL,9.391573277491586
TYPE_CHECK SEND_VAL_EX,7.944654294555261
TYPE_CHECK TYPE_CHECK,10.084720458051532
UNSET_CV ASSIGN,6.906666627703586
UNSET_CV ASSIGN_DIM,9.073119546373052
UNSET_CV ASSIGN_OBJ,9.679255349943368
UNSET_CV BEGIN_SILENCE,7.620867217461364
UNSET_CV BIND_LEXICAL,10.777867638611477
UNSET_CV BOOL,10.777867638611477
UNSET_CV BOOL_NOT,8.698426096931641
UNSET_CV CHECK_FUNC_ARG,8.103718989184948
UNSET_CV CONCAT,9.861576906737323
UNSET_CV COUNT,8.637801475115207
UNSET_CV DEFINED,10.372402530503313
UNSET_CV DO_FCALL,7.539189186447096
UNSET_CV ECHO,8.103718989184948
UNSET_CV FETCH_CONSTANT,8.252138994303222
UNSET_CV FETCH_DIM_IS,10.372402530503313
UNSET_CV FETCH_DIM_R,8.138810308996218
UNSET_CV FETCH_DIM_W,10.372402530503313
UNSET_CV FETCH_IS,9.391573277491586
UNSET_CV FETCH_OBJ_R,8.580643061275257
UNSET_CV FETCH_OBJ_UNSET,10.084720458051532
UNSET_CV FETCH_R,8.986108169383423
UNSET_CV FETCH_THIS,10.372402530503313
UNSET_CV FETCH_UNSET,10.777867638611477
UNSET_CV FE_RESET_R,8.580643061275257
UNSET_CV FE_RESET_RW,10.777867638611477
UNSET_CV INCLUDE_OR_EVAL,10.777867638611477
UNSET_CV INIT_ARRAY,10.372402530503313
UNSET_CV INIT_FCALL,6.691891326059893
UNSET_CV INSTANCEOF,10.777867638611477
UNSET_CV IS_EQUAL,7.974507257704942
UNSET_CV IS_IDENTICAL,10.777867638611477
UNSET_CV IS_NOT_EQUAL,10.777867638611477
UNSET_CV IS_SMALLER,9.391573277491586
UNSET_CV JMP,6.37726461836466
UNSET_CV JMPNZ,9.861576906737323
UNSET_CV JMPNZ_EX,10.777867638611477
UNSET_CV JMPZ,7.70981470347786
UNSET_CV JMPZ_EX,9.073119546373052
UNSET_CV JMP_FRAMELESS,10.777867638611477
UNSET_CV NEW,9.273790241835203
UNSET_CV NOP,9.861576906737323
UNSET_CV OP_DATA,10.777867638611477
UNSET_CV PRE_DEC,10.372402530503313
UNSET_CV PRE_INC,7.974507257704942
UNSET_CV RETURN,5.05101989102428
UNSET_CV ROPE_INIT,10.084720458051532
UNSET_CV SEND_VAL_EX,7.208334942130107
UNSET_CV SEND_VAR,9.861576906737323
UNSET_CV SEND_VAR_EX,7.251507113995316
UNSET_CV SUB,10.372402530503313
UNSET_CV TYPE_CHECK,8.698426096931641
UNSET_CV UNSET_CV,5.96568328323906
UNSET_CV UNSET_DIM,9.525104670116109
UNSET_DIM ADD,7.686825185253161
UNSET_DIM ASSIGN,6.371148391347224
UNSET_DIM ASSIGN_DIM,7.236908314574163
UNSET_DIM ASSIGN_DIM_OP,10.777867638611477
UNSET_DIM ASSIGN_OBJ,8.379972365813106
UNSET_DIM ASSIGN_OP,9.679255349943368
UNSET_DIM BEGIN_SILENCE,7.236908314574163
UNSET_DIM BIND_STATIC,10.372402530503313
UNSET_DIM BOOL_NOT,7.782135365057486
UNSET_DIM CAST,9.861576906737323
UNSET_DIM CHECK_FUNC_ARG,8.069817437509268
UNSET_DIM CONCAT,7.32788009277989
UNSET_DIM COUNT,8.252138994303222
UNSET_DIM DEFINED,10.777867638611477
UNSET_DIM DO_FCALL,7.296627549275786
UNSET_DIM ECHO,6.278057968281212
UNSET_DIM FAST_RET,10.777867638611477
UNSET_DIM FETCH_CLASS,10.372402530503313
UNSET_DIM FETCH_CONSTANT,7.974507257704942
UNSET_DIM FETCH_DIM_IS,8.580643061275257
UNSET_DIM FETCH_DIM_R,6.798185984709517
UNSET_DIM FETCH_DIM_RW,10.777867638611477
UNSET_DIM FETCH_DIM_UNSET,8.379972365813106
UNSET_DIM FETCH_DIM_W,8.175177953167093
UNSET_DIM FETCH_IS,8.831957489556164
UNSET_DIM FETCH_OBJ_IS,8.426492381448
UNSET_DIM FETCH_OBJ_R,7.040198020328109
UNSET_DIM FETCH_OBJ_RW,10.777867638611477
UNSET_DIM FETCH_OBJ_UNSET,7.32788009277989
UNSET_DIM FETCH_OBJ_W,7.782135365057486
UNSET_DIM FETCH_R,7.393477375265703
UNSET_DIM FETCH_THIS,8.335520603242273
UNSET_DIM FETCH_UNSET,6.89630384066804
UNSET_DIM FETCH_W,8.526575840004982
UNSET_DIM FE_FREE,8.252138994303222
UNSET_DIM FE_RESET_R,7.005106700516839
UNSET_DIM INCLUDE_OR_EVAL,10.777867638611477
UNSET_DIM INIT_ARRAY,8.986108169383423
UNSET_DIM INIT_FCALL,5.442736298940724
UNSET_DIM INIT_USER_CALL,10.777867638611477
UNSET_DIM IS_EQUAL,7.887495880715313
UNSET_DIM IS_IDENTICAL,9.273790241835203
UNSET_DIM IS_NOT_EQUAL,9.391573277491586
UNSET_DIM JMP,4.637983086385222
UNSET_DIM JMPNZ_EX,10.372402530503313
UNSET_DIM JMPZ,6.982378449439283
UNSET_DIM JMPZ_EX,7.807453173041776
UNSET_DIM JMP_FRAMELESS,8.762964618069212
UNSET_DIM NEW,8.21291828114994
UNSET_DIM NOP,8.906065461709886
UNSET_DIM OP_DATA,10.084720458051532
UNSET_DIM PRE_DEC,9.273790241835203
UNSET_DIM PRE_DEC_OBJ,10.372402530503313
UNSET_DIM PRE_INC,8.037027614686277
UNSET_DIM PRE_INC_OBJ,10.372402530503313
UNSET_DIM QM_ASSIGN,10.777867638611477
UNSET_DIM RETURN,5.708963436391246
UNSET_DIM ROPE_INIT,9.525104670116109
UNSET_DIM SEND_VAL,10.372402530503313
UNSET_DIM SEND_VAL_EX,6.5081701889115156
UNSET_DIM SEND_VAR,9.861576906737323
UNSET_DIM SEND_VAR_EX,6.551033893343297
UNSET_DIM STRLEN,10.777867638611477
UNSET_DIM SUB,7.782135365057486
UNSET_DIM SWITCH_STRING,10.777867638611477
UNSET_DIM TYPE_CHECK,8.037027614686277
UNSET_DIM UNSET_CV,8.762964618069212
UNSET_DIM UNSET_DIM,6.050479819899136
UNSET_DIM UNSET_OBJ,10.777867638611477
UNSET_OBJ ASSIGN,9.168429726177378
UNSET_OBJ ASSIGN_DIM,10.777867638611477
UNSET_OBJ ASSIGN_OBJ,8.986108169383423
UNSET_OBJ ASSIGN_OBJ_OP,10.777867638611477
UNSET_OBJ BOOL_NOT,10.777867638611477
UNSET_OBJ CHECK_FUNC_ARG,9.679255349943368
UNSET_OBJ DO_FCALL,9.679255349943368
UNSET_OBJ ECHO,10.777867638611477
UNSET_OBJ FETCH_DIM_R,10.084720458051532
UNSET_OBJ FETCH_DIM_UNSET,10.372402530503313
UNSET_OBJ FETCH_OBJ_IS,10.372402530503313
UNSET_OBJ FETCH_OBJ_R,7.860096906527198
UNSET_OBJ FETCH_OBJ_UNSET,9.073119546373052
UNSET_OBJ FETCH_OBJ_W,9.525104670116109
UNSET_OBJ FETCH_THIS,10.372402530503313
UNSET_OBJ FETCH_UNSET,10.372402530503313
UNSET_OBJ FE_FREE,10.777867638611477
UNSET_OBJ FE_RESET_R,10.372402530503313
UNSET_OBJ INIT_ARRAY,10.777867638611477
UNSET_OBJ INIT_FCALL,10.084720458051532
UNSET_OBJ IS_NOT_EQUAL,10.777867638611477
UNSET_OBJ JMP,7.944654294555261
UNSET_OBJ JMPZ,9.861576906737323
UNSET_OBJ JMPZ_EX,10.372402530503313
UNSET_OBJ NEW,9.861576906737323
UNSET_OBJ PRE_INC,10.777867638611477
UNSET_OBJ RETURN,7.076565664498983
UNSET_OBJ SEND_VAL_EX,9.679255349943368
UNSET_OBJ SEND_VAR,10.777867638611477
UNSET_OBJ SEND_VAR_EX,9.273790241835203
UNSET_OBJ THROW,10.777867638611477
UNSET_OBJ UNSET_DIM,10.777867638611477
UNSET_OBJ UNSET_OBJ,7.70981470347786
UNSET_VAR ASSIGN,8.906065461709886
UNSET_VAR CONCAT,10.777867638611477
UNSET_VAR DO_FCALL,10.777867638611477
UNSET_VAR FETCH_IS,8.292960988823477
UNSET_VAR FETCH_R,9.168429726177378
UNSET_VAR FE_FREE,10.777867638611477
UNSET_VAR INIT_FCALL,9.861576906737323
UNSET_VAR JMP,8.426492381448
UNSET_VAR NEW,10.777867638611477
UNSET_VAR RETURN,8.906065461709886
UNSET_VAR SEND_VAL_EX,10.777867638611477
UNSET_VAR SEND_VAR_EX,9.168429726177378
UNSET_VAR UNSET_VAR,9.861576906737323
YIELD ASSIGN,10.777867638611477
YIELD CONCAT,10.777867638611477
YIELD DO_FCALL,10.084720458051532
YIELD INIT_ARRAY,10.777867638611477
YIELD JMP,9.391573277491586
YIELD NEW,10.372402530503313
YIELD PRE_INC,10.372402530503313
YIELD RECV,10.777867638611477
YIELD RETURN,10.777867638611477
YIELD SEND_VAL_EX,10.372402530503313
YIELD YIELD,9.679255349943368
