path,CreationDate,Hash_MD5,Hash_SHA-1,Extension
C:\Users\dinht\Documents\RandomForest\test_file_benign_only\01simple-download-pdf.php,31/07/2025,a2244c6e29474f6d9b36f4ac5cd999ff,1019cbc4f36996d79dc3db786a5e23b95eeef316,.php
C:\Users\dinht\Documents\RandomForest\test_file_benign_only\AbstractPlatform.php,31/07/2025,079c8c3b1210d9770cacb2f5d5dbec35,5362fd069f6b3855e1e33b91a801c75007e3bfbc,.php
C:\Users\dinht\Documents\RandomForest\test_file_benign_only\AccessCollections.php,31/07/2025,f8b32a4ba5e4bc08ce32c9474bb330ea,4bf329b050afea873cdd111e6057bf7540d479f8,.php
C:\Users\dinht\Documents\RandomForest\test_file_benign_only\access_1.php,31/07/2025,92bd1b4180c68efc4e066b03b1a328e5,129d28656cafad99ba9dc3c735da611f2bdf874a,.php
C:\Users\dinht\Documents\RandomForest\test_file_benign_only\acp_service.php,31/07/2025,6abf4c9f5ad8a3b1e44a7c305fa5efbd,f5536fa0b38b143d23246fe108425b2264e0ac97,.php
C:\Users\dinht\Documents\RandomForest\test_file_benign_only\ActionsService.php,31/07/2025,82951ff0448210c2589c2230a8a2477c,c3e5f12a36c4bb0fde16acf7e8dfcd124080d23f,.php
C:\Users\dinht\Documents\RandomForest\test_file_benign_only\add_7.php,31/07/2025,96fb60bc693ccde7308f6591f9263c46,da2ea6f67798267e80261a23b88ffc5ecc468f0f,.php
C:\Users\dinht\Documents\RandomForest\test_file_benign_only\admin_12.php,31/07/2025,98e253adc78dbc6d2bc917a3f446bec0,3f6fbc6b347d9ca5f0fbcce11798107b1864c5de,.php
C:\Users\dinht\Documents\RandomForest\test_file_benign_only\adodb-pear.inc.php,31/07/2025,5c573ba2b086f9a4c38ef8a70dc011d0,4df302a3d3feba747c7f52f0fe764275b1d3ebb0,.php
C:\Users\dinht\Documents\RandomForest\test_file_benign_only\adodb-time.inc_helper.php,31/07/2025,cb2d42e3d6000cb32040fcfb0eb79b8c,0bdaacaa2582ab0528052b6a96fd3c4789633326,.php
C:\Users\dinht\Documents\RandomForest\test_file_benign_only\AglInstaller.php,31/07/2025,ede00143638c3d572acef2b18b440c67,fa780ad75417967ab77c968afc7cef7b850fad5b,.php
C:\Users\dinht\Documents\RandomForest\test_file_benign_only\ajax-actions.php,31/07/2025,3fc2e682a53f970566ccea7566c2ba58,c0babe8c281de9b939ca60cf4eba0fdce867d465,.php
C:\Users\dinht\Documents\RandomForest\test_file_benign_only\ajax_4.php,31/07/2025,9f6f0df2099e3c54bab7db18aeaffc35,490928b440ba4f7805f352aaf7345ac534370195,.php
C:\Users\dinht\Documents\RandomForest\test_file_benign_only\Worksheet.php,02/08/2025,e016bbd66b55a2566963dcbb446e3464,d1500397f0340e1528739d9190dffa5810a8a2df,.php
C:\Users\dinht\Documents\RandomForest\test_file_benign_only\wp-settings.php,02/08/2025,edb6d70dc7dcdd73d2558ec8f7e528de,da15d95ee76cc98a0cd000eb1d42fec8863a6654,.php
C:\Users\dinht\Documents\RandomForest\test_file_benign_only\wrapper.php,02/08/2025,be6aeae5c6a56d67bf3e8d87a089c30c,4d41f6aa5372d3cfb852b115a59a64e49efcd01e,.php
C:\Users\dinht\Documents\RandomForest\test_file_benign_only\yiilite.php,02/08/2025,9b4e1504ac9df382aa12afa14df88c24,0302defababde613fdd3e5cc22629036beaeae91,.php
C:\Users\dinht\Documents\RandomForest\test_file_benign_only\zh.php,02/08/2025,5f7a8a67cf387f55be026dc11a8f4976,c1bca83bc652d084a447847e987e100f765d1f00,.php
C:\Users\dinht\Documents\RandomForest\test_file_benign_only\zhanzhanglogin.php,02/08/2025,9df874e78ab9bd6fc0699344c2cf06e0,59dac199736c5264c93f3c68c6c08e470752777b,.php
C:\Users\dinht\Documents\RandomForest\test_file_benign_only\_themosisUserCore.scout.php,31/07/2025,303efbfcb0bf221792b24f4295db044c,ad45ce90f681cb79722bfd641995d094e03c0569,.php
C:\Users\dinht\Documents\RandomForest\test_file_benign_only\admin_21.php,31/07/2025,b21c379edab1d919ca21599d91500020,d9511a5a8992b29ecc9756ac934aaf2381b21dff,.php
C:\Users\dinht\Documents\RandomForest\test_file_benign_only\WxPay.Config.php,02/08/2025,1d80905bfc4601c2e7747620b5765063,daa49eed509965aa7947d6b519f8285c661ca449,.php
C:\Users\dinht\Documents\RandomForest\test_file_benign_only\_statisticsoutput_footer.php,31/07/2025,aca4ae287f9691c6857835a1740e5188,6655f23ccf210ad43476124b04fc6cffe731b427,.php
C:\Users\dinht\Documents\RandomForest\test_file_benign_only\.phpstorm.meta.php,31/07/2025,194335b969fa09a534a56eb90be53d3b,6cac348d3320193942a49459d988fd32032c543e,.php
C:\Users\dinht\Documents\RandomForest\test_file_benign_only\.psysh.php,31/07/2025,ba6f3a3995aece59b1dc98d8126b7cf4,7c30e2b7f831b3f7ab9f55c5aefb535a0c02ea8c,.php
C:\Users\dinht\Documents\RandomForest\test_file_benign_only\0080_00ff.php,31/07/2025,ea8b403109c863c2099d57b3fb5a9d11,c215c126f82711ac94949fbd4f62eebd6a82f424,.php
C:\Users\dinht\Documents\RandomForest\test_file_benign_only\01pharSimple.php,31/07/2025,99e64ee1b559ed2cbf45bd7a8e968746,35b2960a02686b31b313ff92a36ffa99faa7c391,.php
C:\Users\dinht\Documents\RandomForest\test_file_benign_only\01simple-download-ods.php,31/07/2025,1ca73b529c83eabcecec9f6d2f05b2d8,17ca34d91a225309633ec59385acbad5094b7119,.php
C:\Users\dinht\Documents\RandomForest\test_file_benign_only\01simple-download-xls.php,31/07/2025,e2750fffa47e6d9ba21024865a63320c,34b8f48a31cfceceec1d25463ed09bce4b5a1caf,.php
C:\Users\dinht\Documents\RandomForest\test_file_benign_only\01simple-download-xlsx.php,31/07/2025,ec34ec31d9c74e6ade83c78b53df7617,430357c97f4d23a4e26ffc4f5b5b6f2f5954fe75,.php
C:\Users\dinht\Documents\RandomForest\test_file_benign_only\01simple.php,31/07/2025,1885a384326f052fd40c63f09da50c2e,a1190f56df2f2d48bbd68003b9c49a87615528b6,.php
C:\Users\dinht\Documents\RandomForest\test_file_benign_only\01simplePCLZip.php,31/07/2025,79c1ac58bc9df23cd127d5b18ee267c0,2439b1a0957524e05d9d4ce387e09efcaf4c63ac,.php
C:\Users\dinht\Documents\RandomForest\test_file_benign_only\022d7fb2484bd5c9006fe84b282e702073e58f0c.php,31/07/2025,b373e17f0125c107fab2c70d902d49ba,9d81edf67a6dcf4ed18135d5a531009afd193983,.php
C:\Users\dinht\Documents\RandomForest\test_file_benign_only\02types-xls.php,31/07/2025,7c5b44373001641058cc2a01927edd03,3e321f4362fd58acc5c3ec982cfc8173f8bc8576,.php
C:\Users\dinht\Documents\RandomForest\test_file_benign_only\02types.php,31/07/2025,5997f55350af28346089bf5630c6f284,b1a0910c28d62443f62742afac88315b218187af,.php
C:\Users\dinht\Documents\RandomForest\test_file_benign_only\02types_1.php,31/07/2025,0a658e91a952dfb1fa5f5a84ee8b0f49,cfe1c5c2a3c3f0d54cdedc215ea2d610e19c8a71,.php
C:\Users\dinht\Documents\RandomForest\test_file_benign_only\03formulas.php,31/07/2025,b7148fea7691c7887c655ff2086561ce,6f92cac3c034d6d53fc1ff2c0d87d80df81efd3c,.php
C:\Users\dinht\Documents\RandomForest\test_file_benign_only\04printing.php,31/07/2025,3d5711a012efee31133d0c5a4f98fe76,c8473095b70b6d1313d04c97f0934843126fc07c,.php
C:\Users\dinht\Documents\RandomForest\test_file_benign_only\04_plugins_form.tpl.php,31/07/2025,777a54b323c963fc22e95c8a2ae4ec74,4cd0c61bb30f55e70ab163abad3038dfbeead1e5,.php
C:\Users\dinht\Documents\RandomForest\test_file_benign_only\05featuredemo.inc.php,31/07/2025,e0649ce030512fa0beab397507736dff,a71b7aef84e034708d07f984a9f52cdc8b8b7ccf,.php
C:\Users\dinht\Documents\RandomForest\test_file_benign_only\05featuredemo.php,31/07/2025,8983f5ae22647dab0c1e124852535c6e,6751ac0a3cd2c3659f2566373a5119b312b1fddf,.php
C:\Users\dinht\Documents\RandomForest\test_file_benign_only\06largescale-with-cellcaching-sqlite.php,31/07/2025,da91233831dc8e4b44585e5a82f38913,d652da5890afb093b1a0bcf370c3cad34fcbbc58,.php
C:\Users\dinht\Documents\RandomForest\test_file_benign_only\06largescale-with-cellcaching-sqlite3.php,31/07/2025,18de7722cbe141fea58ca3ca30ed0660,1a500a5c60e00997c5003f34c5b2ebf6795b93e9,.php
C:\Users\dinht\Documents\RandomForest\test_file_benign_only\06largescale-with-cellcaching-sqlite3_1.php,31/07/2025,b76971c264df358a566f3701ac38feb2,a77d05f0ae2d92a5fe1765d6de9f3dde2a031f6b,.php
C:\Users\dinht\Documents\RandomForest\test_file_benign_only\06largescale-with-cellcaching.php,31/07/2025,031e970675d1b434e85e89d50566c1cf,b0bf78364bf9ae4db33622404019247adaa8be2c,.php
C:\Users\dinht\Documents\RandomForest\test_file_benign_only\06largescale-with-cellcaching_1.php,31/07/2025,6b23fca7be4ab4b606879e3b84dacf59,8f2b23c602619f462ac293812913942c7dab4732,.php
C:\Users\dinht\Documents\RandomForest\test_file_benign_only\06largescale-xls.php,31/07/2025,f0cf58975a0674fc08d4f7fe52496dfd,dacf3432038434692bf87f92ec1a5009e930c8ba,.php
C:\Users\dinht\Documents\RandomForest\test_file_benign_only\06largescale-xls_1.php,31/07/2025,a09bb6508b24c50d431d066236d124e9,fe82470d833c7d143b42dab99f1c6f59b0778234,.php
C:\Users\dinht\Documents\RandomForest\test_file_benign_only\06largescale.php,31/07/2025,786402f90fafb0b9537e585a6a922fa2,2cdd31f11c0d6eedb50232be4b5d6e23342aa654,.php
C:\Users\dinht\Documents\RandomForest\test_file_benign_only\07reader.php,31/07/2025,9453f087fa55906813b139d7230fe31f,2d9d6150e1cf4c9558d26e2b9cb80ad18a11c390,.php
C:\Users\dinht\Documents\RandomForest\test_file_benign_only\07readerPCLZip.php,31/07/2025,90259592502edfeb829409b49d2594a7,37bf65af377d2743f9583da6032626405a166913,.php
C:\Users\dinht\Documents\RandomForest\test_file_benign_only\07_escape.tpl.php,31/07/2025,45ebcda1a0c6e41b42bd0f3b18a12335,8f19c006846b43561c45ca9a5f5f18d04dea012b,.php
C:\Users\dinht\Documents\RandomForest\test_file_benign_only\08conditionalformatting.php,31/07/2025,41ded1d0761e289ac39b15f4b22a5267,0658154d2e6d5048d4d4b6e00ec7aa2421bd8d5d,.php
C:\Users\dinht\Documents\RandomForest\test_file_benign_only\08conditionalformatting2.php,31/07/2025,200402ecd233968e1714f4bb86c3ae4c,0265af18bde0355fb7ecb1c1c0892256fa443ee5,.php
C:\Users\dinht\Documents\RandomForest\test_file_benign_only\09pagebreaks.php,31/07/2025,d52728d43ab68ff72317b38af3b6103f,632b988a5e48fce664a16e7367f661e64ba6a62d,.php
C:\Users\dinht\Documents\RandomForest\test_file_benign_only\1.php,31/07/2025,fbdd1961373d44e0d3d06096de6b3841,c5e8c0a8a8f2ab94be2eedd8ee9d6c97829515fc,.php
C:\Users\dinht\Documents\RandomForest\test_file_benign_only\1066589ae042dc20161c8bd958016882b82e5b76.php,31/07/2025,646eb6f3ab2e2f5b011e5e6211250093,0f949892080ae549f2ec6c272966f19559e03aa3,.php
C:\Users\dinht\Documents\RandomForest\test_file_benign_only\10autofilter-selection-1.php,31/07/2025,d86ce8d1fd3c5fbf6f9379811e22351e,ec406ba6f19611a29afac2dee0c417c40b161c88,.php
C:\Users\dinht\Documents\RandomForest\test_file_benign_only\10autofilter-selection-2.php,31/07/2025,1b804c57e7e2a928c33e04299f2df083,b2c33c0f2d4d19b811372fb8788e7121ffb04a44,.php
C:\Users\dinht\Documents\RandomForest\test_file_benign_only\10autofilter-selection-display.php,31/07/2025,8cf7c86aa2428f285fb78444c69d0f39,fe5f01d856779a287ccc71d3daa8d11db74773c7,.php
C:\Users\dinht\Documents\RandomForest\test_file_benign_only\10autofilter.php,31/07/2025,3616d8b66e76ef61a180e77edb86f719,a4c25030dc97a48ee8929322e335e125a2091c57,.php
C:\Users\dinht\Documents\RandomForest\test_file_benign_only\11documentsecurity-xls.php,31/07/2025,350882eea5dcdc03c07c6f60bc4890d4,b67d0b3402f4846712ead0867778e0795d3d0bf8,.php
C:\Users\dinht\Documents\RandomForest\test_file_benign_only\11documentsecurity.php,31/07/2025,20dfaecf763c605806cce3979b55f820,993da5702a0718d53749a273f7ce84e5cd7b94ed,.php
C:\Users\dinht\Documents\RandomForest\test_file_benign_only\120_add_page_parent.php,31/07/2025,714f719730cda9836b46390cf7cddff8,6ab4df6d4740e043870ec1269c40a90b476dc95a,.php
C:\Users\dinht\Documents\RandomForest\test_file_benign_only\12cellProtection.php,31/07/2025,e7d7dc696093292f56ab3036a8175b33,f7070b190531cd7b44d022a779d023faa8cccdc2,.php
C:\Users\dinht\Documents\RandomForest\test_file_benign_only\13calculation.php,31/07/2025,b3cca448293e809e373cf704dfcb9ec6,048e80412f2d71d5f2f7c54f00b579982a370d4c,.php
C:\Users\dinht\Documents\RandomForest\test_file_benign_only\13calculationCyclicFormulae.php,31/07/2025,98ba09c33cb1bce9ad5c47c920790c86,ac7bf62627b467c8bbc8247b57f5071330e330ab,.php
C:\Users\dinht\Documents\RandomForest\test_file_benign_only\14excel5.php,31/07/2025,f62cb4a43d8f3fc79efc2091f32e8aad,5699c1ca9b69892db837dc97c7036a3de65891da,.php
C:\Users\dinht\Documents\RandomForest\test_file_benign_only\15datavalidation-xls.php,31/07/2025,352394babce0393d5ade2f40ebe9d607,bd9e2024a75955abb75e5b70c5748cfe5dcbda64,.php
C:\Users\dinht\Documents\RandomForest\test_file_benign_only\15datavalidation-xls_1.php,31/07/2025,ded167ff6986e9dce4244d8f386f2ab1,de78238b98967c7a768dd6ada8e36ece1587bad0,.php
C:\Users\dinht\Documents\RandomForest\test_file_benign_only\15datavalidation.php,31/07/2025,f7bc096ddb3c8514db3ae6f02925c1da,55c9f535f6426011f7ef34e1e65d6bdb067352a3,.php
C:\Users\dinht\Documents\RandomForest\test_file_benign_only\169_add_category_meta.php,31/07/2025,768b877fd009bd893798394eeb2f41d8,deb203bf07e5f1356c6ab3e2090c1de826f44ffe,.php
C:\Users\dinht\Documents\RandomForest\test_file_benign_only\16csv.php,31/07/2025,893bd1fed47af7ea7fbb20d49e6dee58,32d787e90740677a5ed5492b06466d5f3d6b9261,.php
C:\Users\dinht\Documents\RandomForest\test_file_benign_only\16csv_1.php,31/07/2025,19c3e8763bf96278b95ddc8c1a11181d,16ce3d5d35019c3905aedb2334f9e1fadee06f80,.php
C:\Users\dinht\Documents\RandomForest\test_file_benign_only\17html.php,31/07/2025,4f1590f532092c580e24becf67cf4ffe,a8574d3abe98e35c13f743000c5fcc2157b848a2,.php
C:\Users\dinht\Documents\RandomForest\test_file_benign_only\18extendedcalculation.php,31/07/2025,88bb0839dec3c5f971a7e5e19c07e525,43e002b393e8c03c16dd057fde1c9cbf6cae2e6d,.php
C:\Users\dinht\Documents\RandomForest\test_file_benign_only\19namedrange.php,31/07/2025,e6ccf46247289c9f146f0a19dae04a52,9888bf9f273e7ba91bde84b8b230c1920a00e8ac,.php
C:\Users\dinht\Documents\RandomForest\test_file_benign_only\1bf0f9bc0d0f086dbd083a0b6f62112eb8e1cf58.php,31/07/2025,bf458f70a81d4cb7e79862b11ffa8fff,bba0e341098082cc2fa481ff2df651af64c193de,.php
C:\Users\dinht\Documents\RandomForest\test_file_benign_only\1dc2f1098c005874129a7aa2a2ed5c7adae28558.php,31/07/2025,dd809589449473f7e7f0bc477278f2af,2f60059257953b4e303120db9fc5c2f4b528cc3b,.php
C:\Users\dinht\Documents\RandomForest\test_file_benign_only\1_1.php,31/07/2025,d27273f12337a8d2854f5f43f8a138fb,225f0727120540eb3004cbd69798169a4643ead9,.php
C:\Users\dinht\Documents\RandomForest\test_file_benign_only\2.0.0-alpha-2.php,31/07/2025,5d4651d048c5fcfd9bbf5ef101544c71,07e2ff4b400725a1a26bee720a13f78386565db7,.php
C:\Users\dinht\Documents\RandomForest\test_file_benign_only\2.0.1-pl.php,31/07/2025,8b5f53bcecf3c6b631022bb06e589b4a,e312624a2042bcd3b743968b7c98cc34fdc310b6,.php
C:\Users\dinht\Documents\RandomForest\test_file_benign_only\2.2-disable-allowtagsinpost.php,31/07/2025,48840cc51dcd09047d6ca7c54580a23f,41837ab62d2eba700b91463833210f1f1689a3db,.php
C:\Users\dinht\Documents\RandomForest\test_file_benign_only\2.2.0-pl.php,31/07/2025,3a2273413835fb3f38266a90298439e5,4d2f98c80f5d3b67ac70fd12e228d34f17156c4f,.php
C:\Users\dinht\Documents\RandomForest\test_file_benign_only\2.2.1-pl.php,31/07/2025,00385be50561010a30d27c221af426b8,aead1b35084217a6f2277f81895a55c008048332,.php
C:\Users\dinht\Documents\RandomForest\test_file_benign_only\2.2.2-pl.php,31/07/2025,04bd683bc7545778098fbadfa34953d9,0af70164223f219ce670b0b4ffa2ae58b319b333,.php
C:\Users\dinht\Documents\RandomForest\test_file_benign_only\2.4-user-country-iso.php,31/07/2025,1e320c00fefb796a82e8eb4c822db2da,81f71175029d191067834ac1a3c846f157358a4d,.php
C:\Users\dinht\Documents\RandomForest\test_file_benign_only\2.7.0-pl.php,31/07/2025,b1f3e05a5334c14d4240ae1e31cdcdab,d2097eee9bc4a708e1247651e922a04f51fc448e,.php
C:\Users\dinht\Documents\RandomForest\test_file_benign_only\2.php,31/07/2025,af02ddda175793fe385b9bae9ffc6000,5d920b47cdd66fa56b591e777153fc708a312e70,.php
C:\Users\dinht\Documents\RandomForest\test_file_benign_only\2000_01_02_000001_create_payment_accounts_table.php,31/07/2025,962778dab34b5de7f2cae60c6a45da5b,dfdd800a0f3218e4ff23c7d2ac15e117a9b63236,.php
C:\Users\dinht\Documents\RandomForest\test_file_benign_only\2011030101.php,31/07/2025,e7a7fdf7dc329dde20d5023923df32ca,a5994cef4db59a11ffe60cbeda05fc7ac241ecba,.php
C:\Users\dinht\Documents\RandomForest\test_file_benign_only\2012061800.php,31/07/2025,a79fca22b52b6c31cc606b9c0fb0fa96,5af00aeea004fd13dc54d7997f824c9c2c95815a,.php
C:\Users\dinht\Documents\RandomForest\test_file_benign_only\2012122701-fix_entity_class.php,31/07/2025,c2889cab1c3bc4aa9a3c3d66d5a4431e,66ee4188cc18b9081afbb17c895b643da5ffc4f1,.php
C:\Users\dinht\Documents\RandomForest\test_file_benign_only\2012_12_06_225929_migration_cartalyst_sentry_install_groups.php,31/07/2025,70f3ee094534cb1b56a9b1a5e07beeb2,e61e1df58416f532502afc6185be1df552b02edf,.php
C:\Users\dinht\Documents\RandomForest\test_file_benign_only\2013020601-set_character_limit.php,31/07/2025,eb91483212f6aaa224e876094cf1e545,e8a1c3acd2e987a8cc51a5d0be899992ee0b423b,.php
C:\Users\dinht\Documents\RandomForest\test_file_benign_only\2013_10_01_000002_Db_Backend_User_Groups.php,31/07/2025,9387e6c2f11ac4ff487146ebc3bad948,5c5e57bde64d92a704ee16ede970a6e8e0d97161,.php
C:\Users\dinht\Documents\RandomForest\test_file_benign_only\2013_10_01_000008_Db_System_Mail_Templates.php,31/07/2025,f7082774a032a4f40e3a86f4fcdc5b91,b327017655233eeee346e02193d26fcb44add029,.php
C:\Users\dinht\Documents\RandomForest\test_file_benign_only\2014_10_12_000000_create_users_table.php,31/07/2025,930453e8adb0e239c0d53454d60c95fe,12d020eab1bcc72bc877f993aa6cce01d4d9c12b,.php
C:\Users\dinht\Documents\RandomForest\test_file_benign_only\2014_10_12_100000_create_password_resets_table.php,31/07/2025,76e91eb7aac39017cfe6c6e50c2260f5,cf74b6d095392f221427da76c7d05f516b636c08,.php
C:\Users\dinht\Documents\RandomForest\test_file_benign_only\2014_10_14_200250_create_settings_table.php,31/07/2025,6237e46755278b81403c515c8b790b16,2bfdd8274c8f425ec1c3489ac235b4b31fc4428b,.php
C:\Users\dinht\Documents\RandomForest\test_file_benign_only\2014_11_30_191858_create_pages_tables.php,31/07/2025,05cf536ea01f85701bd3f30b69cf302f,8d14a5dc46e2a1937a12b6b67d4e0bc78fa3b6a8,.php
C:\Users\dinht\Documents\RandomForest\test_file_benign_only\2014_12_01_120000_create_phpdebugbar_storage_table.php,31/07/2025,6c35eaa40f40b002093945d61a6077a5,7241d2cd5f996b83ba5e1f08a192c3232400b665,.php
C:\Users\dinht\Documents\RandomForest\test_file_benign_only\2015062900-1.11.2-discussion_plugin-e28c7afa4f5f24ec.php,31/07/2025,2ed8fbbdf791d1735fb63763708fc4b9,2e644d222a4b57a7733b0e2035acec80863889a6,.php
C:\Users\dinht\Documents\RandomForest\test_file_benign_only\2015_02_06_000000_create_categories_table.php,31/07/2025,dbf7dac9a4ae23feb6b814179d1ce003,92546499d8a432603485f2c98a24ecfe0d8e50b0,.php
C:\Users\dinht\Documents\RandomForest\test_file_benign_only\2015_07_06_230816_create_vacancies_table.php,31/07/2025,c2f3a19c248d22dc77d640b5cd8106c5,79627d7c8f6d4ebc696fd1d8ce08eec1f40a33c3,.php
C:\Users\dinht\Documents\RandomForest\test_file_benign_only\2015_09_05_100142_add_icon_column_to_menuitems_table.php,31/07/2025,fdf2f58758a4848c12a42dc313c014b4,32a84b0af1663dc066abe3107f068cb7367ba1e5,.php
C:\Users\dinht\Documents\RandomForest\test_file_benign_only\2015_12_19_143643_add_sortable.php,31/07/2025,059d8be66a7ceb93b62a6aa9f795489a,446298bfaeae07350ea00ddeec4eda8627f4a5b6,.php
C:\Users\dinht\Documents\RandomForest\test_file_benign_only\2015_12_22_163507_create_service_types_table.php,31/07/2025,d239042e3106b9daa82bb3ce6eedc060,a76e56bdfccc0975c6000379439862290997874e,.php
C:\Users\dinht\Documents\RandomForest\test_file_benign_only\2016090100-2.2.0-wider_subtype_class-40b951c36343280b.php,31/07/2025,0fac93dc2705db9c31e0ce5a55a2ec0b,20bf0abfe1d3d92970152a9f6f6c84eb23612d54,.php
C:\Users\dinht\Documents\RandomForest\test_file_benign_only\2016092300-2.2.0-database-guid-columns-5a57ba1bfdd8d925.php,31/07/2025,f875a8f073a0b471b06dd5580acf0789,6703c3c2e40f0e04718ab4f254cd4c8d5dbbebca,.php
C:\Users\dinht\Documents\RandomForest\test_file_benign_only\2016_02_09_194940_create_orchid_post_table.php,31/07/2025,f1df7a75775f82a2879b609053d0bd8e,15a59a9ce19a2d0b984140a48ad7e7fc7f035c27,.php
C:\Users\dinht\Documents\RandomForest\test_file_benign_only\2016_03_18_000001_create_humanresources_table.php,31/07/2025,c90c8375daf44afb770b5cb55d606c81,9ce7256beb95fb51cbe4bfbe60c30612faf2af8a,.php
C:\Users\dinht\Documents\RandomForest\test_file_benign_only\2016_05_29_013742_create_appends_table.php,31/07/2025,bcb878efbf8fc020f0051c17f1122124,1a4ec1152ced3597f34e02e4d565ebbb6dd7669b,.php
C:\Users\dinht\Documents\RandomForest\test_file_benign_only\2016_06_01_233353_create_locations_table.php,31/07/2025,9bfda6713e80d93547b0dfa499a3a86b,244cb36eb04cc5c59882d52fd6cde6569594f009,.php
C:\Users\dinht\Documents\RandomForest\test_file_benign_only\2016_06_22_211501_create_taggables_table.php,31/07/2025,ddf7d26a407e27d51f728e71c0119a7a,ddbc916a65fa3a1d4aee363431bc3e15bc12e66c,.php
C:\Users\dinht\Documents\RandomForest\test_file_benign_only\2016_07_12_181155032011_create_tag_tags_table.php,31/07/2025,274590ab93fb3689e75365e3653fee20,24c9be997712b38dd3a138550f4d9a6a9d6ca4d1,.php
C:\Users\dinht\Documents\RandomForest\test_file_benign_only\2016_08_07_125128_create_orchid_attachmentstable_table.php,31/07/2025,ff3f38b0615133504875a3062b9363f6,abcbf816b2138561a93a636f3de1eab5a0bd6cbb,.php
C:\Users\dinht\Documents\RandomForest\test_file_benign_only\2016_10_01_000019_Db_System_Plugin_History_Detail_Text.php,31/07/2025,f1441ad578077afe9dcf0891542f7ad1,3ac880619e47704c03af3d32a3c9960861c63aab,.php
C:\Users\dinht\Documents\RandomForest\test_file_benign_only\20170502221506_sales_tax_data.php,31/07/2025,856e09c51902011b3cb81162a1bbee3b,15f2e1c27d7a7972593de9500330bc31783f99fb,.php
C:\Users\dinht\Documents\RandomForest\test_file_benign_only\20170728020000_migrate_datalists_to_config.php,31/07/2025,d5d4371a401653f7f4f25a963a5f9498,4f9b29440a2849ca3580b6c8c4f095c7c63bd334,.php
C:\Users\dinht\Documents\RandomForest\test_file_benign_only\20170728030000_denormalize_metastrings.php,31/07/2025,95b082620e672dce6e361b8d1b816a19,31d7ba168e95830807e0dc5a0585aa2946380fa1,.php
C:\Users\dinht\Documents\RandomForest\test_file_benign_only\20170728060000_remove_legacy_password_hashes.php,31/07/2025,d434e2e493d4ea229dc0a6dff3213c9e,181b50269aaced3fa9bf1059fcc6f4852d381ae2,.php
C:\Users\dinht\Documents\RandomForest\test_file_benign_only\20171006111953_drop_sites_entity_table.php,31/07/2025,ee5f9205792408e1e9c186e219ae73d6,397a81d37324ab0a86a0b1d3119c4a3a605b63a2,.php
C:\Users\dinht\Documents\RandomForest\test_file_benign_only\20171006131622_drop_groups_entity_table.php,31/07/2025,53e705525a8e9855dcffd9e468aa568c,6596bca9d69036ebde4f5d99937c14938d6b5a41,.php
C:\Users\dinht\Documents\RandomForest\test_file_benign_only\20171010095648_drop_users_entity_table.php,31/07/2025,2ad17bdfce979c26e9438702ee07be36,f13db4d07bc4cbffcac78b3107aca3a4ebdecc82,.php
C:\Users\dinht\Documents\RandomForest\test_file_benign_only\2017_01_20_125015_create_jobs_table.php,31/07/2025,a04711fc77c26c386eb67612a965cd3b,23dce9f04d0949258d2ed055925d1e475c262fb7,.php
C:\Users\dinht\Documents\RandomForest\test_file_benign_only\2017_01_20_125024_create_failed_jobs_table.php,31/07/2025,bef0bdf7a8cfe83de7c61fdad3fd4d4d,dd04956a7b1b52afedfb0fdf197bbbd40edec552,.php
C:\Users\dinht\Documents\RandomForest\test_file_benign_only\2017_04_10_000004_create_users_roles_table.php,31/07/2025,d932748c0befa0135a63da5da5ebf9ff,b54ebbc2e5b74ed47a2a523f8f351df042583a07,.php
C:\Users\dinht\Documents\RandomForest\test_file_benign_only\2017_09_15_073927_create_options_table.php,31/07/2025,3d90b688b0dbdd9884646bc2eef9261c,c6e7aa9b7866c8f95ed2a0ffc594fb748bd894af,.php
C:\Users\dinht\Documents\RandomForest\test_file_benign_only\2017_09_15_091222_create_session_table.php,31/07/2025,09d8703593b1c845b8e15e7d7b921dc7,5977ba5700b37c997ec04ef8a6e32e853db2540b,.php
C:\Users\dinht\Documents\RandomForest\test_file_benign_only\2017_09_20_144631_add_folders_columns_on_files_table.php,31/07/2025,1d548238a3cd75278c4bc01f73a888fb,2bee8475751a96dc113b0333e2eb07844d6f25a6,.php
C:\Users\dinht\Documents\RandomForest\test_file_benign_only\2017_10_01_000021_Db_System_Sessions_Update.php,31/07/2025,8866532c5da1bf25a5e770837ae6b179,ac8d12e63381535e4b2efaa07cce3020278d9dcf,.php
C:\Users\dinht\Documents\RandomForest\test_file_benign_only\2017_10_05_204617_create_spool_table.php,31/07/2025,dc1a53b7ff63e70ae1d2cf975edfa850,75f692a0c63a5533735b05f1f614c9f76e72959a,.php
C:\Users\dinht\Documents\RandomForest\test_file_benign_only\2017_10_07_140614_create_attachments_table.php,31/07/2025,b95dbef53a0d92fb34ec25bd20ae1c19,8bef83e9f5316417d0d723c22f5fdcfff91acbde,.php
C:\Users\dinht\Documents\RandomForest\test_file_benign_only\2017_10_07_213407_files_update_permissions_table.php,31/07/2025,96d97d263a68ec79ed8e59231c3d606a,48f3b21e7df6a84bef2e0e47c0ee04c59e71cd1c,.php
C:\Users\dinht\Documents\RandomForest\test_file_benign_only\2017_11_08_110356_create_user_profiles_table.php,31/07/2025,25185e1639cb6b5b766e469526da8a2f,d1133ff041f6d5d8eedd686e3a205bddd16129b6,.php
C:\Users\dinht\Documents\RandomForest\test_file_benign_only\2018_04_26_171101_create_district_table.php,31/07/2025,b2eb183e22c1e531d90d1a637de9fb7c,4c9189253d38af4d51faa6f4d603f648105a3ac2,.php
C:\Users\dinht\Documents\RandomForest\test_file_benign_only\2018_05_04_090903_create_members_table.php,31/07/2025,8e2d7e09847fb4892bb3c1378cecb2ad,88a01a445f3530be37967d8f22b974cc846dc027,.php
C:\Users\dinht\Documents\RandomForest\test_file_benign_only\2018_05_31_162020_create_icons_table.php,31/07/2025,9aa6a824b28070cc16b47a54517afffa,9170dff119f868794c5dd97a4cad96f8f028c0d4,.php
C:\Users\dinht\Documents\RandomForest\test_file_benign_only\2018_09_05_013752_create_permission_tables.php,31/07/2025,1b2e1bb62685f03cfe0ea75cecbfce81,73d859151fbb11bdb9eafbe48bee5a505d36e6ca,.php
C:\Users\dinht\Documents\RandomForest\test_file_benign_only\2018_10_13_145552_create_operate_logs_table.php,31/07/2025,0493bf1704837d8a1d5f6abdb48ba51b,ab935756f990721e643036e1acea9114c52555bd,.php
C:\Users\dinht\Documents\RandomForest\test_file_benign_only\2018_10_13_150118_create_channels_table.php,31/07/2025,075ef3ab85d306b1c01bf0829af8a037,5bfbaf79fedb22000a689ebef8a7b44093e734be,.php
C:\Users\dinht\Documents\RandomForest\test_file_benign_only\2018_10_13_151603_create_deal_records_table.php,31/07/2025,7469e1c7d37ae05a026a7f85426022ce,bf743bfc0c14ad1c637e46ffb8fc39b7f5b5f1c0,.php
C:\Users\dinht\Documents\RandomForest\test_file_benign_only\2018_10_13_151922_create_channel_reduces_table.php,31/07/2025,af308d18b75e3733232edb186c1af2dd,a7b77f53dfa30032ae0bef52a04fdc9031a1874b,.php
C:\Users\dinht\Documents\RandomForest\test_file_benign_only\2018_10_13_154219_create_channel_ceilings_table.php,31/07/2025,a027043b8f8c10881778af8c64ad9c51,c1cb1cc36ea215029e412d6fe0d7f3beb8103f02,.php
C:\Users\dinht\Documents\RandomForest\test_file_benign_only\2018_10_13_154318_create_apps_table.php,31/07/2025,b5a4045c34a0ea2cbe67ec7330d9b666,828a679da4d316c017d07ac83b7343f5742d2133,.php
C:\Users\dinht\Documents\RandomForest\test_file_benign_only\2018_10_13_160316_create_distribute_pages_table.php,31/07/2025,73e6234ea324133456a41e4c647b96b8,6a5f3b19a0250ecf3a5b3cd734d801f0fd4a9359,.php
C:\Users\dinht\Documents\RandomForest\test_file_benign_only\2018_10_13_171826_create_devices_table.php,31/07/2025,d563a0ffc790e2c517b55ec3dc6f97ed,897cc0c9194cf33333d07b355fbaf6030de60273,.php
C:\Users\dinht\Documents\RandomForest\test_file_benign_only\2018_10_13_175457_create_behavior_logs_table.php,31/07/2025,c6cf516bc79c1def1dc62f490af4f9e1,21de78ed9ae3bb0eef330e6a1b0feeb9a199fa50,.php
C:\Users\dinht\Documents\RandomForest\test_file_benign_only\2018_10_15_093830_create_feedbacks_table.php,31/07/2025,997b0f83d6bc545055d48461adeb5acf,d7e150f4a9787989965484eb90e6b370db030b5c,.php
C:\Users\dinht\Documents\RandomForest\test_file_benign_only\2018_10_15_100952_create_articles_table.php,31/07/2025,205dd8c5ff1f097ea6bb7894ffa99c9c,92cec2dcd6486930994d60e32cddaaf3855718a7,.php
C:\Users\dinht\Documents\RandomForest\test_file_benign_only\2018_10_15_110234_create_products_table.php,31/07/2025,2562ebf2d93166cae0bcd1f1ae9e6e0b,25bab4bb12412e1f6da2c1de81bda252f5ac99ce,.php
C:\Users\dinht\Documents\RandomForest\test_file_benign_only\2018_10_15_170205_create_credits_table.php,31/07/2025,ea1d263d38035fb1a98a4399f3d4a2fe,69470e981853ddfab734f11127915307271e38c1,.php
C:\Users\dinht\Documents\RandomForest\test_file_benign_only\2018_10_17_140309_create_applies_table.php,31/07/2025,875c7eba2778f0d855a439eba9f86909,946ee51e48cd52fa7b9648652e0a8d4a029dd2b4,.php
C:\Users\dinht\Documents\RandomForest\test_file_benign_only\2018_10_17_155752_create_corners_table.php,31/07/2025,88ed79391eaa22da1c3cc7e05bc43bb7,cb419095c879be11b58b4087c5c5d7b06e5fa5c9,.php
C:\Users\dinht\Documents\RandomForest\test_file_benign_only\2018_10_17_160151_create_comments_table.php,31/07/2025,b1d06ef1866ac3afd0995adadd4365f7,fb374f5a9ab235e9b6b632d495eb1be83c3b2dda,.php
C:\Users\dinht\Documents\RandomForest\test_file_benign_only\2018_10_17_162243_create_virtual_phones_table.php,31/07/2025,4546c00d2d52f1d3d3c36c6264780171,8d0d5b40640402bddcb38ca7b86be09ee4d7e8b8,.php
C:\Users\dinht\Documents\RandomForest\test_file_benign_only\2018_10_17_163016_create_access_channels_table.php,31/07/2025,ded9e964e20d3bcd816ec524fbf5d0e5,d8d291f1079e96a446658121079999ed6bb4231d,.php
C:\Users\dinht\Documents\RandomForest\test_file_benign_only\2018_10_17_173059_create_websites_table.php,31/07/2025,1705880ae5e4d3f90b6a37b43130ec44,568aecc2d4ebd9c93f1f69bce393a137b6d3d8ba,.php
C:\Users\dinht\Documents\RandomForest\test_file_benign_only\2018_10_17_173515_create_pages_table.php,31/07/2025,9dc299fe626bfe5a2b83f18c443c7e72,179dbc4151ffe7a1a5bf3a9f6e58de03e5b78141,.php
C:\Users\dinht\Documents\RandomForest\test_file_benign_only\2018_10_17_173740_create_images_table.php,31/07/2025,8b23e7fd2531741adef8cc33bd61b123,553f05cc74cb454194f33fd9270af47499b0fbb6,.php
C:\Users\dinht\Documents\RandomForest\test_file_benign_only\2018_10_17_174202_create_circles_table.php,31/07/2025,ce65094f9afb2590784616e5abdb697f,8c1f520fd6e3dd0f6bb85b6e2de929aaecb84e91,.php
C:\Users\dinht\Documents\RandomForest\test_file_benign_only\2018_10_17_180137_create_helps_table.php,31/07/2025,d237900f045c6bf129cd680d3c63496b,190d51f5946600d83882a6c7445208bc5e9cc204,.php
C:\Users\dinht\Documents\RandomForest\test_file_benign_only\2018_10_17_181242_create_messages_table.php,31/07/2025,42865e4022739051b7ae33e083b1ec04,107ac8fb00aaae2429b58c142c9a97c1ed02c2e1,.php
C:\Users\dinht\Documents\RandomForest\test_file_benign_only\2018_10_18_100140_create_user_models_table.php,31/07/2025,6ab372fec4123cccf903bc25ae28dddc,13e05b212107dcf4c1c2136c6de099bff5cb74fe,.php
C:\Users\dinht\Documents\RandomForest\test_file_benign_only\2018_10_24_112237_create_deductions_table.php,31/07/2025,ca33e9219d43f8634a6e696103f120d2,e97def15bf4500654fecf3b27903ebf835951a4b,.php
C:\Users\dinht\Documents\RandomForest\test_file_benign_only\2018_10_24_125344_create_sms_records_table.php,31/07/2025,931fc6b55053e21627c48a6b97dfc3d9,341514e4607518c0a2ac923041f8e53cee233f2a,.php
C:\Users\dinht\Documents\RandomForest\test_file_benign_only\2018_10_26_204723_create_dictionaries_table.php,31/07/2025,0aa3fe2c9439e3dbdec0cc695d526b99,1a8c0fda9249a0939589136dc873e3241c9bd303,.php
C:\Users\dinht\Documents\RandomForest\test_file_benign_only\2018_10_30_061906_create_table_token_devices.php,31/07/2025,e1d0b48dd0ed1881995bd847433d9a68,b1a7aa2adaba513490b6d1ef9344042396113874,.php
C:\Users\dinht\Documents\RandomForest\test_file_benign_only\2018_10_30_191046_create_departments_table.php,31/07/2025,9f687bfced01c3b57f5d412a1fa2026d,d2805cdaf936d46f470c181cbfaf2c8cfa0c752d,.php
C:\Users\dinht\Documents\RandomForest\test_file_benign_only\2018_11_12_155840_create_system_message_table.php,31/07/2025,237669abe6802dd6398626cf29114b55,c378ba9b14d605e31b75435be242d0e018a754d6,.php
C:\Users\dinht\Documents\RandomForest\test_file_benign_only\2018_11_16_144038_create_failed_jobs_table.php,31/07/2025,3a8bb69c86697b7d57ecd09b505e33f9,9594073194e1f54198de837c6088f0b07671fec5,.php
C:\Users\dinht\Documents\RandomForest\test_file_benign_only\2018_12_25_165126_create_distribute_timing_updates_table.php,31/07/2025,c7f82dacd3f8bfa7317244bc7f60fc9b,374eb09b1f6c18645d38e5f68aa4fbc650174594,.php
C:\Users\dinht\Documents\RandomForest\test_file_benign_only\2019_03_01_101808_create_warns_table.php,31/07/2025,869f63301612dc2fdc03f762325e0c5e,bedee8e0abcd8f983a94bdd3b90326ec67cf0127,.php
C:\Users\dinht\Documents\RandomForest\test_file_benign_only\2019_03_01_135326_create_remind_phones_table.php,31/07/2025,791acb9a13fc9b84fadfb7c85b0ce8b7,d060c5631e7089453ef13bc28357ff8f8407767a,.php
C:\Users\dinht\Documents\RandomForest\test_file_benign_only\2019_03_01_135953_create_labels_table.php,31/07/2025,52d458c19826be710adc64392c04786f,1dcd97b58bcd1a591cb79066ac2748b7195fd265,.php
C:\Users\dinht\Documents\RandomForest\test_file_benign_only\2019_03_05_175236_create_business_cooperations_table.php,31/07/2025,e771bc8dc50e5822815078f64ab08659,59548ad61d456a64717dec4fb2b555aea8b80bb3,.php
C:\Users\dinht\Documents\RandomForest\test_file_benign_only\2019_03_05_175300_create_friendship_cooperations_table.php,31/07/2025,70409e97902f0cd590f7e6229439e290,d338ee5c0822c4cd97288ccf20d853201460f959,.php
C:\Users\dinht\Documents\RandomForest\test_file_benign_only\201_enable_pagetypes.php,31/07/2025,ce36b286b1de9097e6b3e6102e0798a1,c7c2fc54e757d3a978ec619c61023ae7e1e63949,.php
C:\Users\dinht\Documents\RandomForest\test_file_benign_only\20readexcel5.php,31/07/2025,9f6a350dde5f090c3b42fee4b4f4f4f5,79a9149667d2c7dc1a835c1c2ed808dc6682b157,.php
C:\Users\dinht\Documents\RandomForest\test_file_benign_only\210_fix_page_menu_order.php,31/07/2025,b0f1849b614a469987975c982328575b,b0b28a9c635a6ae70825261e837d66f1a8e9612f,.php
C:\Users\dinht\Documents\RandomForest\test_file_benign_only\21pdf.php,31/07/2025,cf3dc5942bfb2ac809a26a6b52696ccf,8d1a01791afd1c42aa776b148e9cabab7a9bcf11,.php
C:\Users\dinht\Documents\RandomForest\test_file_benign_only\22heavilyformatted.php,31/07/2025,afd187abcce1c68a41036e45c75c94f2,6248a654f9f15c2af753b08ab9b47beae604b1bc,.php
C:\Users\dinht\Documents\RandomForest\test_file_benign_only\22heavilyformatted_1.php,31/07/2025,be9729705e04802bd630c8135ee65ef2,ff26fc93d2d98f01d90b9442bad859c126d4d9ef,.php
C:\Users\dinht\Documents\RandomForest\test_file_benign_only\23sharedstyles.php,31/07/2025,edf37f07acb424f949bf5539d2cb8fe0,e4b96e226fc23bf19bc06b9edde360556d8378c8,.php
C:\Users\dinht\Documents\RandomForest\test_file_benign_only\2445cadc03baf6a3126ee1210bf7ce8d5e50ecd6.php,31/07/2025,93f17989a6f6735b4786b055db7283ad,55b14c545cbc62e0e52aa3d847fdfcf7f2c857c7,.php
C:\Users\dinht\Documents\RandomForest\test_file_benign_only\244600883d8fd01c80950011af1fd991d0b26f01.php,31/07/2025,164c233b379331a4db6f54989ac8201d,cfa3ae1fda17b2a705e82a10f4fdca43c409be08,.php
C:\Users\dinht\Documents\RandomForest\test_file_benign_only\24readfilter.php,31/07/2025,27369ce8ae44f57845e1bc8d7b61e4e5,83c75e477bea05f1111590563874d263c4463d69,.php
C:\Users\dinht\Documents\RandomForest\test_file_benign_only\25inmemoryimage.php,31/07/2025,61002410ef601715e9424d8c141cb56e,6d1632d3a9e028445e86a9ddb6c58a7767d39fec,.php
C:\Users\dinht\Documents\RandomForest\test_file_benign_only\2630843db613bd9697c93b9878f21c83ef3f1edc.php,31/07/2025,a283401ac3d9129c3d6a112d1021d418,84f8815af78b0a0fde0f0de64d28004ecdaef5fa,.php
C:\Users\dinht\Documents\RandomForest\test_file_benign_only\26utf8.php,31/07/2025,13956c9478be117e43f88acc6eec5c14,c1e923c71f5d891ac4539f271249198f7d86336b,.php
C:\Users\dinht\Documents\RandomForest\test_file_benign_only\27imagesexcel5.php,31/07/2025,07f45af958e42735ce0f071081e489f1,921b8d3aef332a3dc6301a7205b22ca528812a11,.php
C:\Users\dinht\Documents\RandomForest\test_file_benign_only\28iterator.php,31/07/2025,a9d000d664b02ab27c50dbda36ad5132,0e5ef49fab6d6fd5b21395c1f7181b4b4026b7fd,.php
C:\Users\dinht\Documents\RandomForest\test_file_benign_only\29advancedvaluebinder.php,31/07/2025,f9c2736774ac5f41c52e60c55ea6f049,5a66a123aef6b1d9264e05603273b421c9a7cae1,.php
C:\Users\dinht\Documents\RandomForest\test_file_benign_only\29advancedvaluebinder_1.php,31/07/2025,abc22cdc213c558bbd0cb8040aac6840,ea30a7afd8618a85691f641fb43bef9f90f85a84,.php
C:\Users\dinht\Documents\RandomForest\test_file_benign_only\2c60_2c7f.php,31/07/2025,cc0ca7f9b6aa65bd585dca52acbf9b17,ebfb3c48c4b41dddb6d60b5a6656c32116cc7e4a,.php
C:\Users\dinht\Documents\RandomForest\test_file_benign_only\2d18d01086bb1f81e154d51f15ee5cf743ae6d97.php,31/07/2025,b087fdf98d78ff88b7d93ffb92b38ea0,852435204fd58a99e976ee8dbf343bd2aa691259,.php
C:\Users\dinht\Documents\RandomForest\test_file_benign_only\3.php,31/07/2025,ba7550cb792b22a09a5d76c85d13e41d,d417ee8aebeb352299ee9efc72e4c30c35e70b59,.php
C:\Users\dinht\Documents\RandomForest\test_file_benign_only\304.php,31/07/2025,d33b4634ce4113db49ef9dddedf754ab,a366f7cfc39209c618047fd4ab6cbcbf20227e5b,.php
C:\Users\dinht\Documents\RandomForest\test_file_benign_only\305.php,31/07/2025,58f8f700904bebe62f60a11c2cfbab26,76bd28ad379294214d36bb28403221d2fe144509,.php
C:\Users\dinht\Documents\RandomForest\test_file_benign_only\306.php,31/07/2025,57737a071fa1754e50db6adcc9f25875,8c2703b1b0752680847b0a0924a17ccb9b45fa9d,.php
C:\Users\dinht\Documents\RandomForest\test_file_benign_only\30template.php,31/07/2025,6b228c0799d1cbde201ea6bc99151c80,c0d48692d043dcd1ed9f73fd3dc7a3765286ca22,.php
C:\Users\dinht\Documents\RandomForest\test_file_benign_only\31docproperties_write-xls.php,31/07/2025,1749dae17f30f3d12af01dfb64e8a0dc,2d75064f77d315b4e8d5d5eb0ddc67c9c94dd6ad,.php
C:\Users\dinht\Documents\RandomForest\test_file_benign_only\31docproperties_write.php,31/07/2025,0fbca39510255c5683271bd0f3c0aa3b,8d173976d84012764ac4720e3693418471bb7b86,.php
C:\Users\dinht\Documents\RandomForest\test_file_benign_only\32a27c32d695e242955fa97983b303db282129a0.php,31/07/2025,979c6c2718eda435210ee50c61987a8d,4cfeef3003badaad8ffadae33a26c28e2f5e3291,.php
C:\Users\dinht\Documents\RandomForest\test_file_benign_only\32chartreadwrite.php,31/07/2025,4c6a91d5f7919133b0e1cc749ebb6de8,9fa806690e7a826d327c0625dcbcf5d09f8f2c52,.php
C:\Users\dinht\Documents\RandomForest\test_file_benign_only\33chartcreate-area.php,31/07/2025,cede7e74233ed5d0ced29d4fc2267be4,84fbe6c47c2f8bfe57ce78692caecf57d2f4472c,.php
C:\Users\dinht\Documents\RandomForest\test_file_benign_only\33chartcreate-bar-stacked.php,31/07/2025,1da18f908be0a0df9801ebd42613e51b,b63851db8c7004f21c95fb028774147439c56eaa,.php
C:\Users\dinht\Documents\RandomForest\test_file_benign_only\33chartcreate-bar.php,31/07/2025,e63c98c9c7734ef8b6b17a0593a27bcd,1fde248a3d7c4dc52b51d3f00fcc7b24acb94b57,.php
C:\Users\dinht\Documents\RandomForest\test_file_benign_only\33chartcreate-column-2.php,31/07/2025,1d0f3d4afb33ebcc603eaff69a738e3a,6d25e6bebbb72142a15b5c82390d0366dd53c81c,.php
C:\Users\dinht\Documents\RandomForest\test_file_benign_only\33chartcreate-column.php,31/07/2025,a0f49cf1c658996f906e0bb36f202b5d,277a978c5e053f9d7192bba0f1973a971f414706,.php
C:\Users\dinht\Documents\RandomForest\test_file_benign_only\33chartcreate-composite.php,31/07/2025,c8b368a9f2e4939ac98ae89b03fe4dad,42863365bf80accdd65660076aca6e32ebf976a2,.php
C:\Users\dinht\Documents\RandomForest\test_file_benign_only\33chartcreate-line.php,31/07/2025,fb9da451d39a425bf76c0c1e5e6031a7,00d56edae1c3c2fb0c3c41a540bed4ab70591f22,.php
C:\Users\dinht\Documents\RandomForest\test_file_benign_only\33chartcreate-multiple-charts.php,31/07/2025,92ffddde3dd38838bf3bc802f52c0d26,3455bf730656dfe25e71853f0d5dc59153e48730,.php
C:\Users\dinht\Documents\RandomForest\test_file_benign_only\33chartcreate-multiple-charts_1.php,31/07/2025,1b86d0153443ab02c18bed9086f0dd66,153f3e7bd23e63a3614c7a65b435899d5a2e46c5,.php
C:\Users\dinht\Documents\RandomForest\test_file_benign_only\33chartcreate-pie.php,31/07/2025,0634ab33b94c887db7a3b1ab2e340fea,2c82fcd456624a0ad200b85b811e05031b37b2a8,.php
C:\Users\dinht\Documents\RandomForest\test_file_benign_only\33chartcreate-radar.php,31/07/2025,967300c50bff224a51a077b1367d1d15,ff1cda28a4f5e32ce0a044d9c42c9c27469fed1e,.php
C:\Users\dinht\Documents\RandomForest\test_file_benign_only\33chartcreate-scatter.php,31/07/2025,32cd90b27182b0c1c46a3885e4175780,c57a61f05997b2b0e7fb2cd256f96492038164ae,.php
C:\Users\dinht\Documents\RandomForest\test_file_benign_only\33chartcreate-stock.php,31/07/2025,86d152485f2c2712e511af98dec5aa54,0723623d242e446595e5eddb7398075f3fcdafeb,.php
C:\Users\dinht\Documents\RandomForest\test_file_benign_only\34chartupdate.php,31/07/2025,592816a80eead5cff32e3a4e979f2123,3cfbc8274913ff6a76f9b07bdb2aecdd82dba462,.php
C:\Users\dinht\Documents\RandomForest\test_file_benign_only\35chartrender.php,31/07/2025,1b95a6c7a5c312b18ea94c5e4df3b52b,cecbee7cc62e4a4ab19a375024d2671380d21b23,.php
C:\Users\dinht\Documents\RandomForest\test_file_benign_only\36chartreadwriteHTML.php,31/07/2025,1b3a34953dbe761dc16607996075182f,412bc20196d13286a98904af2c52eafd6497c2b9,.php
C:\Users\dinht\Documents\RandomForest\test_file_benign_only\36chartreadwritePDF.php,31/07/2025,0432d47b4f6d82f01c97075769fac636,35d7d161a602193c0297acf8a3a0a65203836a38,.php
C:\Users\dinht\Documents\RandomForest\test_file_benign_only\37page_layout_view.php,31/07/2025,1706d5f81343c0d0bf1cd0e9051c4922,91b0dbf33dd1af0b0324c18cdca24b9fc9f12543,.php
C:\Users\dinht\Documents\RandomForest\test_file_benign_only\38cloneWorksheet.php,31/07/2025,f9442dae5f5b5da623bd0f2775d03589,65b47dad24591c69ae1f3a49d1dae7777b2d9784,.php
C:\Users\dinht\Documents\RandomForest\test_file_benign_only\39dropdown.php,31/07/2025,eea22586656aa88ed3ee05534c41ffaa,c7aca99db0ef64912c398e6e8a896316f00e0509,.php
C:\Users\dinht\Documents\RandomForest\test_file_benign_only\3ea100e53301bdf3d04cff78e03afa3b60448922.php,31/07/2025,1a166809d9c12048b826a6a17910a366,4250f30e098c82a4e823338dc006b9d0f0fe160c,.php
C:\Users\dinht\Documents\RandomForest\test_file_benign_only\4.php,31/07/2025,56f075abdc62e63cfa734e5150e2093e,18f3fc6f0013a26e3f561f679af5c7b0b0f00acb,.php
C:\Users\dinht\Documents\RandomForest\test_file_benign_only\400.php,31/07/2025,8353e7eef05784b3d5f2ddc159df715a,593738bf025d221f6b1eefa40e77d63b7739e9cd,.php
C:\Users\dinht\Documents\RandomForest\test_file_benign_only\400_1.php,31/07/2025,51e56e878cbb564ab852c978fb35fcd0,a23d89b0f84ef1c4284234d235c2c6a1b9bdbfac,.php
C:\Users\dinht\Documents\RandomForest\test_file_benign_only\401.php,31/07/2025,3b2ab80eb9cbfd87baa23fc1648e9940,56e32d879a59d6db8c6743ba2e9967767004a447,.php
C:\Users\dinht\Documents\RandomForest\test_file_benign_only\402.php,31/07/2025,60f859d55150da0b0a7a959ac9f347d6,016b4a5e235fb60844ae413c7dd7e973c7375350,.php
C:\Users\dinht\Documents\RandomForest\test_file_benign_only\403.php,31/07/2025,2c16c9c40ae1edca9af6cb7330a1e0c7,1b25d66c5b57d12e3f5f367dede699b3928bd1ce,.php
C:\Users\dinht\Documents\RandomForest\test_file_benign_only\403_1.php,31/07/2025,bcd160e8f70dc76ffbbf6b33b7fe31df,990b5679ace2af2e66f13e5fce0d0ef68bb4f154,.php
C:\Users\dinht\Documents\RandomForest\test_file_benign_only\404.php,31/07/2025,29048ead1d9e23b1102113953dcf2b54,e8b872bda079f9d87ebfd8797beda6429ba0c2e0,.php
C:\Users\dinht\Documents\RandomForest\test_file_benign_only\404_2.php,31/07/2025,d435ba8cc687728403a50ef60360fa5e,acab531b98e1a4e19eba009475ab9c32a50f248b,.php
C:\Users\dinht\Documents\RandomForest\test_file_benign_only\404_3.php,31/07/2025,f2d04e1c2b13b7f79ffe3826bf4eed18,f3208203fe56ded585c1f51e497278fc31f42ef6,.php
C:\Users\dinht\Documents\RandomForest\test_file_benign_only\404_4.php,31/07/2025,175e29cbf71e056a92d0021b2655b8b3,eebdfa5de4f5a91cb6f90a0850961b7177e88fc7,.php
C:\Users\dinht\Documents\RandomForest\test_file_benign_only\404_5.php,31/07/2025,e0f2054f7841a98624318b262da97992,b0c4607b4c45cad5e34f767e4b825ed79fcaf91a,.php
C:\Users\dinht\Documents\RandomForest\test_file_benign_only\404_6.php,31/07/2025,38c8974713403d0c1d2f36bc28c90de0,8688e81de744fc75531b438d6dfd305f5085f554,.php
C:\Users\dinht\Documents\RandomForest\test_file_benign_only\404_7.php,31/07/2025,1ed416cc6311835900857973f8923c4d,d6e761bcaa9c0351e32ca770230a0dbb3e554e7d,.php
C:\Users\dinht\Documents\RandomForest\test_file_benign_only\405.php,31/07/2025,dd38d182de6d21b2d2ac18b381adf97f,c17b0b3bf0357ff8eca788dbf1f3fddf8440697d,.php
C:\Users\dinht\Documents\RandomForest\test_file_benign_only\406.php,31/07/2025,4bc8cb6cef688c729edc3990220006ac,11e06fa969ead1a0aaa5c65d486808b588ec6a1e,.php
C:\Users\dinht\Documents\RandomForest\test_file_benign_only\407.php,31/07/2025,c2c817e9f5d8768bbde4d66a26e6c6b5,bfca332997932b13ab77516fd25fc742ad841a86,.php
C:\Users\dinht\Documents\RandomForest\test_file_benign_only\408.php,31/07/2025,403e3164844958c5144f98ecc8b77689,bd2e1c2193127c581c4f02709bd2fd80c6b98bde,.php
C:\Users\dinht\Documents\RandomForest\test_file_benign_only\409.php,31/07/2025,995a1dc469e67e2a3d0b8f9bebfea9b6,7a7258a4152feaa0d78353c74cdfdfc64a98db1b,.php
C:\Users\dinht\Documents\RandomForest\test_file_benign_only\40duplicateStyle.php,31/07/2025,458926d888c1848b8ffb3a7dec827a49,10825aa528f3b345d6378d3ef1b529519d3f829d,.php
C:\Users\dinht\Documents\RandomForest\test_file_benign_only\410.php,31/07/2025,71be4f3437dfbadda52f38582184e19b,ae9bc125f8db55375f21ce4619e1ecf775b025f5,.php
C:\Users\dinht\Documents\RandomForest\test_file_benign_only\411.php,31/07/2025,27a552a1e4160c4df61b2eca5a604796,53d02e58c91340235fe50bfc6d55f3c17c5a0ebf,.php
C:\Users\dinht\Documents\RandomForest\test_file_benign_only\412.php,31/07/2025,25b88449dcb7a1a83dd906378aa556c7,fcadd24243f1c1ea1ead9e899d50e483ca4bcb6a,.php
C:\Users\dinht\Documents\RandomForest\test_file_benign_only\413.php,31/07/2025,e9963cc15dc99059b7d9ff584c17bfd8,363d6d8f0eb888ab293c6279b20ae804b56e81f9,.php
C:\Users\dinht\Documents\RandomForest\test_file_benign_only\414.php,31/07/2025,bca65d55e2409ef6a5291ed8e6a12368,5b2936965d7465025232173618971163921db42b,.php
C:\Users\dinht\Documents\RandomForest\test_file_benign_only\415.php,31/07/2025,0258cc0fb05462ea8f11ccaea34a55c3,127395f789d20b982456f211a179bf017ad2a95b,.php
C:\Users\dinht\Documents\RandomForest\test_file_benign_only\416.php,31/07/2025,f931824e39e39617c9aac661804478f8,e684d8b89d66f55cd254ee0aab0e806f7a5c99ca,.php
C:\Users\dinht\Documents\RandomForest\test_file_benign_only\417.php,31/07/2025,4270026a1b8e684f5ec0635c47201c23,7d91f05435e49d5a6ad26b64006fb76bcc78fc29,.php
C:\Users\dinht\Documents\RandomForest\test_file_benign_only\418.php,31/07/2025,4a21bae298f1c9feda5b0e93fe348af3,799cc2b9540f9336d1e04878755b72baa0861fa5,.php
C:\Users\dinht\Documents\RandomForest\test_file_benign_only\41password.php,31/07/2025,16589250d9a72165bf0fc9993e16d10e,88dee2089575e8108ec1485a600d4aba96230b03,.php
C:\Users\dinht\Documents\RandomForest\test_file_benign_only\428.php,31/07/2025,9a97bb0369f70142e4e57da75eae742a,715c96c533dd4aa14ff7f2441f17b427d85137d2,.php
C:\Users\dinht\Documents\RandomForest\test_file_benign_only\429.php,31/07/2025,53f0dd257c04462ec3a05a6485b38fcc,f2eca4f42b121c693fc6a44b85c65a3539d8b049,.php
C:\Users\dinht\Documents\RandomForest\test_file_benign_only\42richText.php,31/07/2025,a7200c4b4f45b15c580eabafb1b4f2b5,a2a4acccc3b1ae8c353daca2b240f11079bb80a5,.php
C:\Users\dinht\Documents\RandomForest\test_file_benign_only\431.php,31/07/2025,e0e3737c622417ca08d5d1933c1489d9,03bd449755783d9b7ead642928d943c468a6f190,.php
C:\Users\dinht\Documents\RandomForest\test_file_benign_only\43mergeWorkbooks.php,31/07/2025,45fd6cd0441dbdb47c539eea55e7e6f3,675cf00fb99856070d6f1f687a6e86099195c846,.php
C:\Users\dinht\Documents\RandomForest\test_file_benign_only\44dfe2736df24e52d5c64e4a44c03d5dcd3fd7a5.php,31/07/2025,5661af8e5d60d410059853cbed7a41c1,912c1363dc3bfb457a03d6de8f50e48c2fad7508,.php
C:\Users\dinht\Documents\RandomForest\test_file_benign_only\44worksheetInfo.php,31/07/2025,ad25fca5acde52e425b4c06d9811c809,29a93727fd65415180336c44b0542d84c1114aa7,.php
C:\Users\dinht\Documents\RandomForest\test_file_benign_only\4c2e9171a72144e55750a7a163b1f3e33732f8b9.php,31/07/2025,a146c6b94da2e5168f284cd9280ffa36,eb2af04920ef573becc25798ea8a0f397d909554,.php
C:\Users\dinht\Documents\RandomForest\test_file_benign_only\5.php,31/07/2025,d395bb2d2cfb3e9dcd66b2b6f836909f,a55e1062c0f1eb286a3114b3c4d38acfb0790de9,.php
C:\Users\dinht\Documents\RandomForest\test_file_benign_only\500.php,31/07/2025,c0afa9c66b6d830a094815f2124dffda,92df808de8babe4060394ef2f1c7b1fd3b13e0b3,.php
C:\Users\dinht\Documents\RandomForest\test_file_benign_only\501.php,31/07/2025,650cdab83034f22d3fe803f5d791a835,8ca0956ac68cd5c7fbd2bab6dbcb31a7a034ddbf,.php
C:\Users\dinht\Documents\RandomForest\test_file_benign_only\502.php,31/07/2025,7cc83a6c80cf7af9d5217b17fb47ff69,7deae323fb3a6e9ce79d2ef43e1ec2754b1fadee,.php
C:\Users\dinht\Documents\RandomForest\test_file_benign_only\503.php,31/07/2025,3906f7520861c39f43f46000d45554b4,269819a43886af90d0548be43bf30392bd31207e,.php
C:\Users\dinht\Documents\RandomForest\test_file_benign_only\504.php,31/07/2025,02d76d8cccaa446293201112908a2aa5,183df5bf8ad103dad4092b28341ea36ad7f2624b,.php
C:\Users\dinht\Documents\RandomForest\test_file_benign_only\505.php,31/07/2025,8e5d4109053303e65b2f4364c1ac12de,38d7959d0309927a388dde295ff6b16cbaaf1f47,.php
C:\Users\dinht\Documents\RandomForest\test_file_benign_only\511.php,31/07/2025,03756e9a4e3c4b77f8d09bb9918fd140,2def5293bd125a81966bc45fbe64625189e6b1d7,.php
C:\Users\dinht\Documents\RandomForest\test_file_benign_only\525a017c80a87b676513a7c9cff9ff61093118d8.php,31/07/2025,ec7aae74d8b2d6296cb0cbe47896f2fb,e30269360fdf203a65183425e8dec78c7a82688d,.php
C:\Users\dinht\Documents\RandomForest\test_file_benign_only\53c114248d93e5d952ecd3960df9e3826a00b66c.php,31/07/2025,2866a87a3cec2ea6bd349237aef61964,a185fa1ea1bb8c7026db05147717ad8d37245564,.php
C:\Users\dinht\Documents\RandomForest\test_file_benign_only\5600bd9e78e031c55d4ec0ea6fee13e0473985f9.php,31/07/2025,809b32ffa71287ba5cc81265ff2df637,3da105dda6a1080d7363a2c0fbd35801b775bb51,.php
C:\Users\dinht\Documents\RandomForest\test_file_benign_only\5ccaba93998a73eb5cceaa417a62fcd3eeb1c69c.php,31/07/2025,65af175f42bfbfbe733b3649f1412556,ad7391e3497622fd31c41d63352449afa8bb38be,.php
C:\Users\dinht\Documents\RandomForest\test_file_benign_only\6.php,31/07/2025,d57dc58dfebafe499e3089d5860a7c7e,2686c5707e25d014bd30ef4e71e2558244c34e40,.php
C:\Users\dinht\Documents\RandomForest\test_file_benign_only\6175627596aabd71790d3908e5213adba3ade3ae.php,31/07/2025,eba1c976e6ae37cf47b4e7ca245ac54f,5dc72408c1697cdf085836b6c9134e9eeabddcea,.php
C:\Users\dinht\Documents\RandomForest\test_file_benign_only\62ea43788107c1bd39ab000eb13926039dbd4534.php,31/07/2025,10c6f941cc13522210e96cde32b8bf7c,c0fc6f0c2657f1af08d6ed2bc869d9572e287803,.php
C:\Users\dinht\Documents\RandomForest\test_file_benign_only\6356e2be65b022dcf6142ee809ed6f2540d8436b.php,31/07/2025,44eba59ab9cfe21b2aefa2d4d0a9abda,0cd9a1fc43a238ae04ca7681b7f875d199b3be02,.php
C:\Users\dinht\Documents\RandomForest\test_file_benign_only\68e2f8d36f04a16c3c37e9604970b3f1501a7db3.php,31/07/2025,8dad98ee359873b73b0250d710b15b19,cac8c23a879cb03d902b40c06f59ad3b32255577,.php
C:\Users\dinht\Documents\RandomForest\test_file_benign_only\6a93e4b623ed489ffd32ffab3a4de0dfdb7da6bc.php,31/07/2025,e16ca093771ef17512ddc935162156bc,79d38aa102fb72cecf8ba0a40330e6563c72395e,.php
C:\Users\dinht\Documents\RandomForest\test_file_benign_only\728b1abd03339351c689f1aa68a10172daaa4ca5.php,31/07/2025,bdff470cbebedba1cd8a448978a7422d,01f2a4e605d0a7cb7b43354511f8a4fe8ae1058a,.php
C:\Users\dinht\Documents\RandomForest\test_file_benign_only\7514581d9efc0c969c7dd278944140ce1783668b.php,31/07/2025,6364fa3c862390cac90bc9392125683a,c0fee85d68d52fee135ce710cdaf77291bfdddeb,.php
C:\Users\dinht\Documents\RandomForest\test_file_benign_only\75e892f85b63fade0f0d0cc652bf9227903be7ad.php,31/07/2025,d91ec88639450705c18bf2f108c80ef2,510c723f9f050525239bc7d7c0dcfbdd8251d456,.php
C:\Users\dinht\Documents\RandomForest\test_file_benign_only\7e6bcb074257d43c2c6e42b99bc20ad371625e99.php,31/07/2025,edf070641ea243935e45683db68d92e3,4b6f5aa223416628348949cc51df54fb9df8ffb4,.php
C:\Users\dinht\Documents\RandomForest\test_file_benign_only\7fdf00ff9f15dbc0cd336a8a6ee7a7137f63b5d0.php,31/07/2025,54bacbdf31670557400e2a71429fc319,d3674f47bbbff94d8cf19e27907548a114f39a62,.php
C:\Users\dinht\Documents\RandomForest\test_file_benign_only\88defb7b3b139e98359cf318e24bca921a5cd439.php,31/07/2025,ccce8e6d55dd9bc42a2ac4b53930b800,b37f6764cbd7b14d82b308ddd9c303f5c7d41dd9,.php
C:\Users\dinht\Documents\RandomForest\test_file_benign_only\8b41562e47fa69fcf5c6ca28fb0e45d7390957f9.php,31/07/2025,38c828f2480f2851a81443073c005b7e,46c5b17d818913fa391df5ac6d37c4fcaa8f1c13,.php
C:\Users\dinht\Documents\RandomForest\test_file_benign_only\8fb3d6da78e29becc5f5d359e32548344b253005.php,31/07/2025,f3d6af20e5f04eac4d2326522a539e02,7ecedfee815855869170fdd0b6e4787c017502d7,.php
C:\Users\dinht\Documents\RandomForest\test_file_benign_only\911e9c90ca51ef8a75d79339b001f2326c0651d4.php,31/07/2025,f71eeabaa85c3921d30e249629517880,a7f396fa71f45ae000be5f68fbe6ecda5ba61dd1,.php
C:\Users\dinht\Documents\RandomForest\test_file_benign_only\91ce0503cac8b034a28c152e16ab184df0490525.php,31/07/2025,a3b09c16c21fafdf73d24606adac5404,67f8e40fd2f280bf621ed2704ffe3a2f602f0471,.php
C:\Users\dinht\Documents\RandomForest\test_file_benign_only\93f66799be1feef53a4f3f4d9d2bd77110073b76.php,31/07/2025,4c2422191a7d97e9bfcaaf7766c786a5,32e2eeec023ae0033aa0a73d0afda303606057d3,.php
C:\Users\dinht\Documents\RandomForest\test_file_benign_only\961fa8d358536f186bfe9ca7f88f1e64d6a147f2.php,31/07/2025,09c97957cd1ae8502dc990fbbd222ef3,53168700579a33c1688da8ab85bb6c3ce14447a4,.php
C:\Users\dinht\Documents\RandomForest\test_file_benign_only\A.php,31/07/2025,7698d17b216ffbd15adbc8512e75ea17,d98373124b04bb405a899949782a8eb53402a9a9,.php
C:\Users\dinht\Documents\RandomForest\test_file_benign_only\A128GCMKW.php,31/07/2025,7fd0c2347d34ca1e9d081963dd71e4da,a5db46a22a4ccf1295d469339188779b7ea05921,.php
C:\Users\dinht\Documents\RandomForest\test_file_benign_only\a7573b2f9009f76f2a00fa25b0786870bc1e890c.php,31/07/2025,67ec95ed92994aa7c68dd1fd21722562,23a161a9489bdbf1556d5ae4ae503db09a01b213,.php
C:\Users\dinht\Documents\RandomForest\test_file_benign_only\a799f5f992b84cecbd1643429438687555015ba6.php,31/07/2025,2e4a9b0d34a339656a6f1de9c923ad2a,dfbdf849243ab016c3223ea2b94e20b4fa4305f5,.php
C:\Users\dinht\Documents\RandomForest\test_file_benign_only\aa.php,31/07/2025,deea5f906da40464e9f3c92aab8dcf6b,47098b3c7b003db23dc2788406010f71a5a16359,.php
C:\Users\dinht\Documents\RandomForest\test_file_benign_only\aa_dj.php,31/07/2025,5d32a42f848f65026b95fa12a1e1301e,fd7fbd718e02daecc3dcab27b69e541afffc27b0,.php
C:\Users\dinht\Documents\RandomForest\test_file_benign_only\aa_er.php,31/07/2025,a8f040d341dd9073dfb52a306344eda2,61b8f3866e45d0f169ad8ef5e6fcc0cce81f622d,.php
C:\Users\dinht\Documents\RandomForest\test_file_benign_only\aa_et.php,31/07/2025,dc79a23ce2347001a72e6173d4e88665,c2b9088e5d8aa02beb1c96d59e69556ff1a6fc00,.php
C:\Users\dinht\Documents\RandomForest\test_file_benign_only\ABAP.php,31/07/2025,00d14386bc73e40c36c18af99e618ec7,d25cf5734cb5a846066e5c54138e57e51f513ee6,.php
C:\Users\dinht\Documents\RandomForest\test_file_benign_only\Abnormal.php,31/07/2025,f7c114c06cca4961607e2e34e9681b5e,cf4c291ea367dc9da38e75ba5e7a4ff1843c784b,.php
C:\Users\dinht\Documents\RandomForest\test_file_benign_only\AbortedMultiExecException.php,31/07/2025,73d03109d5fb8b28c409c945cb52d014,933c28214bdd530a168e813b920418690877e970,.php
C:\Users\dinht\Documents\RandomForest\test_file_benign_only\about.html.php,31/07/2025,6ebd677cc43e41aaf56712d5e009266f,3663be7a6a835162b0dc74ef6a76c38ba46e1ebf,.php
C:\Users\dinht\Documents\RandomForest\test_file_benign_only\About.php,31/07/2025,e61004382de7a9548102911668ad7a3b,c9b306b9cbb39b0ae2ac33e703b50ea527288ebd,.php
C:\Users\dinht\Documents\RandomForest\test_file_benign_only\AboutStorageQuota.php,31/07/2025,b8fe6828d0a90a4d405f0a447277feb9,ef2ffc8f831c3a8391ad3d25332f87556753b0c6,.php
C:\Users\dinht\Documents\RandomForest\test_file_benign_only\AboutTeamDriveThemes.php,31/07/2025,5c604f53c602e2b377746b0fb451e5e0,384c435b1e810332b364cc7fca34230b6c65b79a,.php
C:\Users\dinht\Documents\RandomForest\test_file_benign_only\About_1.php,31/07/2025,4509e329a53a877b014ef6ff06d5628b,f726f38ceaaa6b3981880517cdc35c7e2db895f7,.php
C:\Users\dinht\Documents\RandomForest\test_file_benign_only\about_2.php,31/07/2025,c2e8f641f0deab352757617b9512f020,f14e2a9731260590f37fceec7fe3bea83869954c,.php
C:\Users\dinht\Documents\RandomForest\test_file_benign_only\about_3.php,31/07/2025,c679561e731553bdf50836ca236768cf,797f75063ce0781917892260ec3d688c55dbc936,.php
C:\Users\dinht\Documents\RandomForest\test_file_benign_only\about_4.php,31/07/2025,36fd6671a5493cc8c5405621d96dea7c,13734aa0c658daef8617068caf6c13af5b3645ff,.php
C:\Users\dinht\Documents\RandomForest\test_file_benign_only\about_5.php,31/07/2025,99ec00da8d914b4efd2098a3e44ebe2d,bab5684e1557c8119d37d088893e0433e71169af,.php
C:\Users\dinht\Documents\RandomForest\test_file_benign_only\AbsoluteDateRange.php,31/07/2025,abd098b074f3fea719a5ec2e9aaa75e4,d54b28829d71cf621a3b32c5d95bd32e9aa7ba4d,.php
C:\Users\dinht\Documents\RandomForest\test_file_benign_only\Abstract.php,31/07/2025,90982c14e180fb1d9d48ffa08bc7cea3,6957de53a1363a024fa03d3b0698dcb68ad7853a,.php
C:\Users\dinht\Documents\RandomForest\test_file_benign_only\AbstractAccessRegistry.php,31/07/2025,9c6a618b9a5f24f7c7680015d8644611,9e9de7e3be23c1dea9347c1ff48624e0cbdb164f,.php
C:\Users\dinht\Documents\RandomForest\test_file_benign_only\AbstractAdapter.php,31/07/2025,3046bd347a420396f46627362e74e5e5,b2adbf39eb06e733e3d90a737b1d3942f25db2e1,.php
C:\Users\dinht\Documents\RandomForest\test_file_benign_only\AbstractAdapter_1.php,31/07/2025,18a4fac048cd9f74ceb5912086bb3b05,030d929ee18850f4400bb98464a25fdc8c577f7c,.php
C:\Users\dinht\Documents\RandomForest\test_file_benign_only\AbstractAddressList.php,31/07/2025,3b6eec88912d38fe9c705ee854cd2535,249121cc053a7965febfd10f4289389323e24250,.php
C:\Users\dinht\Documents\RandomForest\test_file_benign_only\AbstractAdminSidebar.php,31/07/2025,8491c4eed88aa0032bc8e80adb06ec8f,e048768c0915d062c39056828fb8d8787d4c4783,.php
C:\Users\dinht\Documents\RandomForest\test_file_benign_only\AbstractAnemicTestCase.php,31/07/2025,50d6e7d9c3ed9ed211318a9b1321ef3d,b734ce53c39369f7483ef0fa2bbfa0461a202dcf,.php
C:\Users\dinht\Documents\RandomForest\test_file_benign_only\AbstractAnnotationLoaderTest.php,31/07/2025,a72467ca3933ad290c50dfb09626583e,ab7b4dcb9280d02a52537d8ce167e3100900d1df,.php
C:\Users\dinht\Documents\RandomForest\test_file_benign_only\AbstractAnnotationLoaderTest_1.php,31/07/2025,f0dd71cc4f8e21f4f2864637429f2078,4bd4b7981493576ea75d0f2367a1dad05977c79f,.php
C:\Users\dinht\Documents\RandomForest\test_file_benign_only\AbstractApiTestCase.php,31/07/2025,d109e791854d60c9ef7f7ea9f8bdca55,275ff2d64b151d95a2603dc7310249cb249723f2,.php
C:\Users\dinht\Documents\RandomForest\test_file_benign_only\AbstractAsset.php,31/07/2025,d0c96c485608e7fed5b20b20fd9b442a,0a759d46a108e9e563e9635d4a6a2424f35794e2,.php
C:\Users\dinht\Documents\RandomForest\test_file_benign_only\AbstractBearerTest.php,31/07/2025,d0c0fad941efe5bb44bf4daed0b4f1f9,4ec02505212e8420871fc0df6019467a9ce2bca9,.php
C:\Users\dinht\Documents\RandomForest\test_file_benign_only\AbstractBootstrap3HorizontalLayoutTest.php,31/07/2025,c916432011f4aaa0a6205d16d8a3eabc,616fad0d25281055ca726c42514cf8c8b9f7657f,.php
C:\Users\dinht\Documents\RandomForest\test_file_benign_only\AbstractChunkOutputBuilder.php,31/07/2025,b3c007214a88d07f8e1645760f33eea0,64a41da095d937636d96edd48353e29fe8c1f0cc,.php
C:\Users\dinht\Documents\RandomForest\test_file_benign_only\AbstractChunkOutputBuilderTest.php,31/07/2025,5faea719399d4151d658f28b1d375e46,17c8d9fe2bb1a4b40343a2335335b51cd35ca2f9,.php
C:\Users\dinht\Documents\RandomForest\test_file_benign_only\AbstractClass.php,31/07/2025,8faac9caece520eabbf87e072d996583,aea1539591a69dca7f1aceff5134beaa10ec5f5c,.php
C:\Users\dinht\Documents\RandomForest\test_file_benign_only\AbstractClassController.php,31/07/2025,6c4d1e570786c29504ea3c4b50096bdf,dfc387b72858fe16c5067780d7beb0d7a6ea912f,.php
C:\Users\dinht\Documents\RandomForest\test_file_benign_only\AbstractClassMetadataFactory.php,31/07/2025,f14f4b3e93cc96233f039e100ebffd41,cbcec15a0d28e2e52f0457a4bf1041b3507ac6d7,.php
C:\Users\dinht\Documents\RandomForest\test_file_benign_only\AbstractClassPass.php,31/07/2025,a3c37fb84c130a37bc0a3edd4ad49b4d,6f3780637d5e3843b379fac269496b3c0ea69181,.php
C:\Users\dinht\Documents\RandomForest\test_file_benign_only\AbstractClassPassTest.php,31/07/2025,34ea7004f0949c9d1ee7f17d9f7ca165,ee9557c9ebb4b3e50b52c386c49268464231c6da,.php
C:\Users\dinht\Documents\RandomForest\test_file_benign_only\AbstractCloner.php,31/07/2025,22995f21274ff8b40bf86218ec21f255,708c2339f0c504496eb3c6120688d6d602493ec2,.php
C:\Users\dinht\Documents\RandomForest\test_file_benign_only\AbstractCollatorTest.php,31/07/2025,7da750074b7f1902e0d0e6579346b51b,b440b4106ac2d2cbccf56d8465c455d67280b3d2,.php
C:\Users\dinht\Documents\RandomForest\test_file_benign_only\AbstractColor.php,31/07/2025,9a1e3b4ab895e7ce0c767c10e3c38c2d,d523b448284c8b6b89f3e938a7c0e733e7c37195,.php
C:\Users\dinht\Documents\RandomForest\test_file_benign_only\AbstractCommand.php,31/07/2025,9007abfb5517a6b12da25dd817a88da0,d19174d8474bfb971216e5f2991577a6ad8fd6a0,.php
C:\Users\dinht\Documents\RandomForest\test_file_benign_only\AbstractComparisonValidator.php,31/07/2025,057605e2d3c2d4530ac1888862818c99,e071c8cec21d7272552a93cf2e0c8bbf1b216227,.php
C:\Users\dinht\Documents\RandomForest\test_file_benign_only\AbstractConfigElement.php,31/07/2025,51ae76b95d34c1b6fc31c0187f93f528,2e9920be1b6723eb216abcb1097a9526a7bcf367,.php
C:\Users\dinht\Documents\RandomForest\test_file_benign_only\AbstractConfigurator.php,31/07/2025,8aa9d31ac890d83a91ef90e4dfacc025,8035644f6b97c7dca1d70e09f491cdf1451e0d4a,.php
C:\Users\dinht\Documents\RandomForest\test_file_benign_only\AbstractConnection.php,31/07/2025,1e675e40324b9a1305d5cac1c0ceed92,1b87d1b22198c08771c163533c4f93170b2a4194,.php
C:\Users\dinht\Documents\RandomForest\test_file_benign_only\AbstractConsumer.php,31/07/2025,bcddb230bc032094f5130fde899793f4,7881ce12ef1c9535a54ae164956a092e20768916,.php
C:\Users\dinht\Documents\RandomForest\test_file_benign_only\AbstractContextAwareMatcher.php,31/07/2025,a341677079e66bdbabb4dd8986562169,c5a6c35659de478363b386d992ecffbb23303edd,.php
C:\Users\dinht\Documents\RandomForest\test_file_benign_only\AbstractController.php,31/07/2025,e0984965d5b46f52c0279b769b09dbd3,daf9bc0f894a5f73956b71fd2f5f17e66fe607de,.php
C:\Users\dinht\Documents\RandomForest\test_file_benign_only\AbstractControllerTest.php,31/07/2025,9bcc904252cac875a854e0293d7c13fd,11a7d645096105b51da0635dc4eb52d12d051208,.php
C:\Users\dinht\Documents\RandomForest\test_file_benign_only\AbstractCurrencyDataProviderTest.php,31/07/2025,b392e511ec683b836e3ed7ee4f08ef7a,806b81f784112db76c3f2e745e6e683b19c5cfc7,.php
C:\Users\dinht\Documents\RandomForest\test_file_benign_only\AbstractCurrencyDataProviderTest_2.php,31/07/2025,0a063090fd9e22eae6fc4d6308dccdbb,d315b97e0a49b59f1f9d0b437bb8aef23fcc4af5,.php
C:\Users\dinht\Documents\RandomForest\test_file_benign_only\AbstractDataGenerator.php,31/07/2025,358a2e273f88b7d9663be3ac224ec834,c37991f8eef2b5c7179bf6d691e57b60772e5ec8,.php
C:\Users\dinht\Documents\RandomForest\test_file_benign_only\AbstractDataProviderTest.php,31/07/2025,68b02dbf3aa2aef5cf8aaa8633dfcc01,0344a76916113db0ea85ebc6215049ee3bb4e681,.php
C:\Users\dinht\Documents\RandomForest\test_file_benign_only\AbstractDb.php,31/07/2025,0ec5a5e2da031cacaae6d7812b7f7ba8,3b5308c2e324b573725a09f8dd517f4af5515d70,.php
C:\Users\dinht\Documents\RandomForest\test_file_benign_only\AbstractDB2Driver.php,31/07/2025,482bd6d1316b9d4acbc08c694c65ae2f,534c236eb02556b0a61a8e060fd232a763ea6730,.php
C:\Users\dinht\Documents\RandomForest\test_file_benign_only\AbstractDecoder.php,31/07/2025,f39d2f801f7210c574c51d0381afc7bd,68adcc5266a42ce02adceea9c37db8d34c5994e3,.php
C:\Users\dinht\Documents\RandomForest\test_file_benign_only\AbstractDecorator.php,31/07/2025,28a196148dff2273a4d1592863782a07,029825976e288e736e160466f05f998586cc450f,.php
C:\Users\dinht\Documents\RandomForest\test_file_benign_only\AbstractDefaultParametersMatcher.php,31/07/2025,72ac8d9d4b97213477180f0a41f00652,676c0cc774369548d32a0179c81853e1e82c1b8e,.php
C:\Users\dinht\Documents\RandomForest\test_file_benign_only\AbstractDescriptorTest.php,31/07/2025,496174ae1566877e762c360b85e670f9,a6beecfdc250a9ac8702b392e27ac0a5d2d2894e,.php
C:\Users\dinht\Documents\RandomForest\test_file_benign_only\AbstractDigestTest.php,31/07/2025,67177d7906a09cb394eec0c6a06c9d2f,1786ccdfbd4e8023fc20cdb6c207154cdb3bd07e,.php
C:\Users\dinht\Documents\RandomForest\test_file_benign_only\AbstractDoctrineExtension.php,31/07/2025,6c0869bb30838553588c3e0a7bc59b69,76a7685de97ad1d8d1eac008a2d833c471d028fa,.php
C:\Users\dinht\Documents\RandomForest\test_file_benign_only\AbstractDriver.php,31/07/2025,c7757315ef50de905c5431b94df5eabc,29ca1abcca6cd6537581bf4b9adaa87b6b8411c2,.php
C:\Users\dinht\Documents\RandomForest\test_file_benign_only\AbstractDriverException.php,31/07/2025,3176580ceb8af9824e30ffa003a8703a,b548a0ea73742c124d476fe29d5d6a151f6a8fbd,.php
C:\Users\dinht\Documents\RandomForest\test_file_benign_only\AbstractDriver_1.php,31/07/2025,33f3925296f11a58313777a7aaa609d3,1a462764672ebdc3bad563f1d46690fa7a2905d9,.php
C:\Users\dinht\Documents\RandomForest\test_file_benign_only\AbstractDumper.php,31/07/2025,51c2d8219698f09698db48bb31c1872b,67c170a83c9ada5b6184c1a121eb84ae4810f1d9,.php
C:\Users\dinht\Documents\RandomForest\test_file_benign_only\AbstractElementGenerator.php,31/07/2025,1d04623764a017e5aaa9b410f5ce3d61,3fd938218d270b39290559eb2fe1d6c235656cc8,.php
C:\Users\dinht\Documents\RandomForest\test_file_benign_only\AbstractEncoder.php,31/07/2025,8950da790c4a92616cc485d286c62a59,81682ebaf6e34ba1639fc2e84d2bda3f473d0010,.php
C:\Users\dinht\Documents\RandomForest\test_file_benign_only\AbstractEnum.php,31/07/2025,4df508704e6c65592b516b5f48f5c011,cdd4545b2c4fb749f54971fc0705918bb40664b6,.php
C:\Users\dinht\Documents\RandomForest\test_file_benign_only\AbstractError.php,31/07/2025,dbefbaa3ab72e10f8e9bf2801a5fa745,7a4284e09fb8378e3c07132a1b59e0d18949bb47,.php
C:\Users\dinht\Documents\RandomForest\test_file_benign_only\AbstractEventDispatcherTest.php,31/07/2025,4d2e203540f0682a8bfdd98dc129a5c1,9be2e67a379e62b935cb50ace0e9b865fd8abc6e,.php
C:\Users\dinht\Documents\RandomForest\test_file_benign_only\AbstractExampleFactory.php,31/07/2025,08e876d4eee24e9431e167f1e8d4939c,f2e2fb0a46bcf9db311044d7de222804fe11e44b,.php
C:\Users\dinht\Documents\RandomForest\test_file_benign_only\AbstractExtension.php,31/07/2025,22f6dfbc7b5d243ebc452f9ddc68ba93,2d926a28bd13985dfbad8572aa070926e4b127ee,.php
C:\Users\dinht\Documents\RandomForest\test_file_benign_only\AbstractField.php,31/07/2025,a1ee6a78a7c5cdfcde66b29b81d521d8,6f05d1b98355cdbf097ad0c23d512d3669cac111,.php
C:\Users\dinht\Documents\RandomForest\test_file_benign_only\AbstractFieldTest.php,31/07/2025,3b3a96e1bdb9078d9bccb3140975b4dd,7ee6a60edeb45e0604335e51cd04f4f1754f1714,.php
C:\Users\dinht\Documents\RandomForest\test_file_benign_only\AbstractFileExtractor.php,31/07/2025,084cc4cdb2d17612ab3af88d1518a7e5,4e1c0afbb2783ff646cf395982fdec245ae40580,.php
C:\Users\dinht\Documents\RandomForest\test_file_benign_only\AbstractFilterableInputStream.php,31/07/2025,028e0604d2845019948124c2075cc235,cc32fa69c232eb5d4723b1b25378ee9c4b4a2024,.php
C:\Users\dinht\Documents\RandomForest\test_file_benign_only\AbstractFont.php,31/07/2025,0a9557a006c0d350fa92170672b71d6d,963fa16aa4039ec69d06ced6e5a0c6047bb94d8a,.php
C:\Users\dinht\Documents\RandomForest\test_file_benign_only\AbstractFont_1.php,31/07/2025,9ef1958a2e3e5778c9afc0e4747a0a9f,d58e6f6105522c52bf89f31b5e99e475ba0b31cf,.php
C:\Users\dinht\Documents\RandomForest\test_file_benign_only\AbstractFtpAdapter.php,31/07/2025,82309f6beaf0ceb01b8d6c62d86e6ed0,60e0c625797e48e1d259ca87806559e7bf886361,.php
C:\Users\dinht\Documents\RandomForest\test_file_benign_only\AbstractFtpAdapter_1.php,31/07/2025,a6c05c3bebd5d24217da1b51c0f97a41,dec51bfce73e4bad360e4c409bf0d4bec5e55191,.php
C:\Users\dinht\Documents\RandomForest\test_file_benign_only\AbstractGrid.php,31/07/2025,cf574593314aca89ce82e622b1fc81bc,56a81cb97887d2fa9164ae7b45389e2ae52fd41e,.php
C:\Users\dinht\Documents\RandomForest\test_file_benign_only\AbstractHandler.php,31/07/2025,192d0bc5c21357baa70679e33c60b367,7052f81811f26051e184c65bc7ce9fb186c51699,.php
C:\Users\dinht\Documents\RandomForest\test_file_benign_only\AbstractHandlerTest.php,31/07/2025,380ed93c59afb9e9af068478fc8ab13f,84bd51ff88f911055896a830322e190cb52e1782,.php
C:\Users\dinht\Documents\RandomForest\test_file_benign_only\AbstractHandlerTest_2.php,31/07/2025,eafe3597b3a27131e496e4043c75e89c,2fbef568cb1b8510ac8ac7fe25f86fa357687d4c,.php
C:\Users\dinht\Documents\RandomForest\test_file_benign_only\AbstractHandler_1.php,31/07/2025,63f1d9ccfadec8e2f6ebd22ff041bd69,be957012d30dbaefc0df74e91bed79ced83bec98,.php
C:\Users\dinht\Documents\RandomForest\test_file_benign_only\AbstractHasher.php,31/07/2025,fd7757c0d065fc29672e3bcf2c3ca5ce,25f16585602268bac2311ed9712d8c56ff0db5b3,.php
C:\Users\dinht\Documents\RandomForest\test_file_benign_only\AbstractHeader.php,31/07/2025,082f47c8fba6fe20cdd07a49fd2aa42d,2f588e9b5b453e33ea864cc53801985196ba804b,.php
C:\Users\dinht\Documents\RandomForest\test_file_benign_only\AbstractHelper.php,31/07/2025,1ca6663b4354c01b8a57b4a5850702c5,dd1b2ec33c07ca2f3524d208e98978d9fbd0796c,.php
C:\Users\dinht\Documents\RandomForest\test_file_benign_only\AbstractImage.php,31/07/2025,554464d0b416d0057310c64a46a8a5f2,783693b61d4278c22f79826699f43db58bdde606,.php
C:\Users\dinht\Documents\RandomForest\test_file_benign_only\AbstractImagine.php,31/07/2025,b716b54ae9e3e757d7fb37d490ad21f9,2278e605904a35013e2718154cd2c777b0360e29,.php
C:\Users\dinht\Documents\RandomForest\test_file_benign_only\AbstractImporter.php,31/07/2025,f1cf5ab014c1e3c8a31e4c781cb735fe,34f8c400979a629f97add8c52899f20820439deb,.php
C:\Users\dinht\Documents\RandomForest\test_file_benign_only\AbstractIntlDateFormatterTest.php,31/07/2025,c9368b71005bae8847055a993411f77b,4340db1fa7beda269ace6ce7dad9cc2f6b0fddaf,.php
C:\Users\dinht\Documents\RandomForest\test_file_benign_only\AbstractIntlGlobalsTest.php,31/07/2025,58cb95e76a427a1435206e9b4401eee3,87b7bbd9064c82a375c874ae950c31c8f7b46b0f,.php
C:\Users\dinht\Documents\RandomForest\test_file_benign_only\AbstractLanguageDataProviderTest.php,31/07/2025,8ebe9d0b013c3631b8fae10f3dac0da0,211a7706c8693cf90a8b5bb5fdf74b7189f46ad0,.php
C:\Users\dinht\Documents\RandomForest\test_file_benign_only\AbstractLayers.php,31/07/2025,6b7140d9fb10437eecaa1cfad84558ea,b61893bb8518d7bb2c39bf0dcb5f345ff8b53390,.php
C:\Users\dinht\Documents\RandomForest\test_file_benign_only\AbstractLazyCollection.php,31/07/2025,0cdd57b872a93b2628928faed9613852,d0158595f4b250ff4c8a12516ad20fe66983dcab,.php
C:\Users\dinht\Documents\RandomForest\test_file_benign_only\AbstractLexer.php,31/07/2025,411100e0261c6a0de208a365fa1ede43,53b709a06e09db3dbeb4250f6c4fec7073637525,.php
C:\Users\dinht\Documents\RandomForest\test_file_benign_only\AbstractListener.php,31/07/2025,4d95ed8dd0e4878025c12bf34fbe508e,d1cb82b042fabe798439c7ae6fb846771aa80f64,.php
C:\Users\dinht\Documents\RandomForest\test_file_benign_only\AbstractLoader.php,31/07/2025,195816ddf643506f52afe52e9bd8d1a2,8428ed443c02607f92ac567ba5b1fef5292aa7eb,.php
C:\Users\dinht\Documents\RandomForest\test_file_benign_only\AbstractLocaleDataProviderTest.php,31/07/2025,faeb255233f47cb254c33e280f57cf0e,2c48ec07d34fe9b64c8201d6809d7ff76dc4ee1a,.php
C:\Users\dinht\Documents\RandomForest\test_file_benign_only\AbstractLocaleTest.php,31/07/2025,506b78e1dedb496d88d56da7b0497355,6f830d16d5cf5ca123b628d28e9a9a487b7cf1a4,.php
C:\Users\dinht\Documents\RandomForest\test_file_benign_only\AbstractLogger.php,31/07/2025,26eb607e5318188016615326bd89a9be,17eeb8829f2bd1cca908c29df8c61c8d52461b43,.php
C:\Users\dinht\Documents\RandomForest\test_file_benign_only\AbstractLogger_2.php,31/07/2025,7b661b0878b28f3063ec6ffa6e5ec98f,dc686fea1fc1a71eb9d63890491161610982a226,.php
C:\Users\dinht\Documents\RandomForest\test_file_benign_only\AbstractManager.php,31/07/2025,c575b46f658d70300d67fa273eed3578,3dd0ed21b6619303ef059a6ce427de075a8068d0,.php
C:\Users\dinht\Documents\RandomForest\test_file_benign_only\AbstractManagerRegistry.php,31/07/2025,266a3b4850136ab5007077c5cee6595b,7bba0ab1b2db80acece806acdb2ec07218d36d4f,.php
C:\Users\dinht\Documents\RandomForest\test_file_benign_only\AbstractMatcher.php,31/07/2025,c7fe845fa65676c80e36cb5ed2f54af9,50f528d37c5f9fbf58391888942639581731ca72,.php
C:\Users\dinht\Documents\RandomForest\test_file_benign_only\AbstractMatcherTest.php,31/07/2025,516bdf5d779f7ef19d7efc6caec45f50,885a3ef5b5e89ee30c9211c62069efcc9be355aa,.php
C:\Users\dinht\Documents\RandomForest\test_file_benign_only\AbstractMetadataReader.php,31/07/2025,fecaea85b1be054218943c1aed074535,723683c694bcf304f86a25ce0bdc3335907af8d8,.php
C:\Users\dinht\Documents\RandomForest\test_file_benign_only\AbstractMimeEntityTest.php,31/07/2025,e5ec71c141553b9da21cb21ca66182e9,83154a9968187d3d55843da6822e3d52a396d94d,.php
C:\Users\dinht\Documents\RandomForest\test_file_benign_only\AbstractMysql.php,31/07/2025,e16d2a9573b1634d1fbe73d8afd80880,4a0e0aba55daee12876785bff33a3b4ad3581c90,.php
C:\Users\dinht\Documents\RandomForest\test_file_benign_only\AbstractMySQLDriver.php,31/07/2025,2d8e28580b174f1a198d8f97fd3c596e,9978b2aa2c41e3d05f9704d7243c50566e53aaec,.php
C:\Users\dinht\Documents\RandomForest\test_file_benign_only\AbstractNode.php,31/07/2025,a4c95275da17af15b91de5b0df1c7865,e303c68db65078c7675daddceb8021fad4938db2,.php
C:\Users\dinht\Documents\RandomForest\test_file_benign_only\AbstractNodeItem.php,31/07/2025,be8c5a0872b3837b1e86dcb5478881d0,bcdade777bcdb18f07c994ce8c97023d44774edc,.php
C:\Users\dinht\Documents\RandomForest\test_file_benign_only\AbstractNodeTest.php,31/07/2025,c9caa7ea4adc651ea3f8fe1e2147643e,0529cb64cd1820df7342739208ea809a59aeea12,.php
C:\Users\dinht\Documents\RandomForest\test_file_benign_only\AbstractNumberFormatterTest.php,31/07/2025,84f1e652fa243e91ade598f1109f3fdd,bc19c0daefac603571916b24c5d85043a16c1345,.php
C:\Users\dinht\Documents\RandomForest\test_file_benign_only\AbstractOfferItem.php,31/07/2025,cdf067e442c8ebd03f4a25f19e74c447,a692fc188055922aab06f8f6f34563ce99c7584c,.php
C:\Users\dinht\Documents\RandomForest\test_file_benign_only\AbstractOperation.php,31/07/2025,5982ae638e9254e8e0ae362503c9adc5,463fc66d75c89f26f5d912f76183acbfe0cd0a96,.php
C:\Users\dinht\Documents\RandomForest\test_file_benign_only\AbstractOperationTest.php,31/07/2025,5367691b34b0bee53377dcddf0ea2128,bc5aece0c124cbe4037a491de723f2b87c9010d5,.php
C:\Users\dinht\Documents\RandomForest\test_file_benign_only\AbstractOperator.php,31/07/2025,c2a270cd92714313cda1bd063ee2e796,3ca41dbfbc07f62a5d8e19c7ad92025aada8f3ba,.php
C:\Users\dinht\Documents\RandomForest\test_file_benign_only\AbstractOptions.php,31/07/2025,906fa68235c79dbb354a265696e42eb3,9cc996e6f0e690706bc98bff8c07226221bb5a8b,.php
C:\Users\dinht\Documents\RandomForest\test_file_benign_only\AbstractOracleDriver.php,31/07/2025,3bc9c8c591253e64b3cd48d8c89aec20,1ce735110b10d1101fa8305862750e51fc57a2c3,.php
C:\Users\dinht\Documents\RandomForest\test_file_benign_only\AbstractPaginator.php,31/07/2025,0b4bee90f8af3e5fffaf5c2187e470e3,69cb088cb359f43f18719241b6b90b89447713d0,.php
C:\Users\dinht\Documents\RandomForest\test_file_benign_only\AbstractPhpFileCacheWarmer.php,31/07/2025,20a158ca078778d9bd93ba577c24323e,62d51dca4f8139ff3061b336c6e1a59cc2a8b4d9,.php
C:\Users\dinht\Documents\RandomForest\test_file_benign_only\AbstractPimcoreBundle.php,31/07/2025,3eb62af55538d96fa61e10b11b03dc81,0d578de86e7784afef0d4f607f9f4572f7d1498f,.php
C:\Users\dinht\Documents\RandomForest\test_file_benign_only\AbstractPipes.php,31/07/2025,955fe0e12dc2ee1e63cbca26dd165082,ef0a21183d32ceb5a9277d28c659d0afe3d8a732,.php
C:\Users\dinht\Documents\RandomForest\test_file_benign_only\AbstractPlugin.php,31/07/2025,a94dc99a8ef2846efb457c268e9f8f57,f8657f9e45831a5ef3b4dcbef2f2de50c4ff0891,.php
C:\Users\dinht\Documents\RandomForest\test_file_benign_only\AbstractPositioner.php,31/07/2025,a82fc82564fac85fd8459ac2c9c9752f,7c577bcddd27308a984dd29df83215157cd834e5,.php
C:\Users\dinht\Documents\RandomForest\test_file_benign_only\AbstractPostgreSQLDriver.php,31/07/2025,9a8a2907be9f19a4a6df5d4c80518bd2,3412c756ffa693b3ee1adc5e7ef94bc37f84242b,.php
C:\Users\dinht\Documents\RandomForest\test_file_benign_only\AbstractProcess.php,31/07/2025,5ca4a8d14a2e41519babf6a9d1dfb254,ba66d20676316642e5cd546d0e9b905faa0cae42,.php
C:\Users\dinht\Documents\RandomForest\test_file_benign_only\AbstractProcessingHandler.php,31/07/2025,cfdd846fac8ce3cb15afe9188575ed37,049cd5fa7d14655463e143c5aedecc8eb60b81a8,.php
C:\Users\dinht\Documents\RandomForest\test_file_benign_only\AbstractProcessingHandlerTest.php,31/07/2025,f5fd5c16b62903a5af5a9d2a248d8c2b,aaf5b4ff1844f4edc1555d89ddec4e257a3922a7,.php
C:\Users\dinht\Documents\RandomForest\test_file_benign_only\AbstractProcessingHandler_1.php,31/07/2025,837be8c4a76bc37c36ef1f37d83de8b8,f617f67af4ad34d75df0ed029e3274f7aaba6df0,.php
C:\Users\dinht\Documents\RandomForest\test_file_benign_only\AbstractProtocol.php,31/07/2025,b3856af7f5df23ebfc95f91dc59d7083,e3c0f56110343b972fd01300b002a62318074aac,.php
C:\Users\dinht\Documents\RandomForest\test_file_benign_only\AbstractProxy.php,31/07/2025,e2f72cb9ec082411bd64d8a18c0edfd8,af2a6eec8ee8d6b2d2f740f4359c9d834e040299,.php
C:\Users\dinht\Documents\RandomForest\test_file_benign_only\AbstractProxyFactory.php,31/07/2025,3c7af7dceda60e676ad7868e0aee7869,38cdb04dd6e172a2894591eda79d7dd5c0b72f0f,.php
C:\Users\dinht\Documents\RandomForest\test_file_benign_only\AbstractProxyTest.php,31/07/2025,3a1d6c2dd5d3a15eb264be092c4014d4,09e2d8fa1c96386cb166d21112d7fe23e09f0710,.php
C:\Users\dinht\Documents\RandomForest\test_file_benign_only\AbstractProxyTest_1.php,31/07/2025,753e287f4184d29ca0d94eb81fa1bded,c11dc15da941a06fbba3920b9b34b820b4ac310c,.php
C:\Users\dinht\Documents\RandomForest\test_file_benign_only\AbstractProxy_1.php,31/07/2025,074e389ed708e5bcebb97af7a92dbff0,e8c78f652bc05e2e36d761419937bfbb918a1310,.php
C:\Users\dinht\Documents\RandomForest\test_file_benign_only\AbstractQuestionHelperTest.php,31/07/2025,15542189403896763b0fb99b27f7711b,63b82fdd5aba5d36a392132ea96a6aef0726ea03,.php
C:\Users\dinht\Documents\RandomForest\test_file_benign_only\AbstractRedisAdapterTest.php,31/07/2025,5c89bf33a12390ba11c1952bb0fce576,30f1805e44a026544c973f823ae49d78bfb1a205,.php
C:\Users\dinht\Documents\RandomForest\test_file_benign_only\AbstractRedisSessionHandlerTestCase.php,31/07/2025,40233ebeebc810df61b925f7ab6efac4,89bc37bd653b2648bd77607c88d0eeb2517bd025,.php
C:\Users\dinht\Documents\RandomForest\test_file_benign_only\AbstractRegionDataProviderTest.php,31/07/2025,ffa75b95c1ccb9f94e514cb7e7433d7a,63a079372a0719aee746f4deb67d7beb256005ec,.php
C:\Users\dinht\Documents\RandomForest\test_file_benign_only\AbstractRenderer.php,31/07/2025,1c0b59b54b3a348085953dde491d2f03,75b401bc563b501339fe5d071a3fe27c952acc82,.php
C:\Users\dinht\Documents\RandomForest\test_file_benign_only\AbstractRendererEngine.php,31/07/2025,7b834c15904f618fe8bc488b32941604,796472445569834d89f13b2b19f91a4c0221b136,.php
C:\Users\dinht\Documents\RandomForest\test_file_benign_only\AbstractReporter.php,31/07/2025,6c7161cf108a256c93017b55c36afd27,6b91463c7c551283933a81355f17333d5f38679c,.php
C:\Users\dinht\Documents\RandomForest\test_file_benign_only\AbstractSchemaManager.php,31/07/2025,e8c0eb2d34f2237927257176eb0d4740,81ec41ee17da03c37ee5b1dce6cd8db1e252734c,.php
C:\Users\dinht\Documents\RandomForest\test_file_benign_only\AbstractSchemaSynchronizer.php,31/07/2025,68b4e2fe8819fb7d87aa7c5b91d69b4c,fda4a54d2f34e0d123d489590a923ab9c34876a8,.php
C:\Users\dinht\Documents\RandomForest\test_file_benign_only\AbstractScriptDataProviderTest.php,31/07/2025,e67ea0e32ea4e8bb695a5a51aed942f3,5029319a63a6414c6aa21e8da3aa21379e366053,.php
C:\Users\dinht\Documents\RandomForest\test_file_benign_only\AbstractSessionHandler.php,31/07/2025,6b0f5ed87770125313245e486e668f9a,f69b8ef7343c6de33bd3d0d6529c0fbbac2bb7f3,.php
C:\Users\dinht\Documents\RandomForest\test_file_benign_only\AbstractSessionHandlerTest.php,31/07/2025,943a6cf5f6b439a1a3aca04b2ff0515c,f88db33196d7ed5f9379ec9ddea7720b76c389f1,.php
C:\Users\dinht\Documents\RandomForest\test_file_benign_only\AbstractSessionHandler_1.php,31/07/2025,0d07ab8e0fd343454130f5d5101c40b0,0f978b466bb88caeb6375f41e97fc9e6c3075bf7,.php
C:\Users\dinht\Documents\RandomForest\test_file_benign_only\AbstractSessionListener.php,31/07/2025,c4416ef233c02ac3df95c59eadedb8b7,a0c40c2ec705b97ab74f6823ddba57b952f88ced,.php
C:\Users\dinht\Documents\RandomForest\test_file_benign_only\AbstractShape.php,31/07/2025,e18f8db06f95b0d1ebea4ab18639ef6e,f3d44ff790198c07e6d3be606da554d6856c9a05,.php
C:\Users\dinht\Documents\RandomForest\test_file_benign_only\AbstractSmtpEventSupportTest.php,31/07/2025,4eec6a3fb8cfb90128534bb353920466,1e0eedf98b3d5596dd8df493ae3bf7501daf8f12,.php
C:\Users\dinht\Documents\RandomForest\test_file_benign_only\AbstractSmtpTest.php,31/07/2025,3a6d427ee6bb1fc1389bd43cfe0236b7,78d136ce1a9da6b1d1eab8c3980c57868e4226c8,.php
C:\Users\dinht\Documents\RandomForest\test_file_benign_only\AbstractSmtpTransport.php,31/07/2025,0ee571d531edd8b5c0d2c4a94e9d6698,8468f469f3680bbcc2a76a780ef2cd8109139b3f,.php
C:\Users\dinht\Documents\RandomForest\test_file_benign_only\AbstractSQLAnywhereDriver.php,31/07/2025,22f89d55e27274a7d1e9167d816ef331,3c1583adffcc63aa79643108452a8bd7e2ff602a,.php
C:\Users\dinht\Documents\RandomForest\test_file_benign_only\AbstractSQLiteDriver.php,31/07/2025,6edb2b8e919f56bf244eb726227b6d36,d126b0c2dc53fb5d3b385f8ed29deddd3537ab60,.php
C:\Users\dinht\Documents\RandomForest\test_file_benign_only\AbstractSQLServerDriver.php,31/07/2025,88221bac1fd43f65043274da31eab1b3,90dea91fa33d06e6036ec777b82f91bb1e3134aa,.php
C:\Users\dinht\Documents\RandomForest\test_file_benign_only\AbstractStorage.php,31/07/2025,8704898dcdf84d7798006d722ac9fdd2,e18236774b5feb3234c5d039ccf102f0c11a1888,.php
C:\Users\dinht\Documents\RandomForest\test_file_benign_only\AbstractStoreTest.php,31/07/2025,ddb946111c6ba10e81c72904244467d2,79d78ca55bce48fa60743bf6d96cb71ec41b754d,.php
C:\Users\dinht\Documents\RandomForest\test_file_benign_only\AbstractStreamBufferAcceptanceTest.php,31/07/2025,f602faf488dd1165cdb9366d9f072734,3fa2b5f1aeed0be70035470f850815735685755d,.php
C:\Users\dinht\Documents\RandomForest\test_file_benign_only\AbstractStringWrapper.php,31/07/2025,8ef7a564ae976325ced019711dcef7b3,89cfedf72af2a604c9eee8d4dc3dbf534a583ca4,.php
C:\Users\dinht\Documents\RandomForest\test_file_benign_only\AbstractSurrogate.php,31/07/2025,dfc566ecb6cb430822a6819b4318b677,709744bcc4243f0c23db97098980f1738d7ee583,.php
C:\Users\dinht\Documents\RandomForest\test_file_benign_only\AbstractSurrogateFragmentRenderer.php,31/07/2025,1636e1026796133fc5fdfdc53ebd4226,daf01b63736a3c97421a54d8d40bccec2e78be1e,.php
C:\Users\dinht\Documents\RandomForest\test_file_benign_only\AbstractSyntaxTree.php,31/07/2025,e616108a5de745ad7b399cc319f14844,9bcf15e544455ce9621f83f07e5d84889eb01aed,.php
C:\Users\dinht\Documents\RandomForest\test_file_benign_only\AbstractSyslogHandler.php,31/07/2025,419b9d3f1d66192b544349360d5f596a,9fedf093dd3b7c809ca449691b0db14a0ab8175a,.php
C:\Users\dinht\Documents\RandomForest\test_file_benign_only\AbstractSyslogHandler_1.php,31/07/2025,3e697fe71a14d7052558ef2637a463a8,dc068475e7da252f5e24682230439ede047a07c3,.php
C:\Users\dinht\Documents\RandomForest\test_file_benign_only\AbstractTestSessionListener.php,31/07/2025,366e99da85171c1f603bee38024faa41,01cb94829066163ffd36889e42343e7486e5e452,.php
C:\Users\dinht\Documents\RandomForest\test_file_benign_only\AbstractTheme.php,31/07/2025,5c9c1d519dd5db366e3918f2aa8e78d5,8a6ffe68947d6fe8880cd2f3752318cab4259efc,.php
C:\Users\dinht\Documents\RandomForest\test_file_benign_only\AbstractThreadEventTestCase.php,31/07/2025,b13566307bd0cd38aaf33428ea881641,46b8ec2ec581d2875a34263ab5ca253bae21a256,.php
C:\Users\dinht\Documents\RandomForest\test_file_benign_only\AbstractToken.php,31/07/2025,a84e5f47ed8ee51cfff4bef6990d08fb,5fc82504080164d34761953da7c04148380d1c85,.php
C:\Users\dinht\Documents\RandomForest\test_file_benign_only\AbstractTranslation.php,31/07/2025,0bc1ca8ca6bc28037aedb822d9a82bd6,7afcec30ae81e85010eb6f0449ce02b155368012,.php
C:\Users\dinht\Documents\RandomForest\test_file_benign_only\AbstractValidator.php,31/07/2025,6564c3495a27a4d15a08379ce3199d07,49e38e7bdf1cd81491c5cd057b6fbd38d01624eb,.php
C:\Users\dinht\Documents\RandomForest\test_file_benign_only\AbstractValue.php,31/07/2025,79232949de6674a75322aa18fd2df0f0,8da9310d2c11b3afe26cbf7e74d965d5c75d22f5,.php
C:\Users\dinht\Documents\RandomForest\test_file_benign_only\AbstractVersionConstraint.php,31/07/2025,15b4b4e5296e398b6f6cdff8287e5fff,4196c03f6a12993d3d4f5f2e0886c86a9b7fd836,.php
C:\Users\dinht\Documents\RandomForest\test_file_benign_only\AbstractVersionConstraintTest.php,31/07/2025,a1ea79249a10b1fc7965575ce0a2f32e,d69cee6a2e7e4ccc1bc2a84680feaeb605685e55,.php
C:\Users\dinht\Documents\RandomForest\test_file_benign_only\AbstractVisitor.php,31/07/2025,6b2cb4045418a16263bd21b94683d6a8,bbf85c1873e72a4915e48f3b101f4af8465893d9,.php
C:\Users\dinht\Documents\RandomForest\test_file_benign_only\AbstractVoucherSeries.php,31/07/2025,57788bc59f67d489c20646a91f75939a,99e6e9c5b5c2749c9a74ad542e488a8be2dbe95e,.php
C:\Users\dinht\Documents\RandomForest\test_file_benign_only\Abstract_1.php,31/07/2025,4d13b659872d2d2d7b3a8e82b401e0e9,b9760674b9052633f9c4fa4ca8707ac4bbfaabcf,.php
C:\Users\dinht\Documents\RandomForest\test_file_benign_only\Abstract_10.php,31/07/2025,58faad0c53a97548125937e2ac0079e7,0a414b89292e9599357fd4832c868f9e00b6d012,.php
C:\Users\dinht\Documents\RandomForest\test_file_benign_only\Abstract_2.php,31/07/2025,f6b2c1d2d385b1e03a0d55257553bd3f,5de66d748d4c18d01fc4a162c6564d8d2a5bc164,.php
C:\Users\dinht\Documents\RandomForest\test_file_benign_only\Abstract_3.php,31/07/2025,cd0b34868b56b2928758bf49b2b006f7,0ca670b9f739eed695e53d90314acf877c97f14a,.php
C:\Users\dinht\Documents\RandomForest\test_file_benign_only\Abstract_4.php,31/07/2025,f3a7a94a8eeced5835b02312a47f952c,9328de0275586d90fb503566ee16c9581fc6d3a2,.php
C:\Users\dinht\Documents\RandomForest\test_file_benign_only\Abstract_5.php,31/07/2025,eaedca8daa50d6aae649dadac4487eda,16cec8f8199f8898b2df4b5e01c9d217e2cff33f,.php
C:\Users\dinht\Documents\RandomForest\test_file_benign_only\Abstract_6.php,31/07/2025,acafd04b82596ab898517de44074aa3c,ebf4d9875ecd7864af738ecc498b7a2e73bd52f8,.php
C:\Users\dinht\Documents\RandomForest\test_file_benign_only\Abstract_7.php,31/07/2025,a232db9e16f89d9d4e00873c47762670,146cc83c56428c17827e75b1865f08cf095617be,.php
C:\Users\dinht\Documents\RandomForest\test_file_benign_only\Abstract_8.php,31/07/2025,3ab3e7df0b5126b2f2c443ad2fd75557,00cf7303223399bf136db1e07021df5275c67b20,.php
C:\Users\dinht\Documents\RandomForest\test_file_benign_only\Abstract_9.php,31/07/2025,9f5036a9754b83c78ef667a5ba915f8a,a6ae7d96f780d8c2195a0cdf05d8d664f6fd33da,.php
C:\Users\dinht\Documents\RandomForest\test_file_benign_only\AbuseiamClient.php,31/07/2025,6e4c5efa99c70a1a99ffa1508faa36ab,32e825a39eff424da9f17e6ea248bf08a0214400,.php
C:\Users\dinht\Documents\RandomForest\test_file_benign_only\AbuseSection.php,31/07/2025,c35b969f2db4033cf315823f38d007e1,9298317c02b1573ff570edc7de05dcb0240b019e,.php
C:\Users\dinht\Documents\RandomForest\test_file_benign_only\AbuseType.php,31/07/2025,3c6faa5df9921d0152571619bf174b56,29ec0923b29a74ac7ba308e15cfafe542060ebae,.php
C:\Users\dinht\Documents\RandomForest\test_file_benign_only\AbusiveExperienceReport.php,31/07/2025,407b45be5509f7886159afdcd07a31d1,327d687b7f9e6fdab52423536a273111c8c265f1,.php
C:\Users\dinht\Documents\RandomForest\test_file_benign_only\ac9611d3e8565227969b34c9f0b89a64735709ef.php,31/07/2025,7e803674a7cad55093177dff28cb41c6,62ca26529dfa50702af1a723a4dce8b4bc04489f,.php
C:\Users\dinht\Documents\RandomForest\test_file_benign_only\Acceleratedmobilepageurl.php,31/07/2025,9435e2d971317efe83d4a8dd3b80268a,8ac3062fbea18c99b9932ffd4dbcc530ce346e5b,.php
C:\Users\dinht\Documents\RandomForest\test_file_benign_only\AcceleratorConfig.php,31/07/2025,e3f8648dfbb4f489b6c1b432902c7cd3,5f71830e725f820280ab910bfc690b669e1f675e,.php
C:\Users\dinht\Documents\RandomForest\test_file_benign_only\AcceleratorConfig_1.php,31/07/2025,d0b74b0ad0c347385122272d6e4dd246,c3eb6c8b066b8dd4987bda23e0d6379f3caa6967,.php
C:\Users\dinht\Documents\RandomForest\test_file_benign_only\AcceleratorConfig_2.php,31/07/2025,8019f35544435b242b330bea8324bb04,e6c369c1a71cc57889ec56f69f0ad937d4bd234f,.php
C:\Users\dinht\Documents\RandomForest\test_file_benign_only\AcceleratorType.php,31/07/2025,bc6ed600b0dc5c3412a7db92e7366298,02b7edf6012b659d2a1cbf1f5d092a2b024aa34f,.php
C:\Users\dinht\Documents\RandomForest\test_file_benign_only\AcceleratorTypeAggregatedList.php,31/07/2025,96fa1f8183c1b3b21b9614968e6c170d,9a328e24272eb13c045d5609ee526b08e9052395,.php
C:\Users\dinht\Documents\RandomForest\test_file_benign_only\AcceleratorTypeAggregatedListWarning.php,31/07/2025,f7e5572f2499771553f658a9bc3476e1,ac8e2051bb3e9beec562f9f8c287bd359228f770,.php
C:\Users\dinht\Documents\RandomForest\test_file_benign_only\AcceleratorTypeAggregatedListWarningData.php,31/07/2025,7cc915b94ceb3729cffd55019eb85965,c7ffdb125dd825bf6af2132eb9d619ba907ebd65,.php
C:\Users\dinht\Documents\RandomForest\test_file_benign_only\AcceleratorTypeList.php,31/07/2025,ccd589a9997fcf28c91d61df07e49617,dd2f75eb21b19d3584840c802443554a15fb5d1a,.php
C:\Users\dinht\Documents\RandomForest\test_file_benign_only\AcceleratorTypeListWarning.php,31/07/2025,c076329a2a5ff19a25d73851553a8186,5f36476ada823877dc0b8354c11081974bf4b591,.php
C:\Users\dinht\Documents\RandomForest\test_file_benign_only\AcceleratorTypeListWarningData.php,31/07/2025,f9ce4d6483a072bcdde22d6bf3551c16,5c7e2a3f628c8a11b7f418b0d71c74a582a5e139,.php
C:\Users\dinht\Documents\RandomForest\test_file_benign_only\AcceleratorTypes.php,31/07/2025,85b002c104001a1b4ad25b0b94f993b4,78f70c3cd34338662e3607aa2f6d9a9d4bed88f9,.php
C:\Users\dinht\Documents\RandomForest\test_file_benign_only\AcceleratorTypesScopedList.php,31/07/2025,2212b7f5202e9a1d8148a5f8f8fedede,3f5f6d82a8474926490a11c0f9baee8af1eabb43,.php
C:\Users\dinht\Documents\RandomForest\test_file_benign_only\AcceleratorTypesScopedListWarning.php,31/07/2025,e2349e0162c1c5757338ae2359efecef,f86cafaed9ed983a61c441af65cd2e680c36abca,.php
C:\Users\dinht\Documents\RandomForest\test_file_benign_only\AcceleratorTypesScopedListWarningData.php,31/07/2025,5eb494576dfd278a5d48768492ca8067,d9007b4f1fdd8816903534ced479836179dc4654,.php
C:\Users\dinht\Documents\RandomForest\test_file_benign_only\AcceleratorType_1.php,31/07/2025,07b2506c3531b6508502df0b5b34b517,b8e178a4bf6e09542bde9a090ba295a3500ad783,.php
C:\Users\dinht\Documents\RandomForest\test_file_benign_only\Accept.php,31/07/2025,cf50a034142b19d6d8ac1fc50ec7888f,46158a5a71d575267b3b539d8b69e33eac631cc7,.php
C:\Users\dinht\Documents\RandomForest\test_file_benign_only\Acceptance.php,31/07/2025,48050291330fff71c12310b6dc806dda,f313aa41d902e2bd91d56b647b73f6e7f79b292b,.php
C:\Users\dinht\Documents\RandomForest\test_file_benign_only\AcceptanceDenied.php,31/07/2025,f01214804326274c054261d2ab21729d,93984140a65c5144a3b61c20b8c49a3083642c22,.php
C:\Users\dinht\Documents\RandomForest\test_file_benign_only\AcceptanceHelper.php,31/07/2025,c3f488655b21365ff63b77ba211859df,a2bb895cc3f3697844de0961e540cfc6afaf412b,.php
C:\Users\dinht\Documents\RandomForest\test_file_benign_only\AcceptanceRequired.php,31/07/2025,a236fb8446d98d48996d6ec58987787c,99e8f289129e5c7dc71c7a104f305967874c4a6a,.php
C:\Users\dinht\Documents\RandomForest\test_file_benign_only\AcceptHeader.php,31/07/2025,098b45276d167caec5d952636b8b3995,1400a4c699c79f2196c9918e59cad1b913b0b1f8,.php
C:\Users\dinht\Documents\RandomForest\test_file_benign_only\AcceptHeaderItem.php,31/07/2025,109032bc1cde8ba935c4121cf8ee6ae1,4793377e3c2b018137f22495fdfd3839baa6a196,.php
C:\Users\dinht\Documents\RandomForest\test_file_benign_only\AcceptHeaderItemTest.php,31/07/2025,6d6ddd374613f4b4a7fc82b43511c4b7,0cf299f1b8327f7db33382efcdf666932edc1b6d,.php
C:\Users\dinht\Documents\RandomForest\test_file_benign_only\AcceptHeaderItemTest_1.php,31/07/2025,225d75ed0800232060a9f85aea449742,b6a3ce44934b1440911226f2e1e0f9a9e44364db,.php
C:\Users\dinht\Documents\RandomForest\test_file_benign_only\AcceptHeaderItem_1.php,31/07/2025,3ecb0d238d610e664ce60c2270915972,222c58d8b328795263e3993f289442089f8ef1e0,.php
C:\Users\dinht\Documents\RandomForest\test_file_benign_only\AcceptHeaderTest.php,31/07/2025,fd4d46f097c0ac9505fbd768fa35eaa5,9bf0ec2b6476edbc238d84bc7d3ac1abcac7e3d3,.php
C:\Users\dinht\Documents\RandomForest\test_file_benign_only\AcceptHeaderTest_1.php,31/07/2025,c26bc34ec639df2a721ea14e7c1f5a67,01e7a88773ce813e3e08f484468f1e53bf084615,.php
C:\Users\dinht\Documents\RandomForest\test_file_benign_only\AcceptHeader_1.php,31/07/2025,e3e6b58f29232ef30c47f4a22ee169f5,9c884741bdc0bb4cbf5ed0775c25d659b292dced,.php
C:\Users\dinht\Documents\RandomForest\test_file_benign_only\Accept_1.php,31/07/2025,78816f42dc6f8f3ad45cb4a284fe4f45,a0b7d5d4d8a8da2792f581ef1e461f9bde6e95e4,.php
C:\Users\dinht\Documents\RandomForest\test_file_benign_only\access.php,31/07/2025,d4fd8284bc1dfd5f87bc6efa5f4825b0,77fbfc3a469c792304638e0ba0f1db4d61eff80b,.php
C:\Users\dinht\Documents\RandomForest\test_file_benign_only\AccessApp.php,31/07/2025,456cea22f308ad651f6a30a094e774f6,8858b1bc98b3eb2b8b791b502e43d22a04bf5226,.php
C:\Users\dinht\Documents\RandomForest\test_file_benign_only\AccessChannel.php,31/07/2025,0f52cbfc309d7080da636543b6c38c22,0e8ed21ecfebece2e7d7a556b8a1751956d22114,.php
C:\Users\dinht\Documents\RandomForest\test_file_benign_only\AccessCollections_1.php,31/07/2025,867ca6b25e6b863557841271c30e7271,e7b82ceb4276d845cf457e13a84d75677214838c,.php
C:\Users\dinht\Documents\RandomForest\test_file_benign_only\AccessConfig.php,31/07/2025,f60dee7e0ea389df4bed43e8e4f4e78e,9a9789d106412c7473d3faf49ceec749ad713220,.php
C:\Users\dinht\Documents\RandomForest\test_file_benign_only\AccessConfig_1.php,31/07/2025,7d59aceac2d400024245657c26b87e6f,86e6ef2d50e14dfd08b0c9c2326d10a731db4c7e,.php
C:\Users\dinht\Documents\RandomForest\test_file_benign_only\AccessConfig_2.php,31/07/2025,d8786e8b7d1694fb3242817a49042c0f,99a44f4ac7bbc73f61b4fd1ca6056a2268f6bb93,.php
C:\Users\dinht\Documents\RandomForest\test_file_benign_only\AccessDeniedException.php,31/07/2025,ad2d0c2372ecaf2e30508323bc04b940,3f310e6c6f618e7550932c482dea91bc91b2061f,.php
C:\Users\dinht\Documents\RandomForest\test_file_benign_only\AccessDeniedException_1.php,31/07/2025,6ec2bf13ee80fa36603a8b1cbaeb3057,53a5d930c0a1842d436ce3a1bd0770474af1502e,.php
C:\Users\dinht\Documents\RandomForest\test_file_benign_only\AccessDeniedException_2.php,31/07/2025,116cfb06a6e8d91c3c594cd20d4f8f9b,cc5b26768a19e9ebc39100080990827c363dbf75,.php
C:\Users\dinht\Documents\RandomForest\test_file_benign_only\AccessDeniedHttpException.php,31/07/2025,55d064a7864ef9d97cc4aa5aaacf3454,113b8677b1858866e9cef6d7a0430176f00b046b,.php
C:\Users\dinht\Documents\RandomForest\test_file_benign_only\AccessDeniedHttpExceptionTest.php,31/07/2025,08417993d977234dc4c427aa3d63b17b,3157721a6d031e59f62f454d7116246527b36423,.php
C:\Users\dinht\Documents\RandomForest\test_file_benign_only\AccessDescription.php,31/07/2025,2d5c66d6386ddbb4461975b6157e691c,cc958081a200fdddea1337841c9de033d1a1ea8b,.php
C:\Users\dinht\Documents\RandomForest\test_file_benign_only\AccessMiddleware.php,31/07/2025,3019521332355fdab75406f33a156ab0,e22a357b1ea60d2f37ff1df3d4c8f0c18f723285,.php
C:\Users\dinht\Documents\RandomForest\test_file_benign_only\AccessPolicy.php,31/07/2025,ef31540c4e36bfbd8ff83a0699c8c5cf,8e7aab8de83811241d6fd4835c5daed2eb8617a8,.php
C:\Users\dinht\Documents\RandomForest\test_file_benign_only\AccessProduct.php,31/07/2025,89b1a8389039633b871500172339a94e,d31a1577a519911fb9849f1c6940aa1ac2765ae7,.php
C:\Users\dinht\Documents\RandomForest\test_file_benign_only\AccessRecord.php,31/07/2025,0bdaf3b074416fc16b88f3ce9ce9672a,0e7fb0913d08713451ed054997512e8a01f92c65,.php
C:\Users\dinht\Documents\RandomForest\test_file_benign_only\access_3.php,31/07/2025,fe4937650b9329393ab82b261cf68e9b,66a93231fa584134889efc155b9916e91e83778b,.php
C:\Users\dinht\Documents\RandomForest\test_file_benign_only\access_4.php,31/07/2025,582168e0a1b9545db4f0b1bc79877bf7,8eedb8debd99bfe85e211f62306952c5e0882ff8,.php
C:\Users\dinht\Documents\RandomForest\test_file_benign_only\access_5.php,31/07/2025,7e846853c2ce3297afc088759c0bb729,326477b2531dc332513a26c652a68e20972e921f,.php
C:\Users\dinht\Documents\RandomForest\test_file_benign_only\access_6.php,31/07/2025,9ff921e5a863e533f0f8a31d7a1e67a5,1f67f30496e5cdb6a9713c0a1d58488c2ebd2dab,.php
C:\Users\dinht\Documents\RandomForest\test_file_benign_only\access_7.php,31/07/2025,d31912a80763029eb6e8640ccb624ba4,8749759567d58227ea71c81efb0a0ce2f205b332,.php
C:\Users\dinht\Documents\RandomForest\test_file_benign_only\accord.tpl.php,31/07/2025,d18bf41d5847e361016ce411a6ebed16,88236ed005a8aec952e7b7b6f7b2257e7980ad9d,.php
C:\Users\dinht\Documents\RandomForest\test_file_benign_only\account.lang.php,31/07/2025,e368e842e867e0a2fdced8103725710b,dcf2da56177b0c6337815436cd454924d6ebc286,.php
C:\Users\dinht\Documents\RandomForest\test_file_benign_only\Account.php,31/07/2025,c063a7b718b5f09abf379e94f194f5bf,b3c862b261703b2036497a5977ded68c831618c1,.php
C:\Users\dinht\Documents\RandomForest\test_file_benign_only\AccountAccess.php,31/07/2025,3e82318330c07a8e6e96352eb86e2396,19c2c43fe96dd116a609bd7745a30d6c54e803dd,.php
C:\Users\dinht\Documents\RandomForest\test_file_benign_only\AccountActiveAdSummaries.php,31/07/2025,8af660109621f234b14056eb142abd60,1167e56095a2b0fc2202b36b8030e1e67a634ccb,.php
C:\Users\dinht\Documents\RandomForest\test_file_benign_only\AccountActiveAdSummary.php,31/07/2025,a39b3511cc79a84c25244e449751ebd7,4900226f3f633e802963a1ff84c06dae0c0fb41e,.php
C:\Users\dinht\Documents\RandomForest\test_file_benign_only\AccountAdwordsLink.php,31/07/2025,0f32b4370dbba7d738f146cbf33e87a7,b4c62519072f9378a33a77036a78c53efe8f9a1e,.php
C:\Users\dinht\Documents\RandomForest\test_file_benign_only\AccountBidderLocation.php,31/07/2025,743e408ed15fbf3ce85132727beb322a,15e364dd220825e3148dacdc72146875a502e82c,.php
C:\Users\dinht\Documents\RandomForest\test_file_benign_only\AccountChildLink.php,31/07/2025,e78a1303ffe93014e6baece8003c8d4b,82259d5b7e9076212d3b21bdd71f31d0c68afe8c,.php
C:\Users\dinht\Documents\RandomForest\test_file_benign_only\AccountGoogleMyBusinessLink.php,31/07/2025,9e493d010f988ef1e00b7429192d7109,34e432c37e94d5dec371f895ecc96253bc71d704,.php
C:\Users\dinht\Documents\RandomForest\test_file_benign_only\AccountIdentifier.php,31/07/2025,2f7f7c87c6a882e0a6f342d17377a230,218d70d80b2e85dc6c6b9b386b738a900c600d8d,.php
C:\Users\dinht\Documents\RandomForest\test_file_benign_only\AccountMenu.php,31/07/2025,8ac01b4aabd055f8edfed0d4b51ad76c,1db1f1915f69eab303431c31579140eb5ce28247,.php
C:\Users\dinht\Documents\RandomForest\test_file_benign_only\AccountPermission.php,31/07/2025,59f5cac1c8db1c7baea096674655573c,8f35cd4a8968ba68e971632082872ac1fff28374,.php
C:\Users\dinht\Documents\RandomForest\test_file_benign_only\AccountPermissionGroup.php,31/07/2025,cfc1b8ad37864512eb3712e3f80f4f32,4928aff287591b2f2306184c68208dde4595ea6f,.php
C:\Users\dinht\Documents\RandomForest\test_file_benign_only\AccountPermissionGroups.php,31/07/2025,98c8af48c6d594a2be8f89906c336301,36c28e4ab858cd75736e98856fc51a9cbc32dab7,.php
C:\Users\dinht\Documents\RandomForest\test_file_benign_only\AccountPermissionGroupsListResponse.php,31/07/2025,bb26fe84ffdb271fc46b4e3ec759977f,b618768664ce0a0fa5e9c760618d5a7a440f643e,.php
C:\Users\dinht\Documents\RandomForest\test_file_benign_only\AccountPermissions.php,31/07/2025,0a597e5d6cf14cc17e903c7ef350e07e,be841ed14c1ba81256b4d199297a46c42ed9fdff,.php
C:\Users\dinht\Documents\RandomForest\test_file_benign_only\AccountPermissionsListResponse.php,31/07/2025,234653391a2c9d7f0e3281ba8aed755e,4039c2880612bee5f3e5499d599bf42090accfbf,.php
C:\Users\dinht\Documents\RandomForest\test_file_benign_only\AccountPermissions_1.php,31/07/2025,9ec952331ed37a6db1aeda29de9012a5,73664676bbe8191d6bb6fdb75c01fc40d1b38d64,.php
C:\Users\dinht\Documents\RandomForest\test_file_benign_only\AccountRef.php,31/07/2025,9ba12a8887572ab3d08b232c9f1cae71,e568f8518e3b1e55cccc054dab6f1f0e538ac90b,.php
C:\Users\dinht\Documents\RandomForest\test_file_benign_only\Accounts.php,31/07/2025,a47e778ab0cae8b28f966dcfa84b72de,5569342448300fa97bdd44efa465662af6268d24,.php
C:\Users\dinht\Documents\RandomForest\test_file_benign_only\AccountsAdclients.php,31/07/2025,64791d790170d83aebfa25aa9db66486,80fb17557484c52350f9b7e1f3feccc8431e58f0,.php
C:\Users\dinht\Documents\RandomForest\test_file_benign_only\AccountsAdclients_1.php,31/07/2025,61d1d12ff862a9fe4621db836f7737eb,2c5431ee4aa0ac3e22ef2d439a7975a349ab8724,.php
C:\Users\dinht\Documents\RandomForest\test_file_benign_only\AccountsAdclients_2.php,31/07/2025,f4b1dc7c7ecb09d6c956a4afd40dad23,82b0889dbe3a58b88d7eca9f66931cd1abfc226b,.php
C:\Users\dinht\Documents\RandomForest\test_file_benign_only\AccountsAdunits.php,31/07/2025,ae3cb2188a1dcb20615c1c675fe5ca75,c2b6be4a344232cdaea2bc1c2a07f6fef9fe69c1,.php
C:\Users\dinht\Documents\RandomForest\test_file_benign_only\AccountsAdunitsCustomchannels.php,31/07/2025,5aab42f6826e1a9ca3e93d015fcc36ce,50b143d7818b8bdff90cdf15b9effa55f79daac5,.php
C:\Users\dinht\Documents\RandomForest\test_file_benign_only\AccountsAdunits_1.php,31/07/2025,c9975b8fc1bcdb7f824944858fe16828,2ef73489cdfa936cdd13eac69ea9232ef4dd19bc,.php
C:\Users\dinht\Documents\RandomForest\test_file_benign_only\AccountsAlerts.php,31/07/2025,29e9e97037ecf53830d4b13207245d05,3365b7e872833b33a1ddf48853c80e466d2c986f,.php
C:\Users\dinht\Documents\RandomForest\test_file_benign_only\AccountsAlerts_1.php,31/07/2025,2335593b60768b6e58a2a0cf39c78b89,b19c3a3881feb3e45b7ca10ddd38c8b0cabac428,.php
C:\Users\dinht\Documents\RandomForest\test_file_benign_only\AccountsAuthInfoResponse.php,31/07/2025,85b31ca17d34216cc26eb294ba1aa468,32f8da653885f2631b21a0c9a5b1805d593ef8a1,.php
C:\Users\dinht\Documents\RandomForest\test_file_benign_only\AccountsAvails.php,31/07/2025,93ecc1fd6b59bbca37bc2d748c795326,d9811a7876d329f4d5df1f0a301630f8f8f86e34,.php
C:\Users\dinht\Documents\RandomForest\test_file_benign_only\AccountsAvailsResource.php,31/07/2025,b407f03feb7216384cb6662f8ff76684,70a8875d70b7bafd0925e3c9051a3937e159917e,.php
C:\Users\dinht\Documents\RandomForest\test_file_benign_only\AccountsClaimWebsiteResponse.php,31/07/2025,2ae3794141712f96a964dfcdff449cce,bf691cc33ce1d010eddae9c5f7d0c1bc0eb2611b,.php
C:\Users\dinht\Documents\RandomForest\test_file_benign_only\AccountsClients.php,31/07/2025,60087f25863f210f99d7b4a0b82a2268,ef52f4a5a24cb3ce220a77baa9748e9bda892fb3,.php
C:\Users\dinht\Documents\RandomForest\test_file_benign_only\AccountsClientsInvitations.php,31/07/2025,8e1e9be4efe123d970b20feea1881cbb,e1bf2e202fc5e9264386262f920a29ef548b2e3f,.php
C:\Users\dinht\Documents\RandomForest\test_file_benign_only\AccountsClientsUsers.php,31/07/2025,7fc7536fad43939b41dcd95bfcad2fe6,66f2944f97bcd2497dc138d774a93ca471b19424,.php
C:\Users\dinht\Documents\RandomForest\test_file_benign_only\AccountsContainers.php,31/07/2025,b8bea55cbb7da0d3091bd11c6d6f61e4,1d5457c7f0ca4fdbc68040df5143b65ea85750bf,.php
C:\Users\dinht\Documents\RandomForest\test_file_benign_only\AccountsContainersEnvironments.php,31/07/2025,986cd0c06cc10b1442291c3d7393cc5c,9764635ddd6b4e6bcb4fc06541ed59561fa26dbf,.php
C:\Users\dinht\Documents\RandomForest\test_file_benign_only\AccountsContainersVersionHeaders.php,31/07/2025,3e700d1b45932d3c9641fed6946173d6,743fa61928a83619ef53fd14f66a3add2baa6808,.php
C:\Users\dinht\Documents\RandomForest\test_file_benign_only\AccountsContainersVersions.php,31/07/2025,026f3d685f0655ff10da602d80fbf323,253609baa7a8d74ba9cc7d3e6a75c1a9ddd87743,.php
C:\Users\dinht\Documents\RandomForest\test_file_benign_only\AccountsContainersWorkspaces.php,31/07/2025,56e1d1dc1a4abfa9f0264d5efba79b4a,ff0b28c27970e2287f44f1b77c43d0fe35ea54c2,.php
C:\Users\dinht\Documents\RandomForest\test_file_benign_only\AccountsContainersWorkspacesBuiltInVariables.php,31/07/2025,d4f60ffc7074d3c5a7f33aae8b244a19,219d031a6eab01f1c680174c805a230a42386084,.php
C:\Users\dinht\Documents\RandomForest\test_file_benign_only\AccountsContainersWorkspacesFolders.php,31/07/2025,45113a723ecb9978abef9a9de0ba1f17,1aca3e95682e39011c8e511c9d2f69f49dae3dff,.php
C:\Users\dinht\Documents\RandomForest\test_file_benign_only\AccountsContainersWorkspacesProposal.php,31/07/2025,4bc15dd94c1887c9643092392f9a16d4,b0a34271105374a5f5fbd851e30067d1a5b58a86,.php
C:\Users\dinht\Documents\RandomForest\test_file_benign_only\AccountsContainersWorkspacesTags.php,31/07/2025,3440e24001421b76ae21a5f2925469f5,14645a34294a3bf8580a08651017fd98d9b01ce4,.php
C:\Users\dinht\Documents\RandomForest\test_file_benign_only\AccountsContainersWorkspacesTriggers.php,31/07/2025,3fc1ccf129eadaa0ef994561d2a0ff60,7c52b34d6d595bb5c8e3f4f30b822e3595ec0c84,.php
C:\Users\dinht\Documents\RandomForest\test_file_benign_only\AccountsContainersWorkspacesVariables.php,31/07/2025,1ee00c63782a319b33e839e7595f663b,a119300141cb9c9f725bcefab2091e7893c6980e,.php
C:\Users\dinht\Documents\RandomForest\test_file_benign_only\AccountsCreatives.php,31/07/2025,8fea3acb970cbf7ff0e6a86010556b75,8c3afb169e0809024639cb32a79255320149901b,.php
C:\Users\dinht\Documents\RandomForest\test_file_benign_only\AccountsCreativesDealAssociations.php,31/07/2025,e3114db41722608c79631586d9453cba,66f6314d2a8fcbbbf8ad864096e0d1653a3121b6,.php
C:\Users\dinht\Documents\RandomForest\test_file_benign_only\AccountsCustomApps.php,31/07/2025,1fcd8bfcdf394707929b673dbcc48167,c3666ae3d57d126faf536febdd3c6ee17cdaf77c,.php
C:\Users\dinht\Documents\RandomForest\test_file_benign_only\AccountsCustomBatchRequest.php,31/07/2025,9554f9ce9c782ca09e33fda4c5c15af0,9116318d0114fd3e65784d03da0dda47192cc108,.php
C:\Users\dinht\Documents\RandomForest\test_file_benign_only\AccountsCustomBatchRequestEntry.php,31/07/2025,122d228ee7c490bd30e24784fd177820,abf4e5e95ce26c22ab898465023a551179393f87,.php
C:\Users\dinht\Documents\RandomForest\test_file_benign_only\AccountsCustomBatchResponse.php,31/07/2025,ac5cf48bf10702b747f39ac4de8b948f,129d2e5ec7aa911977a04ed4ca915f2df3b8c6e2,.php
C:\Users\dinht\Documents\RandomForest\test_file_benign_only\AccountsCustomBatchResponseEntry.php,31/07/2025,9d9d5746a22d6ceef15d8e1db3ec9590,5fab4f149b96ebaacc66fcc8baa6027269ef0813,.php
C:\Users\dinht\Documents\RandomForest\test_file_benign_only\AccountsCustomchannels.php,31/07/2025,7cbda56995f1550bd6fb41be1b33d322,d5eb68cf75bde6de063870441a89294416eb4bb6,.php
C:\Users\dinht\Documents\RandomForest\test_file_benign_only\AccountsCustomchannelsAdunits.php,31/07/2025,80a6c25aeec38b155f909f3b3ef670bf,02e4dad735eff2567d0e32b2ee7e2c51cec389fa,.php
C:\Users\dinht\Documents\RandomForest\test_file_benign_only\AccountsCustomchannels_1.php,31/07/2025,eb3a7d7b8b776ea3e2779d28b05a8042,b2e9e722cacfb1e2265907461a223e9ac2fe6650,.php
C:\Users\dinht\Documents\RandomForest\test_file_benign_only\AccountsExperienceLocalesResource.php,31/07/2025,6d99b89db84c84aff6d5b01c285bbf37,d4bbc2e92d535b48db420e32b86c0b31082fed0e,.php
C:\Users\dinht\Documents\RandomForest\test_file_benign_only\AccountsList.php,31/07/2025,2276cfc5048d8bd8b53135bcb0a876bf,28d73f89291928ee615ec15c7665ca9a052aeac6,.php
C:\Users\dinht\Documents\RandomForest\test_file_benign_only\AccountsListResponse.php,31/07/2025,756edc9c240f8532d00d61807cd129cf,05c6971c29c4eebc9b6deefb00a56a0938312bf1,.php
C:\Users\dinht\Documents\RandomForest\test_file_benign_only\AccountsListResponse_1.php,31/07/2025,310e96a91df31b426435e6d27f0a28b0,058d0288e992c1880b941313ce2934bb053665d2,.php
C:\Users\dinht\Documents\RandomForest\test_file_benign_only\AccountsMetadata.php,31/07/2025,f0de21b44131ac5185a407dbb56c77fa,01f327e09254d1cb693b93f7a6a83d2d6c808fc4,.php
C:\Users\dinht\Documents\RandomForest\test_file_benign_only\AccountsMetadataDimensions.php,31/07/2025,4fb44ab8ad4b6482223a311b18d704ed,6444603d184e4dcbc974e999c12df81c420a31f1,.php
C:\Users\dinht\Documents\RandomForest\test_file_benign_only\AccountsMetadataMetrics.php,31/07/2025,76fc0414d4950d0d10f0f4ceae5f27f9,4138e8a69b11b5f26858d0a864352de8fc7d0954,.php
C:\Users\dinht\Documents\RandomForest\test_file_benign_only\AccountsOrders.php,31/07/2025,829024bbf438085544d7fd5e814f5ca1,31caf913a8eff8b396e08f09c3ee579b67a5b3e8,.php
C:\Users\dinht\Documents\RandomForest\test_file_benign_only\AccountsOrdersResource.php,31/07/2025,11e4dd910a3210a1ecc86ad0f496644d,0459499dea5eec87ee3e7be76359726deafd2bc7,.php
C:\Users\dinht\Documents\RandomForest\test_file_benign_only\AccountsPayments.php,31/07/2025,d4ecde6ae0c4cec999ae345876214bb8,ea3f50f71fd545cdb1c5c8c951b2dee901cee037,.php
C:\Users\dinht\Documents\RandomForest\test_file_benign_only\AccountsPreferreddeals.php,31/07/2025,9287f68ae7ad613cf9e74099967694d0,a3df359fd7d589bbbfca13cd070ce37116c0a0b6,.php
C:\Users\dinht\Documents\RandomForest\test_file_benign_only\AccountsProducts.php,31/07/2025,eea9972eccd5e680522460c7f2e138c1,1a214b4ae15536e866825395361c8291d8526f47,.php
C:\Users\dinht\Documents\RandomForest\test_file_benign_only\AccountsReports.php,31/07/2025,5c2cfba5c2d24a762752d87ff52ba447,bba6ac648632bdd467226a53d9b115e7e06c10cc,.php
C:\Users\dinht\Documents\RandomForest\test_file_benign_only\AccountsReportsSaved.php,31/07/2025,716a355d6f12e18da7e879131ba1c425,aac404ff59df8efa702cd276ae49b7073e7886c0,.php
C:\Users\dinht\Documents\RandomForest\test_file_benign_only\AccountsReportsSaved_1.php,31/07/2025,b037a364581950a5e69c911852fb437e,5f0a1cd32cbadbf01c608b74352a6267b795445b,.php
C:\Users\dinht\Documents\RandomForest\test_file_benign_only\AccountsReports_1.php,31/07/2025,69122934628855daada48196b9b0ecac,48508125b4d4b8a77f8cfc30f723d17f106cca8a,.php
C:\Users\dinht\Documents\RandomForest\test_file_benign_only\AccountsReports_2.php,31/07/2025,f521a3d44b6f1b1b4f179d4e18a3faf9,661d5f26caa6052ac81138922c1273f3b4e124b1,.php
C:\Users\dinht\Documents\RandomForest\test_file_benign_only\AccountsResource.php,31/07/2025,e70ecd1286783e7c9859751b618483aa,360c9d0d001a1ff0e3c2c2e89fa087d2267a638b,.php
C:\Users\dinht\Documents\RandomForest\test_file_benign_only\AccountsSavedadstyles.php,31/07/2025,dcf6a5f53502f72256060a830a01eebc,dea2f3f3a9ea882b5170af4dec5c0935ae107938,.php
C:\Users\dinht\Documents\RandomForest\test_file_benign_only\AccountsStoreInfos.php,31/07/2025,3b30a75f317cb3baf04c067e1478b28a,27ca4e165138cfde3384d23ada891669f98a8430,.php
C:\Users\dinht\Documents\RandomForest\test_file_benign_only\AccountsStoreInfosCountry.php,31/07/2025,02d9884d392caf987d6c8198a45926d4,e5b4ed9cb0a0e2a81f024f33835aa689b685d4fe,.php
C:\Users\dinht\Documents\RandomForest\test_file_benign_only\AccountsStoreInfosCountryResource.php,31/07/2025,088a04895c74e04b51076e82583ded1b,c196844c8804c755c33ea3a7cc8dd478f4417ef4,.php
C:\Users\dinht\Documents\RandomForest\test_file_benign_only\AccountsStoreInfosResource.php,31/07/2025,642566cdfdb1580a47c6099958d44528,ea16382f146eb6b125cd28567d5eaa0961e99475,.php
C:\Users\dinht\Documents\RandomForest\test_file_benign_only\AccountStatus.php,31/07/2025,1251f933c8e7e801e2df2d2754ed27d7,a9c6ecd092db48f238ca05c098d022fc9c02fdac,.php
C:\Users\dinht\Documents\RandomForest\test_file_benign_only\AccountStatusAccountLevelIssue.php,31/07/2025,78a1bfda066d67bf62baf8affc55a854,28eac58915d1c7fabcedb6ddb0b33713b2aa8ffa,.php
C:\Users\dinht\Documents\RandomForest\test_file_benign_only\AccountStatusDataQualityIssue.php,31/07/2025,8d06b0f52165ecf01b414db859e71f5c,d1fc510e5c6ef136115905bf2af7c3d1f0569925,.php
C:\Users\dinht\Documents\RandomForest\test_file_benign_only\Accountstatuses.php,31/07/2025,68bbc8877722844400e37ed558996ee8,3106c05735fbe45b8f229859f666e7c988919f43,.php
C:\Users\dinht\Documents\RandomForest\test_file_benign_only\AccountstatusesCustomBatchRequest.php,31/07/2025,21da1bc48d00fc8ac64b7123ac76445d,cefde6612a5e0f4dc88beb975cf79dd5dd858d51,.php
C:\Users\dinht\Documents\RandomForest\test_file_benign_only\AccountstatusesCustomBatchRequestEntry.php,31/07/2025,7262a87396a70c420506b0c5e4e5869a,a4e61677cd025c24ea13e064a3b2e9c54a152955,.php
C:\Users\dinht\Documents\RandomForest\test_file_benign_only\AccountstatusesCustomBatchResponse.php,31/07/2025,86ae8bce2a3f374ed7e98692b7b8647c,e038b4a33219c923768a5a2cf1935525151ee27c,.php
C:\Users\dinht\Documents\RandomForest\test_file_benign_only\AccountstatusesCustomBatchResponseEntry.php,31/07/2025,8585c5a886d5fa010161dac3c270dca7,33796a7a45fc1bca319afabf291e27d1d7bca463,.php
C:\Users\dinht\Documents\RandomForest\test_file_benign_only\AccountstatusesListResponse.php,31/07/2025,b614b5beee4786bae27daa6bfe0d1112,7b69034a321e83743a62f740ff58a59b6bb8fc09,.php
C:\Users\dinht\Documents\RandomForest\test_file_benign_only\AccountStatusExampleItem.php,31/07/2025,98a1a4bb7246bae0cd54a8a7a2949a1a,be6d78cf9af165bcd1d9fb9f475a0f15ce09a7c1,.php
C:\Users\dinht\Documents\RandomForest\test_file_benign_only\AccountSummaries.php,31/07/2025,8253b5a598c963cbaede3a58bfc875fb,d47e0282d93b052699b9c202c571ec31b1bc1cbf,.php
C:\Users\dinht\Documents\RandomForest\test_file_benign_only\AccountSummary.php,31/07/2025,5561ef31efd1cd06bc1f801322ba0931,2b73f2a03409280a66551d561db6de0a3d7a26ae,.php
C:\Users\dinht\Documents\RandomForest\test_file_benign_only\AccountsUrlchannels.php,31/07/2025,5f69bf616f61143e7450e2aa6073b194,d9070dc593064e610b6cb05219e06fa9a9de42ba,.php
C:\Users\dinht\Documents\RandomForest\test_file_benign_only\AccountsUrlchannels_1.php,31/07/2025,a0ac1d41b75163a8b4540e15f65d1de1,e8828d436cca3ea00fe801abdeaac39927c7ea8d,.php
C:\Users\dinht\Documents\RandomForest\test_file_benign_only\AccountsUserPermissions.php,31/07/2025,43c92b943a78b31cad1aee76171f1364,9f56a0f86b043d512c5ce46d356ea7655fbd3593,.php
C:\Users\dinht\Documents\RandomForest\test_file_benign_only\Accounts_1.php,31/07/2025,b692750896ba43d7ee39ff5ddd0dc8ae,7143b4a13bca9b6b8d22083b9daeaf8d916a24df,.php
C:\Users\dinht\Documents\RandomForest\test_file_benign_only\Accounts_10.php,31/07/2025,0138ba50c6a9a2d9fa2ff97c59104d36,0c7f9bf98b95f30a954459343626c1161ae4c11f,.php
C:\Users\dinht\Documents\RandomForest\test_file_benign_only\Accounts_11.php,31/07/2025,0be8574a7c06d5aeab16734a0dc1e36b,6c2e939b45c912e08f6345cd9c6c44a82da26f1a,.php
C:\Users\dinht\Documents\RandomForest\test_file_benign_only\Accounts_12.php,31/07/2025,93d6b192b025886178c5437a7870f43b,875a41a752eb6f0791779fca66675fac4df90274,.php
C:\Users\dinht\Documents\RandomForest\test_file_benign_only\Accounts_13.php,31/07/2025,44ef884fb6e5f6f01bde99e578695c1c,0742e563ab05b0176254c193deaf070fa76c958d,.php
C:\Users\dinht\Documents\RandomForest\test_file_benign_only\Accounts_14.php,31/07/2025,ce8268f62be1a345dd165ebfec716c3e,51893574415e66a96fe06b03435887e6817992f4,.php
C:\Users\dinht\Documents\RandomForest\test_file_benign_only\Accounts_15.php,31/07/2025,b5f7581d7b18095134e90d00f5109a18,520445c8d0b137fd96970ced941669c79dcdfb34,.php
C:\Users\dinht\Documents\RandomForest\test_file_benign_only\Accounts_2.php,31/07/2025,a7a88b0ef29c6ec96ea5ed073c4d6c7e,55f59ffd6cd4bb09946d79e495a15dccd2a30f57,.php
C:\Users\dinht\Documents\RandomForest\test_file_benign_only\Accounts_3.php,31/07/2025,9d1a9a9b5a654ad684cab33aa0d28bd3,2a8f3dc618d9b5233b3fb4d1ab4f213bcca9fb0a,.php
C:\Users\dinht\Documents\RandomForest\test_file_benign_only\Accounts_4.php,31/07/2025,b15f796a267fe0965f1fb015b7d05714,e5fe14af3ee96eb1023d91e07c19703f0e4e8f83,.php
C:\Users\dinht\Documents\RandomForest\test_file_benign_only\Accounts_5.php,31/07/2025,4cf14706053cf230fcba119175f604df,5d410f76deed111d72d4c51e903b09458c26941c,.php
C:\Users\dinht\Documents\RandomForest\test_file_benign_only\Accounts_6.php,31/07/2025,b083081b24be636eb8701eda34562449,bff9b14d27c5a9e30eaf8ced83c557c610b46fcd,.php
C:\Users\dinht\Documents\RandomForest\test_file_benign_only\Accounts_7.php,31/07/2025,87c36ebad5c809877532cee213749933,4416c20c314d8085e78e3033d52fc7f2cff643b4,.php
C:\Users\dinht\Documents\RandomForest\test_file_benign_only\Accounts_8.php,31/07/2025,48abedf6b2bbd3a51693ef36f74888e7,cabc107e29d2c3e07f0af367c085e4d81faec2d2,.php
C:\Users\dinht\Documents\RandomForest\test_file_benign_only\Accounts_9.php,31/07/2025,06efab1d9c083b9da4241efae1288773,a537d0b762249ae72ea7b4686ce2bcb9226400cf,.php
C:\Users\dinht\Documents\RandomForest\test_file_benign_only\AccountTax.php,31/07/2025,e1a1af11507f7f7570306a910b011268,3f31eb86a7b4d76005581d34d96f00f7c47bc304,.php
C:\Users\dinht\Documents\RandomForest\test_file_benign_only\AccounttaxCustomBatchRequest.php,31/07/2025,5746588aaaa6f2054c3544541cdb6c45,dab8d1547d65fa34f381cf0935277980017e3b21,.php
C:\Users\dinht\Documents\RandomForest\test_file_benign_only\AccounttaxCustomBatchRequestEntry.php,31/07/2025,587707de7ad2870e0bd95e6d97c87640,86a11cab911eafbb54dc0f4b48275cabe6022bbf,.php
C:\Users\dinht\Documents\RandomForest\test_file_benign_only\AccounttaxCustomBatchResponse.php,31/07/2025,a5af1e393fdea2b0c54ab99637d4d571,f15e208268348c403cbabe72a55b5be9afc5f47d,.php
C:\Users\dinht\Documents\RandomForest\test_file_benign_only\AccounttaxCustomBatchResponseEntry.php,31/07/2025,1d70f153c0657c102557d7b1388627e3,92e7324c6d63e1e33066042a06eff3bfc45240fe,.php
C:\Users\dinht\Documents\RandomForest\test_file_benign_only\AccounttaxListResponse.php,31/07/2025,6a6ae0a262c515ab5e9b6a42d589e25c,c40ef6b068c8f35ee19360059131e8a343830e71,.php
C:\Users\dinht\Documents\RandomForest\test_file_benign_only\AccountTaxTaxRule.php,31/07/2025,d3308fec460b0376ab6de7bade123647,7843a4bc0e2173af7d08807319ec150d31f3cbd5,.php
C:\Users\dinht\Documents\RandomForest\test_file_benign_only\Accounttax_1.php,31/07/2025,e112f177db294ef64056ea60c2d00ca0,232d12e66f5a9e4b3607780d43139f1f606adb22,.php
C:\Users\dinht\Documents\RandomForest\test_file_benign_only\AccountTicket.php,31/07/2025,bf061d3672f4240bc2d39f852b3b7bad,b2f4556d78da84aa002892e73dfad865f1147121,.php
C:\Users\dinht\Documents\RandomForest\test_file_benign_only\AccountTreeRequest.php,31/07/2025,1e2f71a9a89430a6a654f99084217b67,e240a7b73b774c1db5db41444350141b44f0d2ad,.php
C:\Users\dinht\Documents\RandomForest\test_file_benign_only\AccountTreeRequestAccountSettings.php,31/07/2025,ae9530ecc8fa67a12b74175ecf5e21d4,138c14cb1823134e8ece2fd1e8e9bb2b4515ee40,.php
C:\Users\dinht\Documents\RandomForest\test_file_benign_only\AccountTreeResponse.php,31/07/2025,28e563b50a1fb071300132b971f46519,cfd1562b0d46398593e0c8d8a50e3153874a7ee0,.php
C:\Users\dinht\Documents\RandomForest\test_file_benign_only\AccountTreeResponseAccountSettings.php,31/07/2025,a1086fcca003d62c746c85cb94f82a58,11cc26a2db0358feed154a2e6df1844f9dd01aee,.php
C:\Users\dinht\Documents\RandomForest\test_file_benign_only\AccountUser.php,31/07/2025,0427c29fa49f75af384ae8ce6942e74c,4ae7504dd4d9c4865ed7c3a268a489d85b1c9d7e,.php
C:\Users\dinht\Documents\RandomForest\test_file_benign_only\AccountUserProfile.php,31/07/2025,562a9ce83fffee03da996d9a9c56a86d,d47e6cb2989825f7f20aacd0c638e8a8848f50d6,.php
C:\Users\dinht\Documents\RandomForest\test_file_benign_only\AccountUserProfiles.php,31/07/2025,56571caaadd2ea578d51229e8ef762c2,0b23d582d38d944212619717a95dbaa18ec31871,.php
C:\Users\dinht\Documents\RandomForest\test_file_benign_only\AccountUserProfilesListResponse.php,31/07/2025,23a225c5a069a88117a2d7dc57b09b01,3350cf55c2b2825929c72c3521f0f41ed65e7768,.php
C:\Users\dinht\Documents\RandomForest\test_file_benign_only\AccountYouTubeChannelLink.php,31/07/2025,b15e3d73714f316b69fa85cea2437a22,0151fc320cbd87e8c74f7eb25d25720bb5f81954,.php
C:\Users\dinht\Documents\RandomForest\test_file_benign_only\Account_1.php,31/07/2025,d0bc6b9807602751bc424bc582702d80,18f5a150b48d07c4b52148a85c9b22ddf7bcdc5b,.php
C:\Users\dinht\Documents\RandomForest\test_file_benign_only\Account_10.php,31/07/2025,9733599c68824eee23d3277e540ad684,c4520f1438fd578346c5d31052c1ea7fa9942ac6,.php
C:\Users\dinht\Documents\RandomForest\test_file_benign_only\Account_11.php,31/07/2025,77132aa4446956a5b9c867921f39b7cd,50e7cd7fccf6ba5dc64cfadb98f3a9a408617af7,.php
C:\Users\dinht\Documents\RandomForest\test_file_benign_only\account_12.php,31/07/2025,eff9de16c27b05b0fa64bf55f5753d48,782ad473b1e257b6839dd0d81de533914d90a6ae,.php
C:\Users\dinht\Documents\RandomForest\test_file_benign_only\account_13.php,31/07/2025,22d460691673449c15e59f76680882ec,72dd936445740a6ec7232f4b1a372042cb81e9b9,.php
C:\Users\dinht\Documents\RandomForest\test_file_benign_only\Account_2.php,31/07/2025,f40694e4d1d2d4fba3b9816602a6711d,71ce6bd94ad7fa6f522679ab399f056b5b8e6ffb,.php
C:\Users\dinht\Documents\RandomForest\test_file_benign_only\Account_3.php,31/07/2025,89c5a5b7af69bfdff1488e401477215c,9b86ffde414d42a23fa3ca6684ad760b80ef8e7b,.php
C:\Users\dinht\Documents\RandomForest\test_file_benign_only\Account_4.php,31/07/2025,ecc695b27080337bf4dc1157db5dd877,0a5d10ffb6bc0fa282aabebd55b3b60f582297f7,.php
C:\Users\dinht\Documents\RandomForest\test_file_benign_only\Account_5.php,31/07/2025,9c07f8c9e4e2314be73eacb19284a0b2,a1a693ef2555f7e45a2aea3ce2feacb992a9fd08,.php
C:\Users\dinht\Documents\RandomForest\test_file_benign_only\Account_6.php,31/07/2025,7bf7b1a686c766e21e49e67fb5238fa0,b61c781ac9210342010251431399604fb3d30194,.php
C:\Users\dinht\Documents\RandomForest\test_file_benign_only\Account_7.php,31/07/2025,d87ea6912e3bfcbebaefb24341f6bb6d,26fc8047dc0797d8d2df9b49ab828970755170c1,.php
C:\Users\dinht\Documents\RandomForest\test_file_benign_only\Account_8.php,31/07/2025,8fcdf74cbc83441c9da48135f885e913,abc404176d96561f5c25231f7838d770248ad471,.php
C:\Users\dinht\Documents\RandomForest\test_file_benign_only\Account_9.php,31/07/2025,c2636a685692ff08c6e5652be157f079,5f94e6e3b50764be58fed260a3cca064593f8750,.php
C:\Users\dinht\Documents\RandomForest\test_file_benign_only\AchievementConfiguration.php,31/07/2025,69af43f8cc8669d33adcb5eaad3b9ebe,a71657f2646d1acd8e3045b254ee107070ab6b10,.php
C:\Users\dinht\Documents\RandomForest\test_file_benign_only\AchievementConfigurationDetail.php,31/07/2025,e10997dc59be558343633128750c7177,d5e5057a6fd4e9ed403dffc0c5676f7cca3d4273,.php
C:\Users\dinht\Documents\RandomForest\test_file_benign_only\AchievementConfigurationListResponse.php,31/07/2025,e2fdb111bff9be5031413fb3f54725b7,19fbdde1d6a39a63384e373060c77265bac1089f,.php
C:\Users\dinht\Documents\RandomForest\test_file_benign_only\AchievementConfigurations.php,31/07/2025,b57dfcae2f3054c74c05e5886a9ba927,7277e377f0965252bf505be40d62ef8a2cbc2530,.php
C:\Users\dinht\Documents\RandomForest\test_file_benign_only\AchievementDefinition.php,31/07/2025,9469a241acfe8eff77f9b7a988302b79,424f40dae0a4107af88899858f5c7665375340a2,.php
C:\Users\dinht\Documents\RandomForest\test_file_benign_only\AchievementDefinitions.php,31/07/2025,f506151928084deefd7eeb4436a1c61e,9a5e23dad2a6354bc251c9968e410ffba85abbab,.php
C:\Users\dinht\Documents\RandomForest\test_file_benign_only\AchievementDefinitionsListResponse.php,31/07/2025,c8b2f38206648bccce417814aaa5baf3,70bb5f9f1414c5d216753fbec3e5df3ab96602e6,.php
C:\Users\dinht\Documents\RandomForest\test_file_benign_only\AchievementIncrementResponse.php,31/07/2025,a4385ba0697b7f6d6354282df362b530,cdb92626d3098dc820113a99623e440bcbeb43c4,.php
C:\Users\dinht\Documents\RandomForest\test_file_benign_only\AchievementResetAllResponse.php,31/07/2025,64f472271f0054b447fca0057e12c011,333cf54a30cb002584b0ab54d9e8855b739ace3c,.php
C:\Users\dinht\Documents\RandomForest\test_file_benign_only\AchievementResetMultipleForAllRequest.php,31/07/2025,e652624ffa7185d630f359f5a87eaac9,e28dc9cb0ea077f29bee9a2b618cf3e24c5eb3f9,.php
C:\Users\dinht\Documents\RandomForest\test_file_benign_only\AchievementResetResponse.php,31/07/2025,d7850303fcdeda421d2ec53945fc6e21,b2cb97d4748c221a2da8ff2f3b968ce50a0c0697,.php
C:\Users\dinht\Documents\RandomForest\test_file_benign_only\AchievementRevealResponse.php,31/07/2025,868d827846e3ac9e7015432ca862d81d,404f70c3212879275de1a5622b92e82481131536,.php
C:\Users\dinht\Documents\RandomForest\test_file_benign_only\Achievements.php,31/07/2025,7d2b59492c529bd3058a2d7dbf923dd0,0635934ea8dacb8f56f10db333b35d59e4f08595,.php
C:\Users\dinht\Documents\RandomForest\test_file_benign_only\AchievementSetStepsAtLeastResponse.php,31/07/2025,8d2c4318f7dd487b2ef3a68ad1f1df6c,3753876fa55798b6a8dca260144f2c98b2d21ec5,.php
C:\Users\dinht\Documents\RandomForest\test_file_benign_only\Achievements_1.php,31/07/2025,400a5431f90a3180a80e79ee12db239c,3283b024f1fa9e858ddbf6986e006d7731b260a1,.php
C:\Users\dinht\Documents\RandomForest\test_file_benign_only\AchievementUnlockResponse.php,31/07/2025,b94bcff3fa3896c219adbe94c508a98b,2f67f847753c37072ee1d5398f6c83c5ce4aa3ab,.php
C:\Users\dinht\Documents\RandomForest\test_file_benign_only\AchievementUpdateMultipleRequest.php,31/07/2025,08a511d7d94b7f522746cf465f1cb1b2,684e8ed2d935ba0a0b4eaf5a3333e02de632adc3,.php
C:\Users\dinht\Documents\RandomForest\test_file_benign_only\AchievementUpdateMultipleResponse.php,31/07/2025,7601e9972b6468ba35e3c5af9cd0bf8d,cafa683ec1dd5f1364c232e47e56bce011ba970a,.php
C:\Users\dinht\Documents\RandomForest\test_file_benign_only\AchievementUpdateRequest.php,31/07/2025,5f8c1356ab4142a33566926e16a303a2,657ab8034e788371a5fb88b107c3759faf46e7a2,.php
C:\Users\dinht\Documents\RandomForest\test_file_benign_only\AchievementUpdateResponse.php,31/07/2025,eb2eecad15ad5f8a3b672b70de51912e,a9f68df56c6d663b8c96a648bde77e053859320a,.php
C:\Users\dinht\Documents\RandomForest\test_file_benign_only\AcknowledgeRequest.php,31/07/2025,9b3fc8bcf55c7627eaa0e2b6bffb6c87,a2cc1669132f6ed55809604941f6c208a97343ae,.php
C:\Users\dinht\Documents\RandomForest\test_file_benign_only\AcknowledgeTaskRequest.php,31/07/2025,e5631eeb59b8b18ac18ecf876f6fe0de,eac3335e7cf2ec030e9d94b110388680f7f19da7,.php
C:\Users\dinht\Documents\RandomForest\test_file_benign_only\acl.group.php,31/07/2025,ee4151d4aed91113bfb83be42aa2aeb0,1db8d063ec30473fe47b4c60bf0fbec8074d2235,.php
C:\Users\dinht\Documents\RandomForest\test_file_benign_only\acl.php,31/07/2025,7e81114c8640cd3390afed5b8bb99065,1387cf2c3dc2e61de8c4687aa9539cf044beab5d,.php
C:\Users\dinht\Documents\RandomForest\test_file_benign_only\AclEntry.php,31/07/2025,ff138864894c8c55b8d002667eb619fe,6f6dc5e845cfe7ed90b1a834fc028c283ff6b52d,.php
C:\Users\dinht\Documents\RandomForest\test_file_benign_only\AclRule.php,31/07/2025,65bdc5496b36a705bdab16ca35986cde,4e5e07b99e9f0cc6b8e4bf528e369c9e70977e23,.php
C:\Users\dinht\Documents\RandomForest\test_file_benign_only\AclRuleScope.php,31/07/2025,678ec32e2b40ed174d44cda38b774eeb,a6693491da5774706426da6249541e41e917d6f9,.php
C:\Users\dinht\Documents\RandomForest\test_file_benign_only\AclTest.php,31/07/2025,b73aaf9321b211db15b76d04375f17b4,f5c01e8bb7497ea915bae3501576e7f0c9995cb5,.php
C:\Users\dinht\Documents\RandomForest\test_file_benign_only\AclTest_1.php,31/07/2025,b31c89e1bff2f9aa7076bc9bab469d7a,eceda6a642b1fc14f042c754cf71f073fd44d521,.php
C:\Users\dinht\Documents\RandomForest\test_file_benign_only\ACLTrait.php,31/07/2025,42b463711ce6335fe8ce27d47fd6d781,72e4247b92732189a5b79651a8771cb6b174b616,.php
C:\Users\dinht\Documents\RandomForest\test_file_benign_only\acl_1.php,31/07/2025,fc06371a93cd8d8b3bd0ea9f7faad5a9,79d0c7441adc560c879f06d44d9e244a608d609d,.php
C:\Users\dinht\Documents\RandomForest\test_file_benign_only\Acl_10.php,31/07/2025,e3a9e90078cf7ec0856eae9cc6185dc3,5475d7a53b39648f8e9d18c1ea22b2879cc1402c,.php
C:\Users\dinht\Documents\RandomForest\test_file_benign_only\Acl_11.php,31/07/2025,94e3a79e9c85d45c1335cf19a02d0ddd,ef934fefd4b53849e1f8198870bbe83973b6e6c3,.php
C:\Users\dinht\Documents\RandomForest\test_file_benign_only\acl_12.php,31/07/2025,ebd32f7e0cbaa838990dd15cb1272594,0a651595ba46d43f3ab324b58b142513b54d8cec,.php
C:\Users\dinht\Documents\RandomForest\test_file_benign_only\Acl_13.php,31/07/2025,e483ca2fd6294fd3ae93352b8ae7fa2d,00021eebe4028992b8e9ced2edd02f3901a24a2d,.php
C:\Users\dinht\Documents\RandomForest\test_file_benign_only\acl_2.php,31/07/2025,295b12c9f3e3688a8aa7a176ae7d648a,ff5e0f2888164134647c287e750772e0be3ba37f,.php
C:\Users\dinht\Documents\RandomForest\test_file_benign_only\acl_3.php,31/07/2025,4d9015afaaab87cfca0d935ce70f35f0,0c625ed3a158d968bdac0243eb8aee4f54cbe64c,.php
C:\Users\dinht\Documents\RandomForest\test_file_benign_only\acl_4.php,31/07/2025,d511e407a6a4f103cdd1a6173fef5b7b,3275cb00d4faae716ca16be4232d0f7bce41fed5,.php
C:\Users\dinht\Documents\RandomForest\test_file_benign_only\acl_5.php,31/07/2025,85a92cfc918f7f9c555e8da411c78179,2026e942a94c5aa39f73e79450c91482c87da7e8,.php
C:\Users\dinht\Documents\RandomForest\test_file_benign_only\acl_6.php,31/07/2025,6ee31b70c09431a1a2d71745495eec68,17e2babeb9ad0e749ed97061a670bb60756cb96e,.php
C:\Users\dinht\Documents\RandomForest\test_file_benign_only\acl_7.php,31/07/2025,f6a5d68543b0dca3dd277e8ede5828b5,682553c41f701a93d38511742bcbe53b2a669510,.php
C:\Users\dinht\Documents\RandomForest\test_file_benign_only\Acl_8.php,31/07/2025,e18de0bb6aad01508512f4df8b3ccd07,f7d7f02e22e96509c237250cc7540a5c24880b84,.php
C:\Users\dinht\Documents\RandomForest\test_file_benign_only\Acl_9.php,31/07/2025,1c80ea56dd03d22caf2106f7e661b49e,458ae037cc126b8e44cbf0c5aba1a6a0020e5ea6,.php
C:\Users\dinht\Documents\RandomForest\test_file_benign_only\action.html.php,31/07/2025,da241094362b83fae437b3e8dcb04ae8,1b05a1ebada4ea98709ddb87a9a113ae9aa305ef,.php
C:\Users\dinht\Documents\RandomForest\test_file_benign_only\Action.php,31/07/2025,8d603b560bf20b48a8dbcf8b25804926,b5d0b047044154f11affd431bf6b064937604e3f,.php
C:\Users\dinht\Documents\RandomForest\test_file_benign_only\ActionArgumentsBundle.php,31/07/2025,0682594ae31b21dfce81d76e4569543d,baac99586dff25a6c09e671a8500749ab74958e7,.php
C:\Users\dinht\Documents\RandomForest\test_file_benign_only\ActionArgumentsController.php,31/07/2025,2bab45fd3185d82610a53862218267c5,ceefbec9c85d75f1cb3e8995be9260d41188a25e,.php
C:\Users\dinht\Documents\RandomForest\test_file_benign_only\ActionColumn.php,31/07/2025,eca1503493c6343a0bb27db3eb9423df,0b2f50ca065c2210355a6fe1e0e3d203173c9122,.php
C:\Users\dinht\Documents\RandomForest\test_file_benign_only\ActionController.php,31/07/2025,b6bb3712c13c444b97a0bff25690c6bb,44f660135b00eb61eec2e20e254179bca16bb1d6,.php
C:\Users\dinht\Documents\RandomForest\test_file_benign_only\ActionCustomSettings.php,31/07/2025,81d123e2d3ca6eb83dfe5f9daec1a6b0,3c5156fef65634e6903b7ab220c8a368f1482070,.php
C:\Users\dinht\Documents\RandomForest\test_file_benign_only\actionlist.inc.php,31/07/2025,5c815dda9cd8bf2bb7315b7a09940206,dfa4f9649923cce4c1d121ecd6fee37731b5f685,.php
C:\Users\dinht\Documents\RandomForest\test_file_benign_only\ActionManifestable.php,31/07/2025,b8f987f185165a3ad9a3fc5896712f58,ff7b5482be053181f85d52657b4320ce66702bed,.php
C:\Users\dinht\Documents\RandomForest\test_file_benign_only\ActionParameter.php,31/07/2025,dec514bc226f4deb1574ae0e7065d9ae,94edb96b2ab9b464a6da05b1f0067c054c9832ab,.php
C:\Users\dinht\Documents\RandomForest\test_file_benign_only\ActionPathController.php,31/07/2025,7c18b639d8c6338b5264527aa87fbe11,ced609adb47ed61f69f696ad41142b28249547d6,.php
C:\Users\dinht\Documents\RandomForest\test_file_benign_only\ActionResponse.php,31/07/2025,caae70078184ad4342fcfd62bf52591d,8a8492995493e6ae4e42262ce8e13b3eda29ba28,.php
C:\Users\dinht\Documents\RandomForest\test_file_benign_only\actions.php,31/07/2025,0ce132e172d8955a5cc0db818238c9b7,0516d8b89d3b272a0678440cc55fcb151b0f358f,.php
C:\Users\dinht\Documents\RandomForest\test_file_benign_only\ActionSpec.php,31/07/2025,959e9e27c3f6bbc8a1ad6f978efa3e57,964a3432842b6718572e9bd61f74a90c4f1c47fa,.php
C:\Users\dinht\Documents\RandomForest\test_file_benign_only\ActionsServiceTest.php,31/07/2025,e5202eafc467d0dda626dd2fe1a47957,930fa951c9bd0d99c79e7a29c54e1611821eba8f,.php
C:\Users\dinht\Documents\RandomForest\test_file_benign_only\ActionSuccessMessageSettings.php,31/07/2025,b27300aef233c5e5fe0d18846721fdec,5b261d950dcb5d1ea9dda1fa59b7585be04f456c,.php
C:\Users\dinht\Documents\RandomForest\test_file_benign_only\actions_1.php,31/07/2025,0cc19d691d4dbc4371112490f2318ee6,211abcef0fa391b4a461fd28499f207a77816739,.php
C:\Users\dinht\Documents\RandomForest\test_file_benign_only\actions_3.php,31/07/2025,e95b53f13f68b6579d3d876afe15140f,3505ab379dc64af35769eaafd056975faf152657,.php
C:\Users\dinht\Documents\RandomForest\test_file_benign_only\Action_1.php,31/07/2025,18e5de521cb5768502d425277c1bd083,8f15fcad868290796e904edb7dd477441c5b220f,.php
C:\Users\dinht\Documents\RandomForest\test_file_benign_only\action_2.php,31/07/2025,2eb1da8919689c40100d16bbb25b902c,1e603dc31e3aaa4d4000fa98edf10a674a073cb9,.php
C:\Users\dinht\Documents\RandomForest\test_file_benign_only\action_3.php,31/07/2025,b1ac59c18c955a1c71db1772f10814fd,7636b1394737a56e4360d1720073a0e075ecb344,.php
C:\Users\dinht\Documents\RandomForest\test_file_benign_only\Action_4.php,31/07/2025,899c541e7d462e94c413e298bf0fb601,3ef54d668fd81bcfd4421e1dbc4d0b2b75132326,.php
C:\Users\dinht\Documents\RandomForest\test_file_benign_only\Action_5.php,31/07/2025,e1b8b756aca0011d94f9fbb2580760ee,f4b972707981f24abe6a07e8c4ed732dd73c77d4,.php
C:\Users\dinht\Documents\RandomForest\test_file_benign_only\action_crawler.php,31/07/2025,ba0c48dd0e2b8e819ee66f5cd7c22185,586d02d1b7ecff84a205ff4ab1041b0db9a7ec0d,.php
C:\Users\dinht\Documents\RandomForest\test_file_benign_only\action_crawler_1.php,31/07/2025,2c89e1efe15e7db498ddda02ead6d6e2,03722c191fa4e0455615f12d826db35f65c99573,.php
C:\Users\dinht\Documents\RandomForest\test_file_benign_only\action_list.php,31/07/2025,131e9c060a4bf940336e670d1fe0d1b6,42cfe9629c870873932a01bd4cd9f710a70c41c3,.php
C:\Users\dinht\Documents\RandomForest\test_file_benign_only\action_list_2.php,31/07/2025,564ab1a51004dbc5b28257b3558c22d0,f56ab28972a57adbe633a0f56a73aaeb2add51ce,.php
C:\Users\dinht\Documents\RandomForest\test_file_benign_only\action_upload.php,31/07/2025,f31b9350b4a21f50f7e5c362e774c512,5789ecb79e820fbe7fdf0955fd9730d714ad8afe,.php
C:\Users\dinht\Documents\RandomForest\test_file_benign_only\activate.html.php,31/07/2025,04cdd284e4d815b382d979c1bb12fbdb,003ecbc8b538b6b0882f272d57f18235e3de8241,.php
C:\Users\dinht\Documents\RandomForest\test_file_benign_only\activate.html_1.php,31/07/2025,1fb3a5b88fd9234536d44d831f433dee,873f18fa677e19a0db9a3d2badd061cf617bd229,.php
C:\Users\dinht\Documents\RandomForest\test_file_benign_only\activate.html_2.php,31/07/2025,d5925a36e296414d091118dbc1198341,8c036c43b0cf031f4d5de756cc1d42200892c4a4,.php
C:\Users\dinht\Documents\RandomForest\test_file_benign_only\activate.html_3.php,31/07/2025,acdf46dce254e262eca15eadd3728f21,3778cb7884674273c763df0a3baf863e6d0f24c4,.php
C:\Users\dinht\Documents\RandomForest\test_file_benign_only\activate.html_4.php,31/07/2025,66ae8475bda5bdc5623a2c8803747ed3,abcf283788c064ae60b790cd29f13c2efad4f3dd,.php
C:\Users\dinht\Documents\RandomForest\test_file_benign_only\activate.html_5.php,31/07/2025,6b743e463d64a20f5abcbe7cf4e7472f,979f2cc220886706ac1869c3ccce6f163f547ea9,.php
C:\Users\dinht\Documents\RandomForest\test_file_benign_only\activate.php,31/07/2025,b360ead8bff21c1dd0c88b923e113379,f06994d41ee74a8d0864f41aef121c2e9b3dc3f7,.php
C:\Users\dinht\Documents\RandomForest\test_file_benign_only\activateSurvey_view.php,31/07/2025,db6232fa153a7c942cef32d6ad89ac51,55d33a801697ea8c8639e76de5c6b4c9eb105535,.php
C:\Users\dinht\Documents\RandomForest\test_file_benign_only\activate_1.php,31/07/2025,031a69b28a71558c9b8989c80e7691ae,5c1cc70f7a6e8059a74fd1514f259f5bbd90875e,.php
C:\Users\dinht\Documents\RandomForest\test_file_benign_only\activate_2.php,31/07/2025,141aa5b940e655330a805ecf2d0a7b79,22625ebb3958af8232f88ece949a10f45aef09cd,.php
C:\Users\dinht\Documents\RandomForest\test_file_benign_only\activate_3.php,31/07/2025,7ad84d0f3bbea983111856b87b3e0a34,45ab990253f901911dcf9e2a1860999ed795af9e,.php
C:\Users\dinht\Documents\RandomForest\test_file_benign_only\activate_4.php,31/07/2025,418617ebe2f5722bfbcba4d3e2234035,202da37ca7dba7caf55a72fd4ebb78cf4c3b3f38,.php
C:\Users\dinht\Documents\RandomForest\test_file_benign_only\activate_9.php,31/07/2025,d7c13df6270923bb247636492d13e451,dd6d5a602417c12b141b0512e2a303be2e69b6e5,.php
C:\Users\dinht\Documents\RandomForest\test_file_benign_only\activate_all.php,31/07/2025,7c441a96bc4b55e4e93937cc20888e93,c19064a6edf3638c75036fd4bc12e9c765bbb723,.php
C:\Users\dinht\Documents\RandomForest\test_file_benign_only\activate_helper.php,31/07/2025,189aead5c686c971ffae4e81d770f4ba,91b4ac59ce1ce690dfed6c2095a83506a390aa39,.php
C:\Users\dinht\Documents\RandomForest\test_file_benign_only\ActivationCheckpoint.php,31/07/2025,9fa7df618fa524452a38990dc50b55dd,88fe02e2d70bc6f6433a89e3034530b70f6982df,.php
C:\Users\dinht\Documents\RandomForest\test_file_benign_only\ActivationLink.php,31/07/2025,90365aeec6349f7345926dcedbbabeb7,f44d337636db9ddc98d780f399361ebae306d46b,.php
C:\Users\dinht\Documents\RandomForest\test_file_benign_only\ActivationLinks.php,31/07/2025,2c1501302afb7b6c692ec749dc745439,fd80267fc28c66d7d6802d73588c6344b7b39d71,.php
C:\Users\dinht\Documents\RandomForest\test_file_benign_only\ActivationLinksCollection.php,31/07/2025,d79e7006707b51fa8cc2546ef68939f3,2bb3c1702879dcb131f11dfb258881dbcede325b,.php
C:\Users\dinht\Documents\RandomForest\test_file_benign_only\ActivationLinksValidateRequest.php,31/07/2025,107c7522794418cc098ab927d6caf6e8,e3d694c1e146c3aae539eda6944dcd694536cc50,.php
C:\Users\dinht\Documents\RandomForest\test_file_benign_only\ActivationLinksValidateResponse.php,31/07/2025,200fa4d0b69d8ffbfb240370edca1c2b,c9d7ebb867592d9b54eb5fb32a8e22295584d588,.php
C:\Users\dinht\Documents\RandomForest\test_file_benign_only\ActivationRepositoryInterface.php,31/07/2025,01af4a2ead5dc08e7cc0cf9e48893132,722785822362c4d75363fea7673600ed32410000,.php
C:\Users\dinht\Documents\RandomForest\test_file_benign_only\ActivationStrategyInterface.php,31/07/2025,6bf84f27f4b7a0016afa63430cf6f8be,61505538d9b75a739380f123d4af7a41cfa6ef60,.php
C:\Users\dinht\Documents\RandomForest\test_file_benign_only\ActivationStrategyInterface_1.php,31/07/2025,87e09424f9437e095915c57aad7f05e0,ee2ec643aa999eb5873e105e4e6972643230bc7f,.php
C:\Users\dinht\Documents\RandomForest\test_file_benign_only\ActiveApi.php,31/07/2025,7500af62d0d13a05c5d151feff0e413d,74c8bd685fa74686183e7b30870c88e3b69c7f27,.php
C:\Users\dinht\Documents\RandomForest\test_file_benign_only\ActiveMember.php,31/07/2025,19b469c47f5fb0455c6b084ec562ad29,f172d8f7e2e1bc4d12ac0b5cc200a1a16cfa894a,.php
C:\Users\dinht\Documents\RandomForest\test_file_benign_only\ActivePromotionsByChannelProvider.php,31/07/2025,b906958307e911e0a0a4c8ea3e09fb7e,9248c5afa1a883aea871c4cdc7503b982768da28,.php
C:\Users\dinht\Documents\RandomForest\test_file_benign_only\ActiveRecord.php,31/07/2025,a7e6084d4822ddb8a799ea999822746a,26be1e58e18d7586a35053849e6141c3334da786,.php
C:\Users\dinht\Documents\RandomForest\test_file_benign_only\ActiveRecordSpecialEvent.php,31/07/2025,59b8f717d86aa56d24a56d37c7863b79,f64da6c03ad3d9c5dbe2539ef3f3b10c5fde42a9,.php
C:\Users\dinht\Documents\RandomForest\test_file_benign_only\ActiveResource.php,31/07/2025,3f1ee16efd5ecd601942b5f18e06f85f,f74ad91efbe8a607baf3f28af11976ce383e9cf8,.php
C:\Users\dinht\Documents\RandomForest\test_file_benign_only\ActiveResourceTest.php,31/07/2025,785db8be2011bf9f3618b401296b636a,416635f083e4d7f9934a1683b36f9fab910d43d8,.php
C:\Users\dinht\Documents\RandomForest\test_file_benign_only\ActiveResource_1.php,31/07/2025,029dd57449cc6ecb008ba6d927e0857a,414a5d078bd8a5bf454f73c20acd4dfbb15e5aef,.php
C:\Users\dinht\Documents\RandomForest\test_file_benign_only\active_html_view.php,31/07/2025,15c88f9b2c36302bfbcaee5835d4a03b,dae9aa5fc22c29dcd34aac3a69abd3b89940807a,.php
C:\Users\dinht\Documents\RandomForest\test_file_benign_only\Activities.php,31/07/2025,796ccac2df31688608bfaeb38482759e,dab90ec2066db15d5580e04b0bbbc201060c88e6,.php
C:\Users\dinht\Documents\RandomForest\test_file_benign_only\Activities_1.php,31/07/2025,c2528bf97255e6fa1cc255a0cded9523,58b75ad066c8f83f4fde7a032a64d9f32b409655,.php
C:\Users\dinht\Documents\RandomForest\test_file_benign_only\Activities_2.php,31/07/2025,4b590eaf2c9d12dba3f39b85408c5bd4,85c554287f1c471a8d99ee8a6a3a47b468869f47,.php
C:\Users\dinht\Documents\RandomForest\test_file_benign_only\Activities_3.php,31/07/2025,8b9692f7ea1342ac6d8f6e82a09fe59e,00cdeb9ba876eaaae23b9ea16717e2765bad11be,.php
C:\Users\dinht\Documents\RandomForest\test_file_benign_only\Activities_4.php,31/07/2025,e507198de9280846fb13318ebf886aab,6bd62814fba38efa568419b89898e965069b9122,.php
C:\Users\dinht\Documents\RandomForest\test_file_benign_only\Activities_5.php,31/07/2025,47c537c5146073de28cf66e3ffe1a189,bcfe17df7479b27685ae46988416f0e222e5c357,.php
C:\Users\dinht\Documents\RandomForest\test_file_benign_only\Activities_6.php,31/07/2025,dacd3e51f2ea9efb328c2c9b8d6c3d8d,bb264e482c401c54fcf668387b01a71d21190653,.php
C:\Users\dinht\Documents\RandomForest\test_file_benign_only\activity.lang.php,31/07/2025,57f5c71ad9535d3058ded25bab8c2977,3739f0b25af7916121302dae8015b13760314a03,.php
C:\Users\dinht\Documents\RandomForest\test_file_benign_only\activity.lang_1.php,31/07/2025,f0e57761cef65d17089ff279d9db8f5e,b3e99be393cd654ae113e1a52772f6ef38f96757,.php
C:\Users\dinht\Documents\RandomForest\test_file_benign_only\Activity.php,31/07/2025,a0603313d293dbeb640cf39713f61b69,91ac5b1f4579c96fc0c9649c83a6952bb28b4257,.php
C:\Users\dinht\Documents\RandomForest\test_file_benign_only\ActivityActor.php,31/07/2025,6f60dfa71b715951f4d68e91fac47ec1,a0b19de8d49fd81cbd7fb7a672aca02559c1051b,.php
C:\Users\dinht\Documents\RandomForest\test_file_benign_only\ActivityActorClientSpecificActorInfo.php,31/07/2025,c76430925e5238d9f1cbaad6d1ed72ed,27694792d0971ba1c94864d9b51bfccbcc79e0b2,.php
C:\Users\dinht\Documents\RandomForest\test_file_benign_only\ActivityActorClientSpecificActorInfoYoutubeActorInfo.php,31/07/2025,015eda0d032dcaf60832e94221de5ebd,1cda1679505383c5513218ff79ac33a416c7cf15,.php
C:\Users\dinht\Documents\RandomForest\test_file_benign_only\ActivityActorClientSpecificActorInfoYoutubeActorInfo_1.php,31/07/2025,ef3ab77d217b6ca52c001efbb3c23d17,644347f541d332749d57d2afc3b1921f5816da64,.php
C:\Users\dinht\Documents\RandomForest\test_file_benign_only\ActivityActorClientSpecificActorInfo_1.php,31/07/2025,bbdcb5147b0e0d9b009f005ac03fa43f,92ab5df2db0bcbb1b0e6fb185ee3453c87733aca,.php
C:\Users\dinht\Documents\RandomForest\test_file_benign_only\ActivityActorImage.php,31/07/2025,2f01906c4c06116fd91453ec68b51d78,dc7fc42fe85e11e2515bc01a32ba73cb633207af,.php
C:\Users\dinht\Documents\RandomForest\test_file_benign_only\ActivityActorImage_1.php,31/07/2025,65a92d08a4239041f2122c1a30e2d5b8,7c6767fb3216904eeba0d0e7834ea8555430e0f9,.php
C:\Users\dinht\Documents\RandomForest\test_file_benign_only\ActivityActorName.php,31/07/2025,040d64551f8a1cb21f0a585696958414,c0229f3f3f9b5b432f6fd1f31a40175f1f2613b5,.php
C:\Users\dinht\Documents\RandomForest\test_file_benign_only\ActivityActorName_1.php,31/07/2025,8b540590805c8f038999e8bcf0f0f4e5,3aff5360356e1fc222a7426c7b8f6103f68da12a,.php
C:\Users\dinht\Documents\RandomForest\test_file_benign_only\ActivityActorVerification.php,31/07/2025,2def6060cc8141b21a0b21115dbc439b,2f7a47830469b313d1bf7314fc5c5d93ef5e4085,.php
C:\Users\dinht\Documents\RandomForest\test_file_benign_only\ActivityActorVerification_1.php,31/07/2025,eb1d063c18471d024dbb152ef7f06383,f8ce528455ba95858f691cfacdced0f051e473ab,.php
C:\Users\dinht\Documents\RandomForest\test_file_benign_only\ActivityActor_1.php,31/07/2025,c9e247f07548264e93406b6f1cdb29a0,011faeb0678552b9f7c04a2039f8b0f8ce403bc7,.php
C:\Users\dinht\Documents\RandomForest\test_file_benign_only\ActivityActor_2.php,31/07/2025,45ce5b6b6684d19b1e2c51ad5db1863a,39f0000525df5f20639dc49014440c4a2fe2415f,.php
C:\Users\dinht\Documents\RandomForest\test_file_benign_only\ActivityAsset.php,31/07/2025,4e4c9150c3a5be2a901517e6640fb420,98863b82e8b044af77fb47e114fcf2692c46b45a,.php
C:\Users\dinht\Documents\RandomForest\test_file_benign_only\ActivityContentDetails.php,31/07/2025,b85f373df32a94bce5fa0e916ceb4c6a,edf1a1fbb19caf8ff23fbc346d36e4b890563c5e,.php
C:\Users\dinht\Documents\RandomForest\test_file_benign_only\ActivityContentDetailsBulletin.php,31/07/2025,29d7385f5014b288804877ce5a799276,aaceba6be1df906a15d6b9e17c4a41e2ce7e4410,.php
C:\Users\dinht\Documents\RandomForest\test_file_benign_only\ActivityContentDetailsChannelItem.php,31/07/2025,5be9a71daa17e6451aed66675a35b6b3,2bf2237c2005f76351374f2e197e17ecf5d1c615,.php
C:\Users\dinht\Documents\RandomForest\test_file_benign_only\ActivityContentDetailsComment.php,31/07/2025,67d73247a8ff18d659416b9b3d6de8f8,c30da6b40cb7cea66cec95fd0cca90522959464e,.php
C:\Users\dinht\Documents\RandomForest\test_file_benign_only\ActivityContentDetailsFavorite.php,31/07/2025,ed7883aafd9079fb22630dce8056b6da,f462f8416e5943e27adad10e808a3c694662a8eb,.php
C:\Users\dinht\Documents\RandomForest\test_file_benign_only\ActivityContentDetailsLike.php,31/07/2025,8d4ded64a9efda81c4f939a149f098ab,6a44b9cb9462b9a9513cd1544cf89139ae1502ba,.php
C:\Users\dinht\Documents\RandomForest\test_file_benign_only\ActivityContentDetailsPlaylistItem.php,31/07/2025,7eefcccbc5dd9ed1c9a7601ab4997338,9b902099ba49db40b8d9cd9c905a0b9bfed59033,.php
C:\Users\dinht\Documents\RandomForest\test_file_benign_only\ActivityContentDetailsPromotedItem.php,31/07/2025,b620b1c93b72a2648d5f43e8f945d8d1,fa75baf6145a1bce1bbac54ef43ca52045b3191f,.php
C:\Users\dinht\Documents\RandomForest\test_file_benign_only\ActivityContentDetailsRecommendation.php,31/07/2025,70489e08b80c648d8a01a84efec1d6be,9ce395770d208d4d10b0c4df3b1d9d1c099d1da5,.php
C:\Users\dinht\Documents\RandomForest\test_file_benign_only\ActivityContentDetailsSocial.php,31/07/2025,579be56eaeabc796a110d35a8c574406,9641ca74ac85e779254424c9d1225421e79b719e,.php
C:\Users\dinht\Documents\RandomForest\test_file_benign_only\ActivityContentDetailsSubscription.php,31/07/2025,7cf445b5fa266a58f8cb104f4cb03efe,f4880a1fe33ce4562f38d73a3cd34bfe29f603a2,.php
C:\Users\dinht\Documents\RandomForest\test_file_benign_only\ActivityContentDetailsUpload.php,31/07/2025,ee932d4ff0fbddc6a1a9912523fdfa01,80c1bd2fb10fd43bba24acfcb52b40e49b45cd91,.php
C:\Users\dinht\Documents\RandomForest\test_file_benign_only\Activitydetail.php,31/07/2025,8c64e7a9e26b460474fd06db8b28b843,38cd54e4d3b5a83605d9f93ec8a6ab60a603d30f,.php
C:\Users\dinht\Documents\RandomForest\test_file_benign_only\ActivityEvents.php,31/07/2025,cc94e890e29f38391b5731ce2f82bb82,6be92e14f46aff10901823d15f61eefea6831e13,.php
C:\Users\dinht\Documents\RandomForest\test_file_benign_only\ActivityEventsParameters.php,31/07/2025,f62ea37ffe70201e72f64a998b87dfc3,6110214ccc4d9f37b13de2607548ab05fd150554,.php
C:\Users\dinht\Documents\RandomForest\test_file_benign_only\ActivityFeed.php,31/07/2025,6fb46dda64979bfc7a6c6d11a0e5aad0,25420226b244e29c59c3df015cacde0dea767064,.php
C:\Users\dinht\Documents\RandomForest\test_file_benign_only\ActivityFeed_1.php,31/07/2025,4fa815237f05ba841647b03c088c8912,24347b632f331d2974c6fd9d80e38af32dfdf7ff,.php
C:\Users\dinht\Documents\RandomForest\test_file_benign_only\ActivityId.php,31/07/2025,f89e39a11d9ab8e3aa4617929d44101c,9b58cf7ad2499da7006bbc2987e6763274430027,.php
C:\Users\dinht\Documents\RandomForest\test_file_benign_only\ActivityListResponse.php,31/07/2025,8bb9931be98c4ce02b53f250a3159ece,77b98ccba109087559e14dc451a5f6807c248977,.php
C:\Users\dinht\Documents\RandomForest\test_file_benign_only\ActivityObject.php,31/07/2025,9916d9c8f88096cbe1f9354967e7b669,f78c00247b0bf00173694165a5da8f4aaa0a7b31,.php
C:\Users\dinht\Documents\RandomForest\test_file_benign_only\ActivityObjectActor.php,31/07/2025,f22bb66f940996290bf4451df6224eef,ba4da2aa9a83fddbadc0bb18e945fe13a3d17ac8,.php
C:\Users\dinht\Documents\RandomForest\test_file_benign_only\ActivityObjectActorClientSpecificActorInfo.php,31/07/2025,56bc277a5384f013f555d74f70023e56,3b01ceed8bdf984f2b1615bc9fa1d159b1f152b3,.php
C:\Users\dinht\Documents\RandomForest\test_file_benign_only\ActivityObjectActorClientSpecificActorInfoYoutubeActorInfo.php,31/07/2025,13833ad586c14bb84ac26ad48e8b1ab2,e941feb1d53dbf9e6c297a7f1473ba92c6a3e0ee,.php
C:\Users\dinht\Documents\RandomForest\test_file_benign_only\ActivityObjectActorClientSpecificActorInfoYoutubeActorInfo_1.php,31/07/2025,4bc217d89250b19a8576a19b201f8d65,57c074a7f2792985e8b076aa8227448d5cecc978,.php
C:\Users\dinht\Documents\RandomForest\test_file_benign_only\ActivityObjectActorClientSpecificActorInfo_1.php,31/07/2025,c550f06448e0054fbabb63758918b1a0,23df4370eaebf2b49d99780e56e69f643e7a37f3,.php
C:\Users\dinht\Documents\RandomForest\test_file_benign_only\ActivityObjectActorImage.php,31/07/2025,72ef889a894a1b452e823eec1b63c954,8e77783e59ce2e73d4c4814c102fa79c5fe4f93c,.php
C:\Users\dinht\Documents\RandomForest\test_file_benign_only\ActivityObjectActorImage_1.php,31/07/2025,43801d1e67c49620f8ecd284f4266fcf,18300ba0bee0b843050236d375829bfde15b0d10,.php
C:\Users\dinht\Documents\RandomForest\test_file_benign_only\ActivityObjectActorVerification.php,31/07/2025,7514dd3f6c414f3d8dfbddcfbba557a0,689e4602ebe504dbe74ed880412a9eb38ffb1fe4,.php
C:\Users\dinht\Documents\RandomForest\test_file_benign_only\ActivityObjectActorVerification_1.php,31/07/2025,e72bbc952f5835264dba41c15f33f5fc,60fd29bdc57e6f484c582bfe40365b38f9a15dcf,.php
C:\Users\dinht\Documents\RandomForest\test_file_benign_only\ActivityObjectActor_1.php,31/07/2025,9d6746c38bb39296f789384815c5c84a,93ffb23a397494fd0eeab27428bca9570152c2c0,.php
C:\Users\dinht\Documents\RandomForest\test_file_benign_only\ActivityObjectAttachments.php,31/07/2025,c2d262bd61bd79a765215b412f1f25ee,4c03a5bffeefb766692826c1c9f1a666f2dc000c,.php
C:\Users\dinht\Documents\RandomForest\test_file_benign_only\ActivityObjectAttachmentsEmbed.php,31/07/2025,264d90edae773eaa69974adebce7809f,48040b4b116f9434fab6f60cd2a1a1728de29e2a,.php
C:\Users\dinht\Documents\RandomForest\test_file_benign_only\ActivityObjectAttachmentsEmbed_1.php,31/07/2025,a27eb6267a34a4b37b2cf63d8fb3c1fd,ce244d57198bc2e936f4dc9903156a7b3abae827,.php
C:\Users\dinht\Documents\RandomForest\test_file_benign_only\ActivityObjectAttachmentsFullImage.php,31/07/2025,0b3cf52b9b3883ff798ae0224e2e9372,44139cc21c139e9c611a9fbb7c80065de2660b0a,.php
C:\Users\dinht\Documents\RandomForest\test_file_benign_only\ActivityObjectAttachmentsFullImage_1.php,31/07/2025,0e5f82e8d4edd294663b4140708cc980,b4f9a36553d015a6922768154dd0373aed17ace1,.php
C:\Users\dinht\Documents\RandomForest\test_file_benign_only\ActivityObjectAttachmentsImage.php,31/07/2025,fcc93679f324379d54803cf3071a3235,32ded8f3c86e3dd8a1c172c42eddcce738f2d42d,.php
C:\Users\dinht\Documents\RandomForest\test_file_benign_only\ActivityObjectAttachmentsImage_1.php,31/07/2025,51dc8b8b9f5684b0fddaed0b9688790e,311d47e754ff3ddcd2b7b7631b5449cc36be4251,.php
C:\Users\dinht\Documents\RandomForest\test_file_benign_only\ActivityObjectAttachmentsPreviewThumbnails.php,31/07/2025,7ac8d8253b8c875d97a83718c0fe20c5,30f170fd741d66c0f7897cf1a971ca478695e93d,.php
C:\Users\dinht\Documents\RandomForest\test_file_benign_only\ActivityObjectAttachmentsThumbnails.php,31/07/2025,0006402161c95ef1c8a032dfab1bc927,687a3aed88961e5b9ccf16f72860348d713d99e0,.php
C:\Users\dinht\Documents\RandomForest\test_file_benign_only\ActivityObjectAttachmentsThumbnailsImage.php,31/07/2025,20eea6529831f856830c908798680bef,e136d0e481cd01fda76dbd655375c0505c5616a8,.php
C:\Users\dinht\Documents\RandomForest\test_file_benign_only\ActivityObjectAttachmentsThumbnailsImage_1.php,31/07/2025,1e444225b1a77a65aa5a3b5e5d5e62a1,4d51b6c0b572d135cf7a041a0b0c617257329d73,.php
C:\Users\dinht\Documents\RandomForest\test_file_benign_only\ActivityObjectAttachmentsThumbnails_1.php,31/07/2025,866b4404f024a9e13a772b21858bfe46,cf15a548c851126b3dd95d42d08ed9a8c97c5b05,.php
C:\Users\dinht\Documents\RandomForest\test_file_benign_only\ActivityObjectAttachments_1.php,31/07/2025,1ad587a2504c40e35de1936ca18474e4,663f3877fc9333129180c9f36061faed55a5ad84,.php
C:\Users\dinht\Documents\RandomForest\test_file_benign_only\ActivityObjectPlusoners.php,31/07/2025,d73d531a9a0051819bee5d7b6f4eadfc,127c54d2f5b237647da9881069c71ba07338949e,.php
C:\Users\dinht\Documents\RandomForest\test_file_benign_only\ActivityObjectPlusoners_1.php,31/07/2025,fe661af61c14a1ad36395ff5f017c2d2,060fecc04702bbe6c22f739649fa5be732bde0a7,.php
C:\Users\dinht\Documents\RandomForest\test_file_benign_only\ActivityObjectReplies.php,31/07/2025,644a21a84c7569e5aa0912ba15d69dbe,4acf35a4021f67602a0d9d5fc8ad1854fa149e67,.php
C:\Users\dinht\Documents\RandomForest\test_file_benign_only\ActivityObjectReplies_1.php,31/07/2025,6d91f3545e97be98cd78cd9e49486ccc,2390bec5401546b8fa11c2a02a692bba39ce4c1c,.php
C:\Users\dinht\Documents\RandomForest\test_file_benign_only\ActivityObjectResharers.php,31/07/2025,18ed65f24b35dbf8a5cf5e011c1a928f,9b1ac20fc46de142f8bc481b70e0fad406f8157a,.php
C:\Users\dinht\Documents\RandomForest\test_file_benign_only\ActivityObjectResharers_1.php,31/07/2025,6bd64e331b5d44e4d2c7ea7174f7c633,a94fa19d78546f49d5b886de37e081dab0f5a10f,.php
C:\Users\dinht\Documents\RandomForest\test_file_benign_only\ActivityObjectStatusForViewer.php,31/07/2025,424bdf771cc7bf09acfd77024f20f76e,f40f827bab9f3a774cd721e2d7fa3235ec68077b,.php
C:\Users\dinht\Documents\RandomForest\test_file_benign_only\ActivityObject_1.php,31/07/2025,4bb9f5c8165878820e6cc8ce493818d6,b80395b492943e76a8a369faf78c68eb42d16dd6,.php
C:\Users\dinht\Documents\RandomForest\test_file_benign_only\ActivityProvider.php,31/07/2025,b1f1168da643e9f556a2ba8b2b3f68d3,64c4c14f25863440c0a8007122433e8a2c055c2f,.php
C:\Users\dinht\Documents\RandomForest\test_file_benign_only\ActivityProvider_1.php,31/07/2025,6d3f18e2aa92614cd05e9a66092c9d46,b35bb004ff90194e7dd887e987debb85d6506321,.php
C:\Users\dinht\Documents\RandomForest\test_file_benign_only\ActivitySnippet.php,31/07/2025,2439e9825875ece1989e8330ab461d6e,62f29075349b8e85dc9588f1d7cf8a22163911bd,.php
C:\Users\dinht\Documents\RandomForest\test_file_benign_only\Activity_1.php,31/07/2025,18f988831bcc8212a996ceb0eec44951,a8f5dbbfbc3f4a3145f1646dcdde9f342d356b20,.php
C:\Users\dinht\Documents\RandomForest\test_file_benign_only\activity_10.php,31/07/2025,086203c90f5ebec3ba8244af1e0afb6f,e8d0b322f8944ad0d0e6b66abf1de1b353a1cce7,.php
C:\Users\dinht\Documents\RandomForest\test_file_benign_only\Activity_2.php,31/07/2025,23d9a1d7dd45d2cbfff832df996345c9,664d45494bd7ee2a375ad39547e9261aab2ede2a,.php
C:\Users\dinht\Documents\RandomForest\test_file_benign_only\Activity_3.php,31/07/2025,fa3841887fd9d864db4959cda60ca180,571d4db99da0798e44e01e6400782e7d4d675b08,.php
C:\Users\dinht\Documents\RandomForest\test_file_benign_only\Activity_4.php,31/07/2025,d873f8c2a9ccfec048a4f7883ed93994,c67a8baf42801537e30fc10a918bf7b7117ea784,.php
C:\Users\dinht\Documents\RandomForest\test_file_benign_only\Activity_5.php,31/07/2025,c6175f9203dfe37775478bbf308180ef,ce273f418d55221295c11634833126024a5ea593,.php
C:\Users\dinht\Documents\RandomForest\test_file_benign_only\Activity_6.php,31/07/2025,181dce413e5c17184fb4bb2e87d7fcf0,619497c84979a7f398c29c5c20357e3ac1a04ab9,.php
C:\Users\dinht\Documents\RandomForest\test_file_benign_only\Activity_7.php,31/07/2025,0bdef4e81b4ca9dde1d083524d7d8fef,09f45ba4443176435cf3a2b65b8802bd75b31568,.php
C:\Users\dinht\Documents\RandomForest\test_file_benign_only\Activity_8.php,31/07/2025,f83111956f31cc8b9f125a79ccf39398,3ca1f3c7a9d64e18eb0731e3b6f0e44fb4da9631,.php
C:\Users\dinht\Documents\RandomForest\test_file_benign_only\activity_module.php,31/07/2025,98aac8a934badcc3e9aca0f42361a706,c7e25c067d9c8bbdab485f25e72d7db0c1ad96ec,.php
C:\Users\dinht\Documents\RandomForest\test_file_benign_only\actor_follower_add.php,31/07/2025,32d28f8ec6998f5054c7924c628b566c,5b66edd4f3a50f84c423a3f2f0aef2736e4bfe66,.php
C:\Users\dinht\Documents\RandomForest\test_file_benign_only\ad.cache.php,31/07/2025,c4c6a950bf93d78f02b3bc9e52ee56dd,55528a537b72bb0db96c883daca7826ac4b144ed,.php
C:\Users\dinht\Documents\RandomForest\test_file_benign_only\ad.hook.php,31/07/2025,5d285ebaea5fd1fa581ff550564437bd,d973f55199a1740b539e76e3969f9d232f804b84,.php
C:\Users\dinht\Documents\RandomForest\test_file_benign_only\Ad.php,31/07/2025,7beba8c7af3dcb66024cbb41896f8419,6460de389a658b397510577acefd89965ab9472e,.php
C:\Users\dinht\Documents\RandomForest\test_file_benign_only\AdaptableTest.php,31/07/2025,a9adf025a62098e79ac2164401cb2718,8694728861a3f3b5a0ad6a4d0899a27fdb12c73e,.php
C:\Users\dinht\Documents\RandomForest\test_file_benign_only\Adapter.php,31/07/2025,942fccddd1d3f888cc9cb73f00f681ca,9025d77d94fd8a186e8cce44783646518a149883,.php
C:\Users\dinht\Documents\RandomForest\test_file_benign_only\AdapterAbstract.php,31/07/2025,154c8b81ceac46d93687c67cb48bd2f2,9fa07fa743b55e0e7c88ba4293d1203408c527fe,.php
C:\Users\dinht\Documents\RandomForest\test_file_benign_only\AdapterInterface.php,31/07/2025,ed57172f063ebea9f09106ded20e4b37,265c8b04600535410ef8d4685fda960220f8395b,.php
C:\Users\dinht\Documents\RandomForest\test_file_benign_only\AdapterInterface_1.php,31/07/2025,a1b1025acf76db33295d8369e89b08a7,93428ee6374050267eba4f808dfa46500f9bcb83,.php
C:\Users\dinht\Documents\RandomForest\test_file_benign_only\AdapterInterface_2.php,31/07/2025,f0a77c9f7c93f5f9da88ee6ab28cac94,71cc5578087843467a1c983f87fbd069339817dd,.php
C:\Users\dinht\Documents\RandomForest\test_file_benign_only\Adapter_1.php,31/07/2025,7ca8b1f1cf2d4690ea802b358b3447f2,59ba7342328103044de6875c728a2d6c190bcaa2,.php
C:\Users\dinht\Documents\RandomForest\test_file_benign_only\adapter_2.php,31/07/2025,63dd42972caae98a0cb383d1a1e1cf80,51966fc04c7be5fcaaba3a0fb3b053abd529d19f,.php
C:\Users\dinht\Documents\RandomForest\test_file_benign_only\AdBlockingConfiguration.php,31/07/2025,92cf1d01cb62187fd00fabe490ecfc3c,9646628d74b91a7019be1bf1cdb6fd2c285a809d,.php
C:\Users\dinht\Documents\RandomForest\test_file_benign_only\AdClient.php,31/07/2025,0191f60780b0436b0b7be5bb889fea26,a5b0bea0f78051c78bae70b08055c23ca35d48cb,.php
C:\Users\dinht\Documents\RandomForest\test_file_benign_only\AdClients.php,31/07/2025,0fb5101ebdea40ede26501a65b7c3420,4f10d19def6fb4a09a8f0d092df37a8d9eaa8656,.php
C:\Users\dinht\Documents\RandomForest\test_file_benign_only\AdClients_1.php,31/07/2025,ae6a6f8e6231cb273f039070fe70b7db,70c2b288bad19e34436d7f561824ebca5bbf62c8,.php
C:\Users\dinht\Documents\RandomForest\test_file_benign_only\Adclients_2.php,31/07/2025,04f122562fd4b11cbff94974317532b1,ba5bb15760a14e124f38bed90de1beda6aa0aff6,.php
C:\Users\dinht\Documents\RandomForest\test_file_benign_only\AdClients_3.php,31/07/2025,138aa174397450ecdc7ecc571e6e1054,ccfa13e53d6c7831ba21a7538f0354adebc8828f,.php
C:\Users\dinht\Documents\RandomForest\test_file_benign_only\Adclients_4.php,31/07/2025,fb17b99b33b2c9e912af6a18d89f4186,6c1560cf72d207a65645cbe36596155c87174d58,.php
C:\Users\dinht\Documents\RandomForest\test_file_benign_only\AdClient_1.php,31/07/2025,600f04c64cd0dcf95ee872f36c911952,a0a29709b0ea4a108ac3b103f840e645808cda6e,.php
C:\Users\dinht\Documents\RandomForest\test_file_benign_only\AdClient_2.php,31/07/2025,874e99a76b82681eb2604e35f7ebe037,75e00f65a474b9ceabb4e8c9615b50a0376e122c,.php
C:\Users\dinht\Documents\RandomForest\test_file_benign_only\AdCode.php,31/07/2025,1dccd5e72dc6e263c83389b600d84e22,fec4ce54b00a4aa492f3498c6d1e07f60417425a,.php
C:\Users\dinht\Documents\RandomForest\test_file_benign_only\AdCode_1.php,31/07/2025,a9cd194090506dfad9ec67074a28532c,9774d3322fa2e703b40338634ab69c3ad99f6c49,.php
C:\Users\dinht\Documents\RandomForest\test_file_benign_only\add.php,31/07/2025,313a6fb19aa83aecfa5e89d26d2765b7,fe6ad5b4fc15a23cabcd2ea151fd7d31f0b3199f,.php
C:\Users\dinht\Documents\RandomForest\test_file_benign_only\AddAnnotatedClassesToCachePass.php,31/07/2025,71ff9bdcf329f0085577781c98cc5eec,c46712e33ea9eb054def8b8c773cb7fb2c4edf86,.php
C:\Users\dinht\Documents\RandomForest\test_file_benign_only\AddAnnotatedClassesToCachePassTest.php,31/07/2025,f79d68fc9e1ec2418af38af1bb91183c,9c7aa38f80c15c7e02498db5b59c884a01ad7eae,.php
C:\Users\dinht\Documents\RandomForest\test_file_benign_only\AddAnnotatedClassesToCachePassTest_1.php,31/07/2025,fde1eeb047c63542bf10ef67b3b38677,bada3bc9f7866e36f33ba7b5261aed37028c145e,.php
C:\Users\dinht\Documents\RandomForest\test_file_benign_only\AddBandingRequest.php,31/07/2025,222e950d3bec6b88a4f96b6cdf80ec66,922ba7f54c5b7ca2e5ecf24600af8bd0185992c7,.php
C:\Users\dinht\Documents\RandomForest\test_file_benign_only\AddBandingResponse.php,31/07/2025,7a0e7d0217db042ddda0e7b62faa2fda,1256b881e96b3a75a043d69ed9e5a190c3374466,.php
C:\Users\dinht\Documents\RandomForest\test_file_benign_only\AddBlockBlockTypeKey.php,31/07/2025,851dc4631e2143a8c174a4ddc70f77a0,963844b2eed238f71351d88c61e36b53ecebe161,.php
C:\Users\dinht\Documents\RandomForest\test_file_benign_only\AddChartRequest.php,31/07/2025,52ba32bbdd7b0fbf1c72de448bafd9fb,a20c20c13b72cbdd0a24870c1b3cdf04eb0fc607,.php
C:\Users\dinht\Documents\RandomForest\test_file_benign_only\AddChartResponse.php,31/07/2025,e83d96ab4a86b449cefca797513c5ef3,64e0c660bb6b63f247d85ae8c09a599c7f931192,.php
C:\Users\dinht\Documents\RandomForest\test_file_benign_only\AddConditionalFormatRuleRequest.php,31/07/2025,9789902aaa76f691c63b579f1b0ff4ed,a15d9093a851e48a4cf739df5cd7d3771ab50d33,.php
C:\Users\dinht\Documents\RandomForest\test_file_benign_only\AddConsoleCommandPass.php,31/07/2025,a50470baa73122e06062164891df1786,0411717be8a698e3f52b845388586b4001d665df,.php
C:\Users\dinht\Documents\RandomForest\test_file_benign_only\AddConsoleCommandPassTest.php,31/07/2025,7375b05fcc4a2e2e93dd53185cec80cf,41a84e0639365356c8e83017885d8faa8adf1640,.php
C:\Users\dinht\Documents\RandomForest\test_file_benign_only\AddCreditCommandHandler.php,31/07/2025,f8e4282db079b5d05c29a7ce62352a7a,4324bc2d5d2491169fe5623a33a71258b8426d71,.php
C:\Users\dinht\Documents\RandomForest\test_file_benign_only\AddCreditHandler.php,31/07/2025,624e8cd7fb93f81bde2bae045ab23ae9,522481cd1a5d8f5a41b7d73c023a04b65dedca66,.php
C:\Users\dinht\Documents\RandomForest\test_file_benign_only\AddDealAssociationRequest.php,31/07/2025,73be4e01eb6ce98679e18bcd3337fad1,3316d9e7d0f724bbdf67a9d464cd3b8ccf4b10ea,.php
C:\Users\dinht\Documents\RandomForest\test_file_benign_only\AddDimensionGroupRequest.php,31/07/2025,17f40fff69afc96b2416fd894c9840ff,889ca1917ea155b22147b83eb86d6997fe2c528c,.php
C:\Users\dinht\Documents\RandomForest\test_file_benign_only\AddDimensionGroupResponse.php,31/07/2025,c5d00f12be3840a076afbbfe16e801f9,56eea6073344829f6a06b2f7dc45ac4100519b1f,.php
C:\Users\dinht\Documents\RandomForest\test_file_benign_only\AddEnrichmentToAlbumRequest.php,31/07/2025,5fe5aeb52fc80719d0000a72db1d153c,4cbf60f5f76886163daac8f4525049922e1fda82,.php
C:\Users\dinht\Documents\RandomForest\test_file_benign_only\AddEnrichmentToAlbumResponse.php,31/07/2025,6b7d9f2a3b6eed82b9b71905eb5a31be,3d3c0c837fb2f93d7b4f2bb361c40c8da83da907,.php
C:\Users\dinht\Documents\RandomForest\test_file_benign_only\AddExpressionLanguageProvidersPass.php,31/07/2025,9bd0016ea3a7003aa9736430d48c092c,12e3a58be719d66d9360801fa624368a09dc57bd,.php
C:\Users\dinht\Documents\RandomForest\test_file_benign_only\AddFilterViewRequest.php,31/07/2025,08d8f76e818d626b7270ea46ca650a8e,25d3ddc3a836888fcdc43e27f5ccd1791b081e81,.php
C:\Users\dinht\Documents\RandomForest\test_file_benign_only\AddFilterViewResponse.php,31/07/2025,54900fd13685faa0da8bfed685068daf,6a1f2262c80e036c1121d93a8feae05921637a1b,.php
C:\Users\dinht\Documents\RandomForest\test_file_benign_only\addform.php,31/07/2025,a0d9be779f4561ec2985ecfccd73eeb1,ea76b7982a4a9b5dc1beaf904149999654d4b80c,.php
C:\Users\dinht\Documents\RandomForest\test_file_benign_only\addGroup_view.php,31/07/2025,acb925a827219c8a301cc5b2b3c84661,e86b8432a546e48c465b6e7942f48eb12a1d13cc,.php
C:\Users\dinht\Documents\RandomForest\test_file_benign_only\Addition.php,31/07/2025,c0f70acab1140d3c544785029e131f4e,464a3288f40d85b4904db6ed2d6b99027cc24654,.php
C:\Users\dinht\Documents\RandomForest\test_file_benign_only\addlayout.php,31/07/2025,d19e07822c3cae20c7cf84dfd402377d,d8c0ca5c5203ab1a26aaf49ab0c894e32ab698f0,.php
C:\Users\dinht\Documents\RandomForest\test_file_benign_only\AddMatterPermissionsRequest.php,31/07/2025,2ddd0ee3752eba5e582fad9be65ce9ba,db64ab9f43e28a6e217afa4874ab9e1ffb9f4431,.php
C:\Users\dinht\Documents\RandomForest\test_file_benign_only\AddNamedRangeRequest.php,31/07/2025,fea603a64e756a300e34a9e00e8fa067,79ffe4c96b5bbc6c87c136f5b8bc32df6fc21357,.php
C:\Users\dinht\Documents\RandomForest\test_file_benign_only\AddNamedRangeResponse.php,31/07/2025,6d1ac0a245ff2cb359884a7e676eb3d8,ead9d101288a04597cdcd074d2f76ca7dc3ca84d,.php
C:\Users\dinht\Documents\RandomForest\test_file_benign_only\AddonCategory.php,31/07/2025,96ed9c610aefde782bad6c41dd40f2c1,c0fc9934af0d5e3ffea0d9305a994df2b07dee41,.php
C:\Users\dinht\Documents\RandomForest\test_file_benign_only\addons.php,31/07/2025,7c5f144ca498abf74f56662ce5cfeabe,19bfd8f9bc2e95c8f152b7afbda2db528ff7fd52,.php
C:\Users\dinht\Documents\RandomForest\test_file_benign_only\AddonsConfig.php,31/07/2025,af027c12f5feff2eaee7e14567aecaf4,494bcc80c7283c73de3b7faa42a16f545ebe42b9,.php
C:\Users\dinht\Documents\RandomForest\test_file_benign_only\AddOrderDealsRequest.php,31/07/2025,587220d448e7597ccd0ad9d92a18c6c6,81b1d497aea089e9267cabe1fd7d00a5eeccd043,.php
C:\Users\dinht\Documents\RandomForest\test_file_benign_only\AddOrderDealsResponse.php,31/07/2025,eeecbd40f88b3ad6f3308c6e2b8692d7,112dc2f6e4e208332689839fbcca4d5f4ab5aa45,.php
C:\Users\dinht\Documents\RandomForest\test_file_benign_only\AddOrderNotesRequest.php,31/07/2025,d2e5adb18a584a45f4da9d0ff924737c,0b715b59ac5f291e6c8036a1c63d19ca1e6c2aaa,.php
C:\Users\dinht\Documents\RandomForest\test_file_benign_only\AddOrderNotesResponse.php,31/07/2025,38b3d5257d37a2475236b1ed261afd20,33ea46b81b561d111b87b7af140aa192fab8289f,.php
C:\Users\dinht\Documents\RandomForest\test_file_benign_only\addPanelIntegrationParameter_view.php,31/07/2025,ad323638fdc66c4fccbeca5c2ebcb8dd,b59a0ebf44caea85dc484526b0930ae48674675a,.php
C:\Users\dinht\Documents\RandomForest\test_file_benign_only\AddPmCommand.php,31/07/2025,5c3548d8ef383cf4969fba3dc0a8f338,6a9041993dbbfc3fea4e044b446fcc5a2b32527f,.php
C:\Users\dinht\Documents\RandomForest\test_file_benign_only\AddProtectedRangeRequest.php,31/07/2025,23a204bbd29a1cb3ba86921bf2c686dc,3f5ef74effe5a8d54aff580ec5b7e53169e12855,.php
C:\Users\dinht\Documents\RandomForest\test_file_benign_only\AddProtectedRangeResponse.php,31/07/2025,1e5d2784d71a5c01c78cb67cc352e292,506aa824f00be15e2174dba4fe77da346d162227,.php
C:\Users\dinht\Documents\RandomForest\test_file_benign_only\AddQueuedCookiesToResponse.php,31/07/2025,3e0ebaeda3bfaf6b39b3b1d88c099c8e,9724fa414cdd047d058bc5fe95d2582d5a7ee042,.php
C:\Users\dinht\Documents\RandomForest\test_file_benign_only\AddRemoveAllPanel.php,31/07/2025,443195da7aca58ec6ee922c00a13a9e6,3832e0082a7de54c62aa026045568cb5265ad554,.php
C:\Users\dinht\Documents\RandomForest\test_file_benign_only\AddRequestFormatsListener.php,31/07/2025,2678b6ca5382d4e744784cc50b9be2a1,c057853e057d06f1f52915a6a70362806f61ef14,.php
C:\Users\dinht\Documents\RandomForest\test_file_benign_only\AddRequestFormatsListenerTest.php,31/07/2025,d7f19c9dbb4df7ea27455752cd07e253,49c3c26a7414ea9baf0dc513fd5485b9c36f2201,.php
C:\Users\dinht\Documents\RandomForest\test_file_benign_only\Address.php,31/07/2025,377953fa5f3b1b42c94cf2ea2008f280,4856344f17c82fa45bf3b970ec358fb84bb6f400,.php
C:\Users\dinht\Documents\RandomForest\test_file_benign_only\AddressAggregatedList.php,31/07/2025,8bfd388e29615108894da8e3d425f3c6,9edb42a3c8915527d74316ff6e299f07181d6097,.php
C:\Users\dinht\Documents\RandomForest\test_file_benign_only\AddressAggregatedListWarning.php,31/07/2025,a759d6d8cb2e98ab73577b985bc3501a,dcacf8fa10ff0a49141bb0482746947021e8a1ce,.php
C:\Users\dinht\Documents\RandomForest\test_file_benign_only\AddressAggregatedListWarningData.php,31/07/2025,a54efb6aef49798e48a3c790e3b99a60,ae563f1fe346f58d05ebbde37693d294b7d07c8b,.php
C:\Users\dinht\Documents\RandomForest\test_file_benign_only\AddressBookHome.php,31/07/2025,d25bda721b33eb0ef1b60c52cd8cf15f,131eceaaaa726f9fcca74d6ab42b37d3d4e8b1ff,.php
C:\Users\dinht\Documents\RandomForest\test_file_benign_only\AddressBookRootTest.php,31/07/2025,e272c16871acc00c9d427c060e0c643e,0a4688b906ad681b66f25277124951461b9839ae,.php
C:\Users\dinht\Documents\RandomForest\test_file_benign_only\AddressCollection.php,31/07/2025,7c13a68f128d6bb1397405106975c23f,7abf2fad04250d1243c40f5f0183bb95ba9c11e3,.php
C:\Users\dinht\Documents\RandomForest\test_file_benign_only\AddressComparatorSpec.php,31/07/2025,e20cb8524dd76fffce065d026f1640d3,3c88bf0e6677d04f3838e961ac46ff6e93121d65,.php
C:\Users\dinht\Documents\RandomForest\test_file_benign_only\AddressEncoder.php,31/07/2025,4b7b6ea255819272c70bf0d4fe65b039,fc1e5e92bfa56cb9ad1d747df040d4385dcd4449,.php
C:\Users\dinht\Documents\RandomForest\test_file_benign_only\AddressEncoderException.php,31/07/2025,d9c9780f9b3e76c2f0bb5865aa3c197e,23a273e948dd51b6f0d5480aaa262ad42bde4305,.php
C:\Users\dinht\Documents\RandomForest\test_file_benign_only\Addresses.php,31/07/2025,2fbf7b02f1b7790d13ebade3dc45b6b1,6371464f3c2b4dfde2b343acba4942dcbf3e0bbf,.php
C:\Users\dinht\Documents\RandomForest\test_file_benign_only\AddressesScopedList.php,31/07/2025,7058b46b1cb7dd0795e24cd2981cf901,3d76f61e4660811e4888470c6a7347251e6fc2a4,.php
C:\Users\dinht\Documents\RandomForest\test_file_benign_only\AddressesScopedListWarning.php,31/07/2025,9e48f34b6130f9127482462ccb16dd89,48a4ee49ba7825df39c6ad05f2ea449c4dec34ef,.php
C:\Users\dinht\Documents\RandomForest\test_file_benign_only\AddressesScopedListWarningData.php,31/07/2025,022ba6b91a70c87b4b3e4cd3cad137e1,97936c9dffbca5c5c95fb3079b8ab83a089566df,.php
C:\Users\dinht\Documents\RandomForest\test_file_benign_only\AddressInterface.php,31/07/2025,24f7abc664d927e2f49d7f088db55037,e9cad401fb85e307a9154dcf90a34ac297043168,.php
C:\Users\dinht\Documents\RandomForest\test_file_benign_only\AddressList.php,31/07/2025,93e1e5924e34668e7d64b732bb04c6c9,a4655e2ab4c758e74b64a21000e95e43608ef25c,.php
C:\Users\dinht\Documents\RandomForest\test_file_benign_only\AddressListWarning.php,31/07/2025,31dd809be4eeb968b3d344e432d4f090,5ce96e8300035880a588480693b6d44266c20935,.php
C:\Users\dinht\Documents\RandomForest\test_file_benign_only\AddressListWarningData.php,31/07/2025,0bb895b879eeef213046b2c670354c7e,d452188fc5738a1bf3cb7fa388ede565f25dddac,.php
C:\Users\dinht\Documents\RandomForest\test_file_benign_only\AddressList_1.php,31/07/2025,34752223403334095514ede76e9bbb83,ac1e2b8677c4214b12a9590767285bd9df2b70b6,.php
C:\Users\dinht\Documents\RandomForest\test_file_benign_only\AddressLiteral.php,31/07/2025,ce2fb57158fa64acc17fb468165ee85d,0ad7e1a87c250f5e620182cf6b6a0ea33a39f0b5,.php
C:\Users\dinht\Documents\RandomForest\test_file_benign_only\AddressLogEntry.php,31/07/2025,39f3afdcee85b4a53649171d147b4864,a233dc9ed9389c90f8b9bb7d00fb9807d1b3a708,.php
C:\Users\dinht\Documents\RandomForest\test_file_benign_only\AddressSettings.php,31/07/2025,1dd98973a7c25579320e19ce13b5e5fa,e0efeefc485287a04487a70f6cdd30caa8b6602d,.php
C:\Users\dinht\Documents\RandomForest\test_file_benign_only\AddressTest.php,31/07/2025,dd8af72f660b5236993452e26825b228,d8261d33dc3a1165ce5f44b0a50d97b2807048d1,.php
C:\Users\dinht\Documents\RandomForest\test_file_benign_only\AddressTest_1.php,31/07/2025,78072bfa0b532918222747c9ef4684dc,013f90011f6ecec423c539485f0c89126c933ad6,.php
C:\Users\dinht\Documents\RandomForest\test_file_benign_only\AddressTest_10.php,31/07/2025,1e2ab5ca839c5ee3ddd9af9a3b587baa,bd02d2a66c8d33dbab26e5e0c5260bfdb1327eea,.php
C:\Users\dinht\Documents\RandomForest\test_file_benign_only\AddressTest_11.php,31/07/2025,bfd0e2b8cc16232597d13569f297363f,7e4bc93898f5981f18e11f182449c70330a80221,.php
C:\Users\dinht\Documents\RandomForest\test_file_benign_only\AddressTest_12.php,31/07/2025,469e1ea29f6f1ce9b8c284b8ed2eb496,ea9ab679d1bc4f050f25befe58f065a5bed175af,.php
C:\Users\dinht\Documents\RandomForest\test_file_benign_only\AddressTest_13.php,31/07/2025,5f6122c9fb1df3e99fee831e27ce8219,6571bfa7c39fda63336789a413c71b245d091054,.php
C:\Users\dinht\Documents\RandomForest\test_file_benign_only\AddressTest_14.php,31/07/2025,b1de62c00e9e9f76cf1e7c7888ec6d50,e19040ed9f0e98e439d6e9225b7ebaa88e1176ea,.php
C:\Users\dinht\Documents\RandomForest\test_file_benign_only\AddressTest_15.php,31/07/2025,030b0efaf881073429cd16770d9c095b,4f7ffaa49fdd6d61041c39278ce125ed64b4a151,.php
C:\Users\dinht\Documents\RandomForest\test_file_benign_only\AddressTest_2.php,31/07/2025,078c3a1d0e0616f4af8708ec365f16ff,03d8f83b9dfc807a63e847df0ab33aa1f91a06fe,.php
C:\Users\dinht\Documents\RandomForest\test_file_benign_only\AddressTest_3.php,31/07/2025,b62781d7647559e253d0afeaddd6a1ec,dea8f6720f090903c14ed079c0c4870579055aa6,.php
C:\Users\dinht\Documents\RandomForest\test_file_benign_only\AddressTest_4.php,31/07/2025,89aed6a3e69206928a36995be5e87c62,e9b93f97a79c38f7d0f2a3e99f7975395f20fe2a,.php
C:\Users\dinht\Documents\RandomForest\test_file_benign_only\AddressTest_5.php,31/07/2025,4b13ead290b7031a5c486adeaea9db4d,c4eb4cdedb362ff881a4fdd8ea4ae93d52d26d13,.php
C:\Users\dinht\Documents\RandomForest\test_file_benign_only\AddressTest_6.php,31/07/2025,06f54fcf9e74255d2c1a9cad28be50e7,a90a2d78d73f1bc853891fcceb9d693ec13015c4,.php
C:\Users\dinht\Documents\RandomForest\test_file_benign_only\AddressTest_7.php,31/07/2025,e517bb4230f4d399b25f496f7f494ec8,c35a6f9b487003083daa8df8d101cd2f3fb2f32c,.php
C:\Users\dinht\Documents\RandomForest\test_file_benign_only\AddressTest_8.php,31/07/2025,8bc96fbee492366cb845ce2bb51a1540,9e0b219a98bc5e117233a0e2c9b9856e20ca4aa7,.php
C:\Users\dinht\Documents\RandomForest\test_file_benign_only\AddressTest_9.php,31/07/2025,9d5ca589874946c2a35b6dff60152531,e465f8a869bfefb25a692e9e8267d926121d862f,.php
C:\Users\dinht\Documents\RandomForest\test_file_benign_only\Address_1.php,31/07/2025,9e999d0ab54fe14045fe5774314f0ee0,93fd444044f5f324c82bd4eb7c4d54061e8484a7,.php
C:\Users\dinht\Documents\RandomForest\test_file_benign_only\Address_10.php,31/07/2025,06446805a70d11fdb500ab57c8345e34,7e2b1e92bfa47c5ddfa7de6e2ee67a0995f0651b,.php
C:\Users\dinht\Documents\RandomForest\test_file_benign_only\Address_11.php,31/07/2025,2970d047716a0b0fea16e47a9d32e190,9c0811e64272cb6b4a27cb4864ae08d0008b9399,.php
C:\Users\dinht\Documents\RandomForest\test_file_benign_only\Address_12.php,31/07/2025,6361a58607360aea0c97391519551c91,464061ee5ff690148d5371fca63320f31bb5754a,.php
C:\Users\dinht\Documents\RandomForest\test_file_benign_only\Address_13.php,31/07/2025,e7e02b0a40148594afef8e2b6f4383d3,8ee7b290f70f831929264f7a86a07d96add5ceb2,.php
C:\Users\dinht\Documents\RandomForest\test_file_benign_only\Address_14.php,31/07/2025,d78715f2e428d69b3b6631ec9091a77a,6cf67992191f351e5bb1a031888f1b0dabd8d502,.php
C:\Users\dinht\Documents\RandomForest\test_file_benign_only\Address_15.php,31/07/2025,3d8dcd92dc3d3bfcfb8d7ea2bbed4239,48e3e194a6ea4acf4afed9301d9c078f83637037,.php
C:\Users\dinht\Documents\RandomForest\test_file_benign_only\Address_16.php,31/07/2025,361a3d6459597d3767607240b459753f,53a19a7cd4fc5c3dcbf39ca4bc98f8b680f85d9e,.php
C:\Users\dinht\Documents\RandomForest\test_file_benign_only\Address_17.php,31/07/2025,1296addede79b9497eb7b5f77d365766,c80cabddd55034ee5a609fdef6d26f7afee48084,.php
C:\Users\dinht\Documents\RandomForest\test_file_benign_only\Address_18.php,31/07/2025,00e4239ebfb65d5c9a8c978c51819c65,bc934a02aa10d6f6f2f7e2790eefeb1eedf494b5,.php
C:\Users\dinht\Documents\RandomForest\test_file_benign_only\Address_19.php,31/07/2025,65c839c91b1d376a94f328624635e876,ae9e655851193731c84e7cec3460d6cc9bd4ca13,.php
C:\Users\dinht\Documents\RandomForest\test_file_benign_only\Address_2.php,31/07/2025,da567f16d972f9bbfb0f86cd9f340884,29b630cca4048f7667e93dee6bf655ab9e18b857,.php
C:\Users\dinht\Documents\RandomForest\test_file_benign_only\Address_20.php,31/07/2025,b7c90b91e2aad17457de03398fb320d9,8da701133e8bfcf922309232a3284fbb24acddb0,.php
C:\Users\dinht\Documents\RandomForest\test_file_benign_only\Address_21.php,31/07/2025,e5cf13c3d76db08a845216eea61ad599,73bf7a95d545ed583d130d31ed2bfe21c1436d96,.php
C:\Users\dinht\Documents\RandomForest\test_file_benign_only\Address_22.php,31/07/2025,31d88c15e4e945058714693363e8c020,334ef2eab597b24f8f18b8df825ee52e9e7fb206,.php
C:\Users\dinht\Documents\RandomForest\test_file_benign_only\Address_23.php,31/07/2025,2e966e5ad71d540cb4959ece63e2e394,91be4ac41c77bdae719f4503f52e43e00fda1439,.php
C:\Users\dinht\Documents\RandomForest\test_file_benign_only\Address_24.php,31/07/2025,77a786f95c416123139042ca48621999,c84e970668ef0b19144727eb847859f1db698b09,.php
C:\Users\dinht\Documents\RandomForest\test_file_benign_only\Address_25.php,31/07/2025,018e6554e5436e47dca43bdd6a265eaf,49841a693d6c65f9af220b7891597cff269cf600,.php
C:\Users\dinht\Documents\RandomForest\test_file_benign_only\Address_26.php,31/07/2025,379f31c1a5354f44bd6ecd7cc49f9881,5531fdf8d14f1b06da4e96deb2869f8d78ead6d9,.php
C:\Users\dinht\Documents\RandomForest\test_file_benign_only\Address_27.php,31/07/2025,71a265aee6bfee9713e35a153cb9180e,37153c04bd3dcf05d48aea4ee4e3ad32375e3fa5,.php
C:\Users\dinht\Documents\RandomForest\test_file_benign_only\Address_28.php,31/07/2025,40b0791d69e2bc0dc8bdc2e3d67909ca,fca6415b9c3d462b52b009f28ed2d8b59ec13854,.php
C:\Users\dinht\Documents\RandomForest\test_file_benign_only\Address_29.php,31/07/2025,a78862e2b2a0a3ec3aefc83a834f6548,d26f957b2c68cfd9861bdfa32bd3e77371b80d09,.php
C:\Users\dinht\Documents\RandomForest\test_file_benign_only\Address_3.php,31/07/2025,22f0b5c679e4f89f34521f71a28bc26c,2fe31414816d1866ca9653dff2c35e0d48af4825,.php
C:\Users\dinht\Documents\RandomForest\test_file_benign_only\Address_30.php,31/07/2025,e7a2abdb206a728ee8c5954ddc7ea79d,3bd367a1770604ef48a829eea20926ebcd68f411,.php
C:\Users\dinht\Documents\RandomForest\test_file_benign_only\Address_31.php,31/07/2025,130e96a3737f6bc300f5c9e633a02d0b,eccb32d30fe407a5c837fbdd47c30c15f2f344ab,.php
C:\Users\dinht\Documents\RandomForest\test_file_benign_only\Address_32.php,31/07/2025,7559dbe33254d39ca28df6969567d3d2,c08fb78f64e9535b3e958e1ff7cf9a45676de9f8,.php
C:\Users\dinht\Documents\RandomForest\test_file_benign_only\Address_33.php,31/07/2025,bbb781bcf5d292bfba6d8c65a7e89670,759f6a8d4f6aa5ffa510e696a227c04b4613ab52,.php
C:\Users\dinht\Documents\RandomForest\test_file_benign_only\Address_34.php,31/07/2025,89c0a2e87ca5fa14c5dde89ecf9c3b40,5951241009ad35d85fb474dfdb5563d4cdea4ef9,.php
C:\Users\dinht\Documents\RandomForest\test_file_benign_only\Address_35.php,31/07/2025,03b3a8f043cb44e2cbb0bf1921b5fced,0a27ee164631a1ebc8d2365f901ecaa765c5c906,.php
C:\Users\dinht\Documents\RandomForest\test_file_benign_only\Address_36.php,31/07/2025,24e15925eec3ac77e38275ea567a366e,9371849a1fbe5eced12a641d531dea71c340c4d9,.php
C:\Users\dinht\Documents\RandomForest\test_file_benign_only\Address_37.php,31/07/2025,6290583f52acadb38b0ea83e78bcdffe,87e15d570356791d8d96972fc4bd06d02d782d65,.php
C:\Users\dinht\Documents\RandomForest\test_file_benign_only\Address_38.php,31/07/2025,0cba37ee8c7fc45ec987f06b9f3e731e,e880323addde4f6041b365423c1760d1bd0b4098,.php
C:\Users\dinht\Documents\RandomForest\test_file_benign_only\Address_39.php,31/07/2025,043708f7562af9d407d023ed2d3a0c71,5a54fa109fe3c96d89347bb389184cd36e2f4cc9,.php
C:\Users\dinht\Documents\RandomForest\test_file_benign_only\Address_4.php,31/07/2025,b231beb492feedc2add683ee6f697fd0,c7b892ccefd5161cec98f6cbce29563bf2eda065,.php
C:\Users\dinht\Documents\RandomForest\test_file_benign_only\Address_40.php,31/07/2025,039735fb5c820d56fe8ed9e89c822747,d65adcbf8d3067dbcca4cdc9f0d541ec995e3610,.php
C:\Users\dinht\Documents\RandomForest\test_file_benign_only\Address_41.php,31/07/2025,95c8090b4b184b422e7f95c9baabf768,17cd996ede698339cdddbced23ed3c368de0edc6,.php
C:\Users\dinht\Documents\RandomForest\test_file_benign_only\Address_42.php,31/07/2025,c66deaa5e11b4a5386d4667ff7a7ab78,174b3a7fc1db0e590ec825079932ebce66ea935f,.php
C:\Users\dinht\Documents\RandomForest\test_file_benign_only\Address_43.php,31/07/2025,ea811da9d263933ce8e7779de02f43ac,c31241e114438dbf94946aac7646ce2a6e47c15e,.php
C:\Users\dinht\Documents\RandomForest\test_file_benign_only\Address_44.php,31/07/2025,aeaaed807a26d2118b53b5468911ad2a,79a70d821bb037db8b4756deb28a4fce6fddc4d3,.php
C:\Users\dinht\Documents\RandomForest\test_file_benign_only\Address_45.php,31/07/2025,f47388c05f7819ba77ea901ecbab5762,26fd63be43b227dac639b0adf3b22f20aa30dd0e,.php
C:\Users\dinht\Documents\RandomForest\test_file_benign_only\Address_46.php,31/07/2025,74348bec5905d6cdcc8e47a8945f69a0,351569482a5f92009bae42dbc67d7f6f40d629c5,.php
C:\Users\dinht\Documents\RandomForest\test_file_benign_only\Address_47.php,31/07/2025,8f391efa8644ded7cc8e39a4fe79d266,6a726f0a10a235ebe243db8e41b3b8d38ec6e4f4,.php
C:\Users\dinht\Documents\RandomForest\test_file_benign_only\Address_48.php,31/07/2025,cd3dd104e6d0ed16ff8d39a83c22cb84,3cd469a8d257a2b14d07ca02171f87977b0ba337,.php
C:\Users\dinht\Documents\RandomForest\test_file_benign_only\Address_49.php,31/07/2025,4150646326f1406994771d30bde96572,c737ce73424c136a84ce6a8b9fbfca901edcb351,.php
C:\Users\dinht\Documents\RandomForest\test_file_benign_only\Address_5.php,31/07/2025,4e2e3d37e621ff55cc2cd932a14d52f6,d77d9f569c6edbc9be558d4aa95f79c90d53f391,.php
C:\Users\dinht\Documents\RandomForest\test_file_benign_only\Address_50.php,31/07/2025,d1e780b592db3f911b047ccfdd08c244,1b482f9c69376bd234b97edf8ad58939f233d250,.php
C:\Users\dinht\Documents\RandomForest\test_file_benign_only\Address_51.php,31/07/2025,a5286d3ef134c931648b0162f7374f08,26bc18870d3e964f8fa0b195d963dc8662caed70,.php
C:\Users\dinht\Documents\RandomForest\test_file_benign_only\Address_52.php,31/07/2025,1346ed4a1037dbcfcfa19b6eaf24ab93,abda7a4d6b3f3d8c0d6e6e8e88fa05697671aff5,.php
C:\Users\dinht\Documents\RandomForest\test_file_benign_only\Address_53.php,31/07/2025,7d87b9f7aa113cf9c9ff6d55f0dae918,5f87e8dc0369e324fb8bf2b85f979b012d187931,.php
C:\Users\dinht\Documents\RandomForest\test_file_benign_only\Address_54.php,31/07/2025,743fa9553ed02f80cb72026cf544e572,291b33f770d5d0153b0163bb09efdcc152bceca3,.php
C:\Users\dinht\Documents\RandomForest\test_file_benign_only\Address_55.php,31/07/2025,9233835b5d7f199a851d155c92cdffc3,63d454391acf535e20916e1b7200b94f1f876bbd,.php
C:\Users\dinht\Documents\RandomForest\test_file_benign_only\Address_56.php,31/07/2025,d9cf9547140ee338d636aa51474b08f0,bb538793a777a74b30772e272a2efb5ecbde9966,.php
C:\Users\dinht\Documents\RandomForest\test_file_benign_only\Address_57.php,31/07/2025,e68fb06f55162c943d8f5c8e39b28cf1,89f8c07b04f144402361ecbda5a12d1102ab9450,.php
C:\Users\dinht\Documents\RandomForest\test_file_benign_only\Address_58.php,31/07/2025,919ad430e2039179a661494edf63f9a9,841d7f4414e1f90296b31bfaf76a598707b04bba,.php
C:\Users\dinht\Documents\RandomForest\test_file_benign_only\Address_59.php,31/07/2025,610cd6453095a666944579d5aca5572b,465c0eec8182f391b2800f567184af1acb488a70,.php
C:\Users\dinht\Documents\RandomForest\test_file_benign_only\Address_6.php,31/07/2025,0395fb2171d2f40e16c28d6ec0dc74f7,72dd0ca1a1f9cda3aa4390b820123418b9a0f733,.php
C:\Users\dinht\Documents\RandomForest\test_file_benign_only\Address_60.php,31/07/2025,d9ebd1c0b21e2f5a7e8f054655b7d733,e69266987ad73f5eb9fbbe8e6a38dce2d0a037d6,.php
C:\Users\dinht\Documents\RandomForest\test_file_benign_only\Address_61.php,31/07/2025,3772b080f08d90cb283387bed0949c7f,523448951537a4421ad0fe783d0bc710e95dfa35,.php
C:\Users\dinht\Documents\RandomForest\test_file_benign_only\Address_62.php,31/07/2025,93695c974bfacd76d3030fa06368d501,81a7377811818aa2714b431877115f4a593bb3df,.php
C:\Users\dinht\Documents\RandomForest\test_file_benign_only\Address_63.php,31/07/2025,f98e736ca2db7b32cbe65f52cc1cfbf3,f3a55d070ee2747bb5f0dfbff3283e8754c56b33,.php
C:\Users\dinht\Documents\RandomForest\test_file_benign_only\Address_64.php,31/07/2025,218305a1255f5f744b763a3a8777330c,d9c382fc88a6072c76d7a403045fc2aaba54f524,.php
C:\Users\dinht\Documents\RandomForest\test_file_benign_only\Address_65.php,31/07/2025,de5b988aab85ac325084d8071798ff52,2410dec2add18f4747c16c345a8fd3e877f700c2,.php
C:\Users\dinht\Documents\RandomForest\test_file_benign_only\Address_66.php,31/07/2025,3e3cfd1e4ebdb8813932c06286342df9,b342fa410f36cc147b5fe96fa0d7ba7f1a01285f,.php
C:\Users\dinht\Documents\RandomForest\test_file_benign_only\Address_67.php,31/07/2025,83924efcfbfd97b2dd43e18e7ea15afd,46beb1071ec9d0b06e91cbbb1f46202c4c80b638,.php
C:\Users\dinht\Documents\RandomForest\test_file_benign_only\Address_68.php,31/07/2025,afac95a69fc08a320b8f8cf8ed34a509,ee8d2a8594396784fd485368399989e97e4e0bb9,.php
C:\Users\dinht\Documents\RandomForest\test_file_benign_only\Address_69.php,31/07/2025,be68b724410418e479669ae28f497170,daceac5e86c33617085f74a919e9c351da6f63f9,.php
C:\Users\dinht\Documents\RandomForest\test_file_benign_only\Address_7.php,31/07/2025,84f84286593cea4bc416fb09e249aa2c,d92ecbb66257b07764ea6d984c8618b6b1ef8414,.php
C:\Users\dinht\Documents\RandomForest\test_file_benign_only\Address_70.php,31/07/2025,9d5699f57aabdb59ce86108f5cbc241c,37a68d6b60b47d790871fcc8ca9823c9051038d5,.php
C:\Users\dinht\Documents\RandomForest\test_file_benign_only\Address_71.php,31/07/2025,2c00438eed43b856adcf5b532502f131,aa148d4d6b120254e5975c9af1d6d745c3f8b042,.php
C:\Users\dinht\Documents\RandomForest\test_file_benign_only\Address_72.php,31/07/2025,0a4c4e6093d4d0f837b4e9568463fdac,65b87968a3a260071afe68bcdbb72c5f5ee97e1c,.php
C:\Users\dinht\Documents\RandomForest\test_file_benign_only\Address_73.php,31/07/2025,ea04aa7a11914fe99c927399b80eef1c,fab069de22b1e3e617e505926dac3244fbf4efd9,.php
C:\Users\dinht\Documents\RandomForest\test_file_benign_only\Address_74.php,31/07/2025,80dbc542aecf0571c1d5abeb215b6084,4ff01b7dfbf0f130d86e7c13bf9fbddb7f2595b5,.php
C:\Users\dinht\Documents\RandomForest\test_file_benign_only\Address_75.php,31/07/2025,3b6c2efa8152adb672791330c5ea437e,3348ab9699db0ac6d01c2cd7ec9d28428d446f66,.php
C:\Users\dinht\Documents\RandomForest\test_file_benign_only\Address_76.php,31/07/2025,035419714d628b9a83176572aeaf334b,352a041a8ac2f193bbc1401a2429025ff4c24def,.php
C:\Users\dinht\Documents\RandomForest\test_file_benign_only\Address_77.php,31/07/2025,082cb2b5b1beb7720da41849c571ba43,386fdfa114cf0b7467140e1ab6c69220bcefebd9,.php
C:\Users\dinht\Documents\RandomForest\test_file_benign_only\Address_8.php,31/07/2025,971e10552e092a2328069961ed2a45aa,5c84394791723ce5274a233cfc203a91d1938e39,.php
C:\Users\dinht\Documents\RandomForest\test_file_benign_only\Address_9.php,31/07/2025,052d8baee97eb79c4ef524bd4bb14b1f,e9243cf59eb180489c0d40c17e9b23ccfde18126,.php
C:\Users\dinht\Documents\RandomForest\test_file_benign_only\AddSecurityVotersPass.php,31/07/2025,934e339805a925f38b9ced4d0361fdd7,395549a54425395cc0f93257f0cb34cc73d54287,.php
C:\Users\dinht\Documents\RandomForest\test_file_benign_only\AddSessionDomainConstraintPass.php,31/07/2025,1df3d2f345e960e70aac53a99154964c,924c3c59a746b6f626d3d0d954a5f2f57de8dcf4,.php
C:\Users\dinht\Documents\RandomForest\test_file_benign_only\AddSheetRequest.php,31/07/2025,1dc333a26f9925f503ce2ef41aa0342f,f028e6d95838d403220706a67aaa101a2e7e6f8a,.php
C:\Users\dinht\Documents\RandomForest\test_file_benign_only\AddSheetResponse.php,31/07/2025,1acc547d5ad0516e85f8d90591327019,b8efff2b574a1d9b35a952c918750721761b6fd5,.php
C:\Users\dinht\Documents\RandomForest\test_file_benign_only\addstylesheet.php,31/07/2025,52708c3d00aa0c8cefc53183c21457a6,6ddfcc775d2523089a649e20ce76e83c192e40f5,.php
C:\Users\dinht\Documents\RandomForest\test_file_benign_only\AddTenantProjectRequest.php,31/07/2025,bf2d1da8cb0e94783eb8c162ac1dd7ab,bcf58a1c60b6ee91f2142b5550c8c83a85367b36,.php
C:\Users\dinht\Documents\RandomForest\test_file_benign_only\AddThreadCommandHandler.php,31/07/2025,d82ddfe17500b64af3d80314034e4113,c271726b5d53c8e57bd7d5ccd6798ad63fd5011f,.php
C:\Users\dinht\Documents\RandomForest\test_file_benign_only\addtokenpost.php,31/07/2025,c0f00549d86a8287bb90d7edfdfbc601,8e1018e4d19edd562a4f9e5b97d9485dda1e884b,.php
C:\Users\dinht\Documents\RandomForest\test_file_benign_only\AddTopicItem.php,31/07/2025,cebbe837411d179b2756a32da00f8a5d,4a59d8bce11505b99a4f885f1279cebe5c05896a,.php
C:\Users\dinht\Documents\RandomForest\test_file_benign_only\AddToWishlistWidget.php,31/07/2025,a6acaa7067fbdadd55bd378216031923,99c66bd1cfa23198c178371836941b2bb2f70c7b,.php
C:\Users\dinht\Documents\RandomForest\test_file_benign_only\AddTrait.php,31/07/2025,5fc6208614ad995b489f38933a22f687,43904a9a6c350c1c1d22689d2adf19e3a173b44c,.php
C:\Users\dinht\Documents\RandomForest\test_file_benign_only\adduser.php,31/07/2025,dc0f68dabecd2efb184d6e0e2c6bbf5d,2961c6465067e758b31ac88620c360f59d3f55e2,.php
C:\Users\dinht\Documents\RandomForest\test_file_benign_only\AddUserFormSubscriberSpec.php,31/07/2025,92058238c287301aa6c5d371d6c0354f,93ce56ca8f8bff865f9a62329a2c15412d7a37a1,.php
C:\Users\dinht\Documents\RandomForest\test_file_benign_only\addUserGroup_view.php,31/07/2025,3be48fa0ac280bb3a43129897da8ab26,5aa8695754a777140d109d399af078ad6ca9b42e,.php
C:\Users\dinht\Documents\RandomForest\test_file_benign_only\add_1.php,31/07/2025,e24e74085891c36734f749cd7ae2db37,7e30d7612fb19f4739ef481a45a85f59fe51de06,.php
C:\Users\dinht\Documents\RandomForest\test_file_benign_only\add_10.php,31/07/2025,e88af71b176cb5fcebf720ccb4862dc4,9804d0bcc2f60d22bd2a802e2aa838da9ae9f462,.php
C:\Users\dinht\Documents\RandomForest\test_file_benign_only\add_11.php,31/07/2025,6bfc0dc6d2776e74942fe8c669e81c40,b953627a6dae14d7ec34291d40103e9185323ff4,.php
C:\Users\dinht\Documents\RandomForest\test_file_benign_only\add_12.php,31/07/2025,5ac7816b344e4ac9bfcea482f6ff79c5,d9002754273da5c35105bc9e7724abcbd0ef0e4f,.php
C:\Users\dinht\Documents\RandomForest\test_file_benign_only\add_13.php,31/07/2025,1108ce6b0ebee3ffcc2272ab109e23df,c907ac916bec9c8a9e8afa0e9695643e4ed6ac87,.php
C:\Users\dinht\Documents\RandomForest\test_file_benign_only\add_14.php,31/07/2025,7d9727dccd5dfbbbba741a31ad91010f,37aed2dc575b34a76a9430abb1db716793a79ad7,.php
C:\Users\dinht\Documents\RandomForest\test_file_benign_only\add_15.php,31/07/2025,7fa1b2adcf21c020b0df36df4fa32a2c,87ed3a428d9495ab6c600cabf9d8c4a0f473d87c,.php
C:\Users\dinht\Documents\RandomForest\test_file_benign_only\add_16.php,31/07/2025,287313e7c532e11d822b37bf0d10ba02,cfc9dd8bbfedc250f614267db7959aded079db64,.php
C:\Users\dinht\Documents\RandomForest\test_file_benign_only\add_17.php,31/07/2025,d7b3c2eddd74f851a7f049f07dcc818d,7c9c8923eff11627f85e524e71015be2639fa687,.php
C:\Users\dinht\Documents\RandomForest\test_file_benign_only\add_18.php,31/07/2025,1110455e484396fe974c2a95b3220305,173355b3e6729adf291fe189d1089e14f179e1b6,.php
C:\Users\dinht\Documents\RandomForest\test_file_benign_only\add_19.php,31/07/2025,036c8126b08da458d94ff6af50262567,897cd69f9f4225877157f85980df2c9b94346e3a,.php
C:\Users\dinht\Documents\RandomForest\test_file_benign_only\add_2.php,31/07/2025,25876446d2cddf14df0a37870efbef9d,14c533f8a80e5b7874f563ed0766e21c86a93ea9,.php
C:\Users\dinht\Documents\RandomForest\test_file_benign_only\add_20.php,31/07/2025,92a2af841e4d6706dfefcb8e34549f23,dfb54ee07c193bb600529d084fb20ea52e2e3a24,.php
C:\Users\dinht\Documents\RandomForest\test_file_benign_only\add_21.php,31/07/2025,2f0ae8e125ad24207a51d75425fd9ce0,ede56240e3100fb3772c9d48be4e0c56442ec356,.php
C:\Users\dinht\Documents\RandomForest\test_file_benign_only\add_22.php,31/07/2025,5dee571b6c0d9f960b6ed0339e277ae2,e1e40a0a7d1e862d4d0ffe2b825502c93d24aa78,.php
C:\Users\dinht\Documents\RandomForest\test_file_benign_only\add_23.php,31/07/2025,53cc56c8ca8e5c14aa8c8b465bd2ef01,72e1e073e023dd166c464a7edd2eca57a98e4094,.php
C:\Users\dinht\Documents\RandomForest\test_file_benign_only\add_24.php,31/07/2025,d0d19df83308f94d869de3ac7b3fc9b6,d5510b9422a085d3991718ed6b2224e7ae6a1f1e,.php
C:\Users\dinht\Documents\RandomForest\test_file_benign_only\add_25.php,31/07/2025,80043d3235c71920eaed4bc06d229661,c9af96400cf19ec4d18f99627a4a6df6bd01e360,.php
C:\Users\dinht\Documents\RandomForest\test_file_benign_only\add_26.php,31/07/2025,91ae71acd4199aecc4eeb5cb21768c6a,51765ca7933c563b3b20bf6ad51f300a2c0dbffa,.php
C:\Users\dinht\Documents\RandomForest\test_file_benign_only\add_27.php,31/07/2025,fe9e728dfa99023124e0bf4df9b42443,f1799089b45c12297328691ea9fdcae3822cf67f,.php
C:\Users\dinht\Documents\RandomForest\test_file_benign_only\add_3.php,31/07/2025,a691893114c29a0bc8c69262d3ac2696,c518b160d6db2d76d222ce2ac91d9d081cf4c2d2,.php
C:\Users\dinht\Documents\RandomForest\test_file_benign_only\add_4.php,31/07/2025,e0125fbbf9cf7e5b0a0860351d7c1784,30667d4ad3fbf9f18db03e61da7a5bdf280cef6a,.php
C:\Users\dinht\Documents\RandomForest\test_file_benign_only\add_41.php,31/07/2025,6d4ffb435b2c68d1f7433832bfda03d2,ce4529ea3cb832f8a233eb7c642ed6a37bea79c1,.php
C:\Users\dinht\Documents\RandomForest\test_file_benign_only\add_42.php,31/07/2025,d493bc4622e1861ae989ffb844899e6e,9560432d4683887dcfbffa28b5e6af6df43a6814,.php
C:\Users\dinht\Documents\RandomForest\test_file_benign_only\add_43.php,31/07/2025,fd0b4068c0bf56092530b97f3f523598,9e40bf07161cf30d918a5b8300fbe34052d0cc33,.php
C:\Users\dinht\Documents\RandomForest\test_file_benign_only\add_44.php,31/07/2025,42f88233abbb99d2a0c15f9faf806d6b,801a9212872a557d9b31b5071f8ae60c8272a5f4,.php
C:\Users\dinht\Documents\RandomForest\test_file_benign_only\Add_45.php,31/07/2025,5d16cd53c83be9b5d332f2e6a80d124f,011c080ff8d5ad27893b1d8335d2a5310be27082,.php
C:\Users\dinht\Documents\RandomForest\test_file_benign_only\add_5.php,31/07/2025,93abdc58e06bf8139b5c386224a0b7e0,eb77f9bbfbfda7bb7838d9f2a0e2a01e37f7a81a,.php
C:\Users\dinht\Documents\RandomForest\test_file_benign_only\add_6.php,31/07/2025,662596283e8947b3ece852f30f480171,daa2c16b459dd771e0d33787c539d2e0013b9ae4,.php
C:\Users\dinht\Documents\RandomForest\test_file_benign_only\add_8.php,31/07/2025,9618db2dda9942b7562c6f0d05afd984,bb1c7467ec618b5f5ccbdc0e9e5e94563e73c53b,.php
C:\Users\dinht\Documents\RandomForest\test_file_benign_only\add_9.php,31/07/2025,6030cd6e931fa3bec5e0d53dbf5c3caa,be5079d4dbd0bec3ec24d43a9698ff5d2edce102,.php
C:\Users\dinht\Documents\RandomForest\test_file_benign_only\add_block.php,31/07/2025,380d721fe4ac641879ca77e60c75641f,88d0f3307cc2acb5289edac4e9adff5e40dc5a83,.php
C:\Users\dinht\Documents\RandomForest\test_file_benign_only\add_button.php,31/07/2025,d31e60ef5b1794c15aaacc93223ab581,60e3bf8fdf5c8aa8c0f794b12c3a2a9936d74c5b,.php
C:\Users\dinht\Documents\RandomForest\test_file_benign_only\add_control.php,31/07/2025,560774cb6e2471d091f06b6ccb7f7f69,f5b8f5c484563e28b362b75daa1e03d506f5f5b0,.php
C:\Users\dinht\Documents\RandomForest\test_file_benign_only\add_form.php,31/07/2025,62f567ac567cffa1e9e9323167764233,5f1bd3d005f98bf6dfc4e704318ea58fd52f7eb5,.php
C:\Users\dinht\Documents\RandomForest\test_file_benign_only\add_group.php,31/07/2025,c7efdf79e0f5e6763c18a45e85a6f14a,10fae9243144bd7dbe45c50f02aca2e82c139f8b,.php
C:\Users\dinht\Documents\RandomForest\test_file_benign_only\add_message.php,31/07/2025,fbe9c96bfa851e7ee50dc0d549b00c6e,dd2ddeeca191addf1ad5ca907761176aad862a13,.php
C:\Users\dinht\Documents\RandomForest\test_file_benign_only\add_panel.php,31/07/2025,532dd328f83f0fc17e37e5effa16ed50,bb73bf703f526c7c482fecc1a644bc102b0a0626,.php
C:\Users\dinht\Documents\RandomForest\test_file_benign_only\add_to_sets.php,31/07/2025,8b6b4cb17f8eb5df959e6571f9ba1ae1,8b7217a70c3b19bb4c06f5af4a078f4fc3b2462f,.php
C:\Users\dinht\Documents\RandomForest\test_file_benign_only\AdExchangeBuyer.php,31/07/2025,30a62df0bab86bfa4d593a13ff3e1fb5,9e2e4be51a731adaab810bef6b25fd18683de057,.php
C:\Users\dinht\Documents\RandomForest\test_file_benign_only\Adexchangebuyer2Empty.php,31/07/2025,50c46af11b36075d6278f9f86b802cca,871637e99e6102247fbdc42f73c674d52f5e2913,.php
C:\Users\dinht\Documents\RandomForest\test_file_benign_only\AdExchangeBuyerII.php,31/07/2025,929d55828a6d41cdd5d51edd52cf4a03,da57262b34ac03e5491a089f6a43296a6e8add53,.php
C:\Users\dinht\Documents\RandomForest\test_file_benign_only\AdExchangeSeller.php,31/07/2025,86e9cc906350ccf16f672f4bda5d6407,c52267f4427a8788ba79f53fe835a9eeb3884ffb,.php
C:\Users\dinht\Documents\RandomForest\test_file_benign_only\AdExperienceReport.php,31/07/2025,bd125894e56a7409633cc4452120b2d8,01b2708c937a4e834b3025ac0e6b13445488d0ed,.php
C:\Users\dinht\Documents\RandomForest\test_file_benign_only\AdhocTest.php,31/07/2025,a0bdd477952c71ad1c4abc713ebeed43,c30f6eca869018f8ad154c6198dbbf8c80112422,.php
C:\Users\dinht\Documents\RandomForest\test_file_benign_only\Adjustment.php,31/07/2025,daf048e843b9c0987d73217152d2e12f,7ef02c25fcf074bae1aa206808d8d070adcbbe2b,.php
C:\Users\dinht\Documents\RandomForest\test_file_benign_only\admin-ajax.php,31/07/2025,0f2ca000cdd4b7c7127adce96f5f29cd,63a90368718fa503035545220aa1dfc84b1284ff,.php
C:\Users\dinht\Documents\RandomForest\test_file_benign_only\admin-bar.php,31/07/2025,d9f7cd48f67c8f6761df3606f39284f3,6915561a621b722aa07cfd58f655370689c42d05,.php
C:\Users\dinht\Documents\RandomForest\test_file_benign_only\admin-filters.php,31/07/2025,4db4925568e465334609a7681d565aad,835e153f433f35f0002c6a494f85f6a4ef12bfc8,.php
C:\Users\dinht\Documents\RandomForest\test_file_benign_only\admin-footer.php,31/07/2025,6992c828ad23a10daf44ee24e00d2535,d3b87e593c1b38b5050a7b0d0962e051234379e1,.php
C:\Users\dinht\Documents\RandomForest\test_file_benign_only\admin-functions.php,31/07/2025,0bd9cc4fdb51a0ec7885240a49944f0b,008ba4074bbea60aa0a66fb965c18cb0a3ab1aa8,.php
C:\Users\dinht\Documents\RandomForest\test_file_benign_only\admin-header.php,31/07/2025,cacefe5d84904d3894e38e172f954c23,a299a1da3646e621573fe90a93f916bd53fa7efc,.php
C:\Users\dinht\Documents\RandomForest\test_file_benign_only\admin-menu-addons.html.php,31/07/2025,0186660ffe2c1cea75ced4ceec4941a1,c0e686d9dce3b011fdb45ef554944710dae93bf0,.php
C:\Users\dinht\Documents\RandomForest\test_file_benign_only\admin-menu-all-forms.html.php,31/07/2025,71d11ef5157718c4f8e13878c5e36341,ee1c57bcff2048c3dec07ec69e05880fd43aa2e5,.php
C:\Users\dinht\Documents\RandomForest\test_file_benign_only\admin-menu-import-export.html.php,31/07/2025,42a6d55546b0b9d8830be07caa663d22,2237e28f9e99be7844b79a90fccc6afa55aab937,.php
C:\Users\dinht\Documents\RandomForest\test_file_benign_only\admin-metabox-import-export-favorite-fields-export.html.php,31/07/2025,b56097e73b514efc289d458b61ea4932,19590cde9d55f3b23da20ee8ad5cc856a4d78f78,.php
C:\Users\dinht\Documents\RandomForest\test_file_benign_only\admin-post.php,31/07/2025,029f99842005b2ef81dfe5619f5ec8ef,8ea069be3c807e28aadd7f93f9fe53618f63098b,.php
C:\Users\dinht\Documents\RandomForest\test_file_benign_only\admin.css.php,31/07/2025,93f2346f3e0f53d22e3d14f7c83109cf,8680e324d3f757fbb8b5b8d07f63a63e40ba5108,.php
C:\Users\dinht\Documents\RandomForest\test_file_benign_only\admin.html.php,31/07/2025,591998e65fda23fbc1bd8cb4dff92d3e,e0dd39968f7c29afa6dcdc8271d40d4c91b3fdfa,.php
C:\Users\dinht\Documents\RandomForest\test_file_benign_only\admin.lang.php,31/07/2025,a2dac2979e6689f17514c182acd4bcb1,f7520b758e9460c9a9f79aacd5241e8610ceb5d9,.php
C:\Users\dinht\Documents\RandomForest\test_file_benign_only\Admin.php,31/07/2025,8426304bc41ee896069b7469701cd27a,d663a82e891c1aab88bb8a59827c93a0ff0ff144,.php
C:\Users\dinht\Documents\RandomForest\test_file_benign_only\AdminAccess.php,31/07/2025,a2b1e6b543ab2b72d790b5ea13782d3f,e44ba3c9b4caa2194744525ed9e87f19107e3d05,.php
C:\Users\dinht\Documents\RandomForest\test_file_benign_only\AdminAppTest.php,31/07/2025,e19b1eb8771cbe0faed12bab80285781,d2e63377fd5ec6961d8382f32ea33623ab91a848,.php
C:\Users\dinht\Documents\RandomForest\test_file_benign_only\AdminArticleValidate.php,31/07/2025,ba91a93fc419cd7d44d7ae694163ca41,3745bb8cfdf1869a784c6a45095334349cdac2dc,.php
C:\Users\dinht\Documents\RandomForest\test_file_benign_only\AdminAssetController.php,31/07/2025,689b2250aa113250b0427cc1ca78bd67,fc8a15b89ce52e559e105117f9c269ed8634ba25,.php
C:\Users\dinht\Documents\RandomForest\test_file_benign_only\AdminAuthenticator.php,31/07/2025,65dd2d9272927d6e6fd601b81adc624b,41110c2f5e3dbc1d9e0176e4df82545ede4de2d6,.php
C:\Users\dinht\Documents\RandomForest\test_file_benign_only\adminBaseViews.php,31/07/2025,933039365c0ef82366eba0cecd97b356,efd2029a3c4c99085d53cab86d57d4e744e2bbbe,.php
C:\Users\dinht\Documents\RandomForest\test_file_benign_only\AdminClient.php,31/07/2025,ae61178da5feaa071e63e4c227ce7faa,b4ab524e572a2affd6e9cb1925a04c7a7b1f0efd,.php
C:\Users\dinht\Documents\RandomForest\test_file_benign_only\admincmd.php,31/07/2025,3120b49226a5ede3e72d63a38fcc473c,10d59b5d232ec3e38bb40b1e5c87f281b63f79c0,.php
C:\Users\dinht\Documents\RandomForest\test_file_benign_only\AdminControl.php,31/07/2025,ad8f15523df6add4bbda96aba6d765ed,1d61cacc3f75e61d3c94f6c8972d41f77fc4c822,.php
C:\Users\dinht\Documents\RandomForest\test_file_benign_only\AdminController.php,31/07/2025,5459eadb34800d75c97d6dcdb28d930f,c8bbdb4e04be8b12ba0425c69e3ba7d095a27db1,.php
C:\Users\dinht\Documents\RandomForest\test_file_benign_only\AdminFooter.php,31/07/2025,7022d38f3545f81e5d0dee242db76458,4823c23ed565389ffbd455cd3c2ddba7c3e64711,.php
C:\Users\dinht\Documents\RandomForest\test_file_benign_only\adminfrom.php,31/07/2025,548fd89ad9306bf3c32310bb0762ee86,077925849d178f869c3eae4686ce0ca939dabc6f,.php
C:\Users\dinht\Documents\RandomForest\test_file_benign_only\AdminFunctionsTest.php,31/07/2025,37782a8670a3b083b11cacf3c345b792,ef63862bee4fdb28ca8835fab39708962e4d51a3,.php
C:\Users\dinht\Documents\RandomForest\test_file_benign_only\adminGeneralSettingsViews.php,31/07/2025,f75c56ac21791f210f9f0a466940756e,67de7a281933641e39cea0eae1b6c0d6eb402b0a,.php
C:\Users\dinht\Documents\RandomForest\test_file_benign_only\administrable.php,31/07/2025,9bfffa77aeb318c7e36a14bf0f427c11,228debfd6627dc5446eee34509684aa153cf61c6,.php
C:\Users\dinht\Documents\RandomForest\test_file_benign_only\AdministrationDomainName.php,31/07/2025,37b8b093e7763203c8b5973e743184ab,3d895ad67ce6f24005da69f31479a6015ed35866,.php
C:\Users\dinht\Documents\RandomForest\test_file_benign_only\AdministrationRegion.php,31/07/2025,955e69e913ba2264358251da3c142b8f,8d4f24f5e962a554bdea074830902fdeeeeff5c8,.php
C:\Users\dinht\Documents\RandomForest\test_file_benign_only\AdministrativeBody.php,31/07/2025,cb4fb7495e2d6df0b1ae19fc0821f93c,df0f0bb129dabe816af04c32cbe69488eb8eaffb,.php
C:\Users\dinht\Documents\RandomForest\test_file_benign_only\Administrator.php,31/07/2025,45619d48091f1c90c41153f43446b68c,9a19fafded266e7023c6ae0ee44c41ad6d68a515,.php
C:\Users\dinht\Documents\RandomForest\test_file_benign_only\AdministratorWebToken.php,31/07/2025,9923ab3e68cdbc1753f0ad9cf879ebfb,920343cc1624aedbcdb31ca6d210f1466991a882,.php
C:\Users\dinht\Documents\RandomForest\test_file_benign_only\AdministratorWebTokenSpec.php,31/07/2025,483d45cbcfecee100d981ad370a8613d,e8c4ce3b17d25dc34c63e072e8954801bf0b2aa2,.php
C:\Users\dinht\Documents\RandomForest\test_file_benign_only\administrator_1.php,31/07/2025,986f2b7322fe90454b4040977dfbc761,892e8e46a5912b4b75151b6069185d6539bfdc2c,.php
C:\Users\dinht\Documents\RandomForest\test_file_benign_only\adminlevel.cache.php,31/07/2025,bbe08fd8aee6a0f1af4678ee7d3aad45,2992a952194df566e45c8aa17470100e2c6cb6c4,.php
C:\Users\dinht\Documents\RandomForest\test_file_benign_only\adminlevel.php,31/07/2025,a031db2464a343615b838f708fc06aac,e319f0b001988f5c51e7e6020371bf94ae1c4d54,.php
C:\Users\dinht\Documents\RandomForest\test_file_benign_only\AdminListItem.php,31/07/2025,bab446712a3d1ac7304053bd96ae851f,73d5c4a635cee57e64181c8c2e44e196abc84d60,.php
C:\Users\dinht\Documents\RandomForest\test_file_benign_only\AdminLocalization.php,31/07/2025,ebba0a6da4766afa9c97711617ba8472,898045680f9a414ce644757fd8f2e955e3d7af50,.php
C:\Users\dinht\Documents\RandomForest\test_file_benign_only\adminlog.lang.php,31/07/2025,50a100a08ef84087fe1156ccb5d939a3,4297a00f93cc9ab06e3765d30098a7e4f5cf3698,.php
C:\Users\dinht\Documents\RandomForest\test_file_benign_only\Adminlog.php,31/07/2025,3ed0e856adeba621417bb6f746ea45e9,69bf6a2a4c643f1f4099ad4751e0379cb7f538a5,.php
C:\Users\dinht\Documents\RandomForest\test_file_benign_only\Adminlog_1.php,31/07/2025,b2711c53f4dea6342b3cfd8314296d2f,63f25b5836b1302706dbf17c00f7be697c28a16c,.php
C:\Users\dinht\Documents\RandomForest\test_file_benign_only\adminmenu.php,31/07/2025,5e3783296c99553399eb88e86662ec3d,d538448ec8b7c9cce797eb987a73a1e7d00f2dc6,.php
C:\Users\dinht\Documents\RandomForest\test_file_benign_only\AdminNav_1.php,31/07/2025,6d616ffe66dc22615713dd5835c4761e,622c0c540424297f47552e801ef7a77ebbd9174d,.php
C:\Users\dinht\Documents\RandomForest\test_file_benign_only\AdminNotices.php,31/07/2025,51b6eaf1fd08f20b7b9e08d2044daa4c,e0fd061d8801d859c52b40db5d47806418a19746,.php
C:\Users\dinht\Documents\RandomForest\test_file_benign_only\AdminOrderController.php,31/07/2025,ba14e9a0c3f7c9b8d281ae8339c44ada,73966069bf7c83b522f816b664094c7baeea2a77,.php
C:\Users\dinht\Documents\RandomForest\test_file_benign_only\AdminPageValidate.php,31/07/2025,582570260a2b49d966d6c7017bbf426d,35069fd557034b0bf269c1181682f8f7648d38d6,.php
C:\Users\dinht\Documents\RandomForest\test_file_benign_only\adminParticipantsViews.php,31/07/2025,92f5ff389031000f629ec8c289e9da0a,98c7cc1207402ace13b52a25d0d2124a02c4ca33,.php
C:\Users\dinht\Documents\RandomForest\test_file_benign_only\AdminRoleAccess.php,31/07/2025,5c44201c7799325c64a2c95bc17dc6e7,c416307b120dbbaf96d6536a3461f53fe5e24722,.php
C:\Users\dinht\Documents\RandomForest\test_file_benign_only\AdminRole_1.php,31/07/2025,0ee976b797873c9c559214d0506caf28,986dda06978e951aaf2df7a1267f5dc8195b82f8,.php
C:\Users\dinht\Documents\RandomForest\test_file_benign_only\admins.php,31/07/2025,7b35590d1b5e769b7923223a17ffac6b,1ed2ab78b2b2d804a2ddd3bd16b4475cad6ba3cf,.php
C:\Users\dinht\Documents\RandomForest\test_file_benign_only\AdminSessionHandler.php,31/07/2025,30820dd2a88a3382a444dc0f84d55204,6812cee532c85c873b03472c5733f09201611d55,.php
C:\Users\dinht\Documents\RandomForest\test_file_benign_only\adminSettingsViews.php,31/07/2025,89e2c49dfa476ba7e6ede70b0322b2ec,c2c028657f73d0e3a8abe6e3a55d122183662d58,.php
C:\Users\dinht\Documents\RandomForest\test_file_benign_only\adminSurveyViews.php,31/07/2025,37203c0ceff7fb0a12135138c0206ccc,a3889f810c3ceb8011f157e05d201ee3999df9ad,.php
C:\Users\dinht\Documents\RandomForest\test_file_benign_only\AdminTheme.php,31/07/2025,53a0f46d85c9ef30d70ca113e10f4c5a,91f86e34fd3766027637f66cb7b32fbb68f1fe95,.php
C:\Users\dinht\Documents\RandomForest\test_file_benign_only\AdminUser.php,31/07/2025,b02f4a8f4849e16f97d6ab696ee4f33e,9cac6666d343faec3f380efbffae5c87f2aeb296,.php
C:\Users\dinht\Documents\RandomForest\test_file_benign_only\AdminUserExampleFactory.php,31/07/2025,f384c130fb269744d7dc94ab7bd05bd3,41b582dea76938c9ccca50a5134f1ad20825fa28,.php
C:\Users\dinht\Documents\RandomForest\test_file_benign_only\adminUsersViews.php,31/07/2025,4b4d765f6b115e7951fb86bae9c07afb,40320943be03fd12ce46349d44f5b068a22c8b3a,.php
C:\Users\dinht\Documents\RandomForest\test_file_benign_only\AdminViewsTest.php,31/07/2025,787eff1b835f01073f7d10e692a4f6cd,e38a86e7ef4d660a7337035f043fdf78a3b82b96,.php
C:\Users\dinht\Documents\RandomForest\test_file_benign_only\AdminWxappValidate.php,31/07/2025,582a38729c566a7a71af7875b7d75724,d4e2facb7d54af064d7726cab40ff88fc7fb08d1,.php
C:\Users\dinht\Documents\RandomForest\test_file_benign_only\Admin_1.php,31/07/2025,f0092d23be9a907394db396dc4fc895f,a64d051d428867eedb1bf676d7f7a0c2831077cb,.php
C:\Users\dinht\Documents\RandomForest\test_file_benign_only\admin_10.php,31/07/2025,f2f2e3ef8dd80e4f8986420805e52bbe,4c862d55643399fb4a592fd221a8e1805e0e74bd,.php
C:\Users\dinht\Documents\RandomForest\test_file_benign_only\admin_11.php,31/07/2025,b687ce351d21b8ad17d5e9b86a908cbb,2b18c76d4c3183fb550a21c7da375755236ea277,.php
C:\Users\dinht\Documents\RandomForest\test_file_benign_only\admin_13.php,31/07/2025,66256d3bb943fed0e1e974afef8fe002,3e314f3605304ba17ba27d253a493deccb7bcbec,.php
C:\Users\dinht\Documents\RandomForest\test_file_benign_only\admin_14.php,31/07/2025,444afd41766b3375a0f88a6bf5be8115,d647134ef14dabc6344e9695cff80bc93b476e72,.php
C:\Users\dinht\Documents\RandomForest\test_file_benign_only\admin_15.php,31/07/2025,c1053ac992659815719c8c717e9e9420,b8463eda49e56a2ce6563cab80dcd8ecd8cf15a4,.php
C:\Users\dinht\Documents\RandomForest\test_file_benign_only\admin_16.php,31/07/2025,446f956b99f2002b7a7602f33452f0a0,b9795528ef284396dd4896f060f295f916c8ceee,.php
C:\Users\dinht\Documents\RandomForest\test_file_benign_only\admin_17.php,31/07/2025,7ca03f0b5e9a771d10d651568f98d402,a8b1cacb96f491136dbbffa096de42142d1bc04b,.php
C:\Users\dinht\Documents\RandomForest\test_file_benign_only\admin_18.php,31/07/2025,aada692844f7ec869f7491a436f8e9ee,721f3d6a10240086c7858bb5a127350cb7881589,.php
C:\Users\dinht\Documents\RandomForest\test_file_benign_only\admin_19.php,31/07/2025,41c1fcc063ec4d1669348facfb7ec585,43ddfbdb0e03c6fd6528366f39ef7c5ada40c9ca,.php
C:\Users\dinht\Documents\RandomForest\test_file_benign_only\Admin_2.php,31/07/2025,886e2bd386df8cbbc1fcff48ee7feeb3,11ff10fef2c53724c651c00f1081e95922815132,.php
C:\Users\dinht\Documents\RandomForest\test_file_benign_only\admin_20.php,31/07/2025,af42c17d12cde5f1e3b8699eaa080ea9,c2f63825c2134ae079193c60fb3e4d28edcf5c89,.php
C:\Users\dinht\Documents\RandomForest\test_file_benign_only\Admin_23.php,31/07/2025,769f35d2ff9792bed84c7696234f7bc5,8958d53a2d6c103c2efe35ad5d4d76dcd98843ba,.php
C:\Users\dinht\Documents\RandomForest\test_file_benign_only\admin_24.php,31/07/2025,35e197ce949d114e583345b80d1308fc,55dacf8a40ee131f2d6adc47b0eb3aaa3cc5dc9f,.php
C:\Users\dinht\Documents\RandomForest\test_file_benign_only\admin_25.php,31/07/2025,5e853f6ab8ed929265dc2d1dcee11e3c,c6aabbdcad9ec732d4b55285fcdbd28c59e43498,.php
C:\Users\dinht\Documents\RandomForest\test_file_benign_only\admin_26.php,31/07/2025,48f1fe3370f9d713b027655b6785e694,ff2a82599e221aeb2a7087fc56f5d22246d6fdb8,.php
C:\Users\dinht\Documents\RandomForest\test_file_benign_only\admin_27.php,31/07/2025,978c72880bc9dce93e59d1c851f96467,5dcbc0db982c9690ee3fab1ab939ac97c0b34f5e,.php
C:\Users\dinht\Documents\RandomForest\test_file_benign_only\admin_28.php,31/07/2025,e73f07e775488ad1357f6b716768fca9,37b3cc483c9f59ff91d5c79e22348191847720ed,.php
C:\Users\dinht\Documents\RandomForest\test_file_benign_only\admin_29.php,31/07/2025,e47948592b11c6a3835d5de29fea3de2,c1e47ef01d5d6f16179d4daa1077c12f6ba83d30,.php
C:\Users\dinht\Documents\RandomForest\test_file_benign_only\admin_3.php,31/07/2025,cfa1adb23db06a81ff2fb9379f4d8169,a0b4161bcda9b84213c1062b8bf0f37d313e6d5f,.php
C:\Users\dinht\Documents\RandomForest\test_file_benign_only\admin_30.php,31/07/2025,06bea49f91b37858cc634950819e122b,6fc03fe04ac2e8a5ee7f3bc9b5f04a5b296ab349,.php
C:\Users\dinht\Documents\RandomForest\test_file_benign_only\admin_4.php,31/07/2025,67a9399e92ba8f9bab054735450dd8aa,d27972b0338779803cc6988c756fd40ed08c59b2,.php
C:\Users\dinht\Documents\RandomForest\test_file_benign_only\admin_5.php,31/07/2025,55dc7ace65ffa825a906d4f011ab2d43,e583af1cb647ac395d2ca8abe3460bbec31168a4,.php
C:\Users\dinht\Documents\RandomForest\test_file_benign_only\admin_6.php,31/07/2025,ab5f6ef37f1a4d71d278731f3b15dfb2,90bd3b9956cef486724c6c0289d8e36a7e083b13,.php
C:\Users\dinht\Documents\RandomForest\test_file_benign_only\admin_7.php,31/07/2025,d297353dd3bb55462835c5f807b140ce,c5f6efbedfab739d6c2fb2fec34cbc0b4322a4f4,.php
C:\Users\dinht\Documents\RandomForest\test_file_benign_only\admin_8.php,31/07/2025,fefdd7d1d60e55040c18e35dc8943a5d,c737f15bd4b47d7780b5449cab6bc75729b2a40c,.php
C:\Users\dinht\Documents\RandomForest\test_file_benign_only\admin_9.php,31/07/2025,1527a905664bc221299bdabc002836f5,8d523a1c7f8d2b39e68dc02bb91bc1ae0f442aea,.php
C:\Users\dinht\Documents\RandomForest\test_file_benign_only\admin_example.php,31/07/2025,e92586f8450d8075f617220661391977,1acfab9c5b0e1d8bac3f342e54c0fd9b1c4d9532,.php
C:\Users\dinht\Documents\RandomForest\test_file_benign_only\admin_exception.php,31/07/2025,d8224aaf440fa2a55d893af0669f8772,9d0f13b03bc057c15c20ae4d67767f936c4294aa,.php
C:\Users\dinht\Documents\RandomForest\test_file_benign_only\admin_exception_2.php,31/07/2025,adf66ecb985a89083d4edc9a88312123,1da169919570a3f5700c13dfdda0ac08af8d7946,.php
C:\Users\dinht\Documents\RandomForest\test_file_benign_only\admin_exception_3.php,31/07/2025,6db34c6cb0d0686bb3748c492c3d1e22,3736f1012d613a58ee2f95a0fd8d4d47bc2dec89,.php
C:\Users\dinht\Documents\RandomForest\test_file_benign_only\admin_exception_4.php,31/07/2025,9720990f4fa71a31569a41eeacdae179,94d953a245316047afa877dd29b95f72db807e63,.php
C:\Users\dinht\Documents\RandomForest\test_file_benign_only\admin_menu.php,31/07/2025,c8bbe906a9605f577f33eada64542d43,3841fcbda32e8b6e86962320f6f59ea0a067188e,.php
C:\Users\dinht\Documents\RandomForest\test_file_benign_only\admin_notice.php,31/07/2025,1b0ed999935f2b201cec33f801def65d,d244523ce1fbd340dc7b2538d056d4df1011faec,.php
C:\Users\dinht\Documents\RandomForest\test_file_benign_only\admin_notifications.php,31/07/2025,654bb36e8c15938114ac1991f9a31b48,a5ca4b96376a3301a90216faee2aa4f0a566f36f,.php
C:\Users\dinht\Documents\RandomForest\test_file_benign_only\admin_tree.php,31/07/2025,071ae7dee3593f31ef8d29e3ca90dfd3,1d4e0066af3576a222ec034c43ce46481ef6e656,.php
C:\Users\dinht\Documents\RandomForest\test_file_benign_only\adodb-cn.inc.php,31/07/2025,d4aa9c43c05f7a688b8608dc4c4bb386,16d1f081e6afbf65c4c14f4f86e01e9eec4f4bdd,.php
C:\Users\dinht\Documents\RandomForest\test_file_benign_only\adodb-encrypt-mcrypt.php,31/07/2025,93e621718a44ff775672545caa961deb,5b3b8c68580027cb82062f388cdb164c577403b7,.php
C:\Users\dinht\Documents\RandomForest\test_file_benign_only\adodb-odbc_db2.inc.php,31/07/2025,d34133f5fab056c71518a20d447c8bbd,84773d3bf0a22646934382efb3b31701ed02c559,.php
C:\Users\dinht\Documents\RandomForest\test_file_benign_only\adodb-oracle.inc.php,31/07/2025,bb52a66d809274658ddd5a9d7e1e1761,acd6c1be5cf93e18c6923517945cfb5417632770,.php
C:\Users\dinht\Documents\RandomForest\test_file_benign_only\adodb-proxy.inc.php,31/07/2025,af4be8719ad152cf359d34954edaf381,13116ec9ab6684d5ca22faff5beb52726b64574c,.php
C:\Users\dinht\Documents\RandomForest\test_file_benign_only\adodb-sapdb.inc.php,31/07/2025,af7bdce7fc242e30b7d07f31693280b5,05c055066f205cf0171f7737f8d5d2b7396eff83,.php
C:\Users\dinht\Documents\RandomForest\test_file_benign_only\ADOdb.php,31/07/2025,f32ce1a067e90c09b1ec6b6364210f68,2ba341ddcef0a55c2bf1e7fb744fe498e9bd7d44,.php
C:\Users\dinht\Documents\RandomForest\test_file_benign_only\AdoptionInteraction.php,31/07/2025,40f8f796e090b54a7d1f2199b167bc0d,93ab85555f770cb4dfcdb9e04fade24cbe62096b,.php
C:\Users\dinht\Documents\RandomForest\test_file_benign_only\AdPosition.php,31/07/2025,4f2c8d78855f6b2035034a96776b70f2,86ba451bc56fddd6cbd20c62283b1c3d5258bea9,.php
C:\Users\dinht\Documents\RandomForest\test_file_benign_only\AdPosition_1.php,31/07/2025,3d3f7e47007f6ff2810a00df6b46993a,530adba4a88b1fcd541ae5246b2757921f0d7c76,.php
C:\Users\dinht\Documents\RandomForest\test_file_benign_only\Ads.php,31/07/2025,89b13a96919a7f580849499e475e79fd,1c32dc4a6d85103a984fdde69730cbd83e8d16cd,.php
C:\Users\dinht\Documents\RandomForest\test_file_benign_only\AdSense.php,31/07/2025,164c362af8583f7d6b9348b42711d5a2,50bcedb736aa926567e10367c4f64e10e751b4a3,.php
C:\Users\dinht\Documents\RandomForest\test_file_benign_only\AdSenseHost.php,31/07/2025,145fd5a19968e4721a5d581de42c19e9,6480d7fe27ecaa677730530b7119cd226a21b9c4,.php
C:\Users\dinht\Documents\RandomForest\test_file_benign_only\AdsenseReportsGenerateResponse.php,31/07/2025,7fb75fe08b96efb5e02d6e7af4b4a074,5816b0463e4b587b0c7cd83b38b3eb15b1113f97,.php
C:\Users\dinht\Documents\RandomForest\test_file_benign_only\AdsenseReportsGenerateResponseHeaders.php,31/07/2025,7d38bb404addd44b2a3bb114b8dc0d54,3795279aa0c6c7e951d83d562185382baa97b4a6,.php
C:\Users\dinht\Documents\RandomForest\test_file_benign_only\AdsListResponse.php,31/07/2025,2ca814954433f67a62cc811587b9eeb8,321aae8e9299a85ea9b76d506c239e130ee0fd5d,.php
C:\Users\dinht\Documents\RandomForest\test_file_benign_only\AdSlot.php,31/07/2025,de5f725f01a2627b129fb9423e980485,0bb9df9b546beee7365bc3c4859f9ad72e90fbb4,.php
C:\Users\dinht\Documents\RandomForest\test_file_benign_only\AdStyle.php,31/07/2025,e14eb818a81e4f7c3d4a47a5f8a60643,10130dd14e8c59f65c97a53bce4517ea148e149f,.php
C:\Users\dinht\Documents\RandomForest\test_file_benign_only\AdStyleColors.php,31/07/2025,30e338bafc4da4069731e35999d2625d,b884def2a8eeaca32dbb116f9e75203e3c08a8a7,.php
C:\Users\dinht\Documents\RandomForest\test_file_benign_only\AdStyleColors_1.php,31/07/2025,965d5b0d29a634a8b246d64956c356c6,c8cc46a1daf5a2a87af1b6fa4916bf3b762300a3,.php
C:\Users\dinht\Documents\RandomForest\test_file_benign_only\AdStyleFont.php,31/07/2025,e39b978926247c05d9326e68efbea47e,30d4dc06ffe09562d48349a813e91d45fef16a71,.php
C:\Users\dinht\Documents\RandomForest\test_file_benign_only\AdStyleFont_1.php,31/07/2025,caf0d250882a7e8363a03857bd58d61c,b49ca26da8c8c759a24a5fd151cf623462ed0aa7,.php
C:\Users\dinht\Documents\RandomForest\test_file_benign_only\AdStyle_1.php,31/07/2025,cb9b8e50688b749aebaf8a3a38881b51,4ae7d0c3d3c649a1687c6cf3a8dcf7ecd08cfd76,.php
C:\Users\dinht\Documents\RandomForest\test_file_benign_only\AdUnit.php,31/07/2025,83d4e92aaccea9c1145384e1f341f5fe,d5b5cbb7f533cd585eb8329cf342febcb019cf0e,.php
C:\Users\dinht\Documents\RandomForest\test_file_benign_only\AdUnitContentAdsSettings.php,31/07/2025,f1507da03429359a3d9497107f969c44,54fa5b130dd1f0d80ee95e51c7b6dc947c5c18f6,.php
C:\Users\dinht\Documents\RandomForest\test_file_benign_only\AdUnitContentAdsSettingsBackupOption.php,31/07/2025,9feca7b063c3427a1f7459848457675c,bc4f31db3ad59cf2ba3b3f5c1bbe84350042f58f,.php
C:\Users\dinht\Documents\RandomForest\test_file_benign_only\AdUnitContentAdsSettingsBackupOption_1.php,31/07/2025,6f9e97f30edacbffbe2b27e4264c3b02,a4ba00c51cf204d985cb29139c47ef7039b938c7,.php
C:\Users\dinht\Documents\RandomForest\test_file_benign_only\AdUnitContentAdsSettings_1.php,31/07/2025,701fe09619786b853a4811582320ccca,5a31a75bf68057dedd4cf90f7b029342966f80f8,.php
C:\Users\dinht\Documents\RandomForest\test_file_benign_only\AdUnitFeedAdsSettings.php,31/07/2025,0e4d2abd02ec6ec53de5c0777fb6f6b4,85c4b7779874e6accc43304003a163123cbcc89e,.php
C:\Users\dinht\Documents\RandomForest\test_file_benign_only\AdUnitMobileContentAdsSettings.php,31/07/2025,63d8a1180c8add2e40846b1fe3897066,eb7e9f04ed59470dfc1eda091a8e9773e8cc6b57,.php
C:\Users\dinht\Documents\RandomForest\test_file_benign_only\AdUnitMobileContentAdsSettings_1.php,31/07/2025,91bfbdbe8108c6b5d9a998b00ba89736,44ceece820b71a7d49f8bcc618fd6513a43b0880,.php
C:\Users\dinht\Documents\RandomForest\test_file_benign_only\AdUnits.php,31/07/2025,b35dbf90d50367a8d253ec9481fd2d62,a46cb14ff75dca90e77327bdcf6c59fcb6d879fb,.php
C:\Users\dinht\Documents\RandomForest\test_file_benign_only\AdunitsCustomchannels.php,31/07/2025,b733aa372d0647dcd7875fc7911cbd03,8fa0a06ce4fc1884cf56656c48a9a32d70009b11,.php
C:\Users\dinht\Documents\RandomForest\test_file_benign_only\Adunits_1.php,31/07/2025,5b9b544cca686843431e6de5b2a75d10,ebda86e49ff733d1dac63fafdf3dccb03869c0e8,.php
C:\Users\dinht\Documents\RandomForest\test_file_benign_only\AdUnits_2.php,31/07/2025,d0576afcbe9fa6339304a9333fd64a40,a988d09c880290215d502985e062ff97bad9f91b,.php
C:\Users\dinht\Documents\RandomForest\test_file_benign_only\AdUnit_1.php,31/07/2025,cefb40c4e7218e9add4aa154b4dfe3ff,c0713606f8ec92147612acfa6f7026dca4a8622c,.php
C:\Users\dinht\Documents\RandomForest\test_file_benign_only\adv.lang.php,31/07/2025,594ef6f60c2b3e28a340361a6c8340e4,fffeb0dd8595ec93f44ef64c65ff85a02747c083,.php
C:\Users\dinht\Documents\RandomForest\test_file_benign_only\Adv.php,31/07/2025,087fa5be83254ac560faab06762cf4bd,26be1540d270803840392555af396b78cd04b31b,.php
C:\Users\dinht\Documents\RandomForest\test_file_benign_only\Advanced-Relationships.php,31/07/2025,f933983cdd6dbafc2fd177eeacdd9b08,161d00a97e706c268f22bfcd00d2dd6c90a78410,.php
C:\Users\dinht\Documents\RandomForest\test_file_benign_only\advanced.php,31/07/2025,1be96256d6f693a09d815378983a2bf0,b65ecef89d8f5ced7c80d3dc56705587a8c5c54a,.php
C:\Users\dinht\Documents\RandomForest\test_file_benign_only\AdvancedValueBinder.php,31/07/2025,4c54983518a79bb45d5d54316f88bb19,4ebed3eda34d653e7beb0d3cdca7768081c73650,.php
C:\Users\dinht\Documents\RandomForest\test_file_benign_only\AdvancedValueBinder_1.php,31/07/2025,dfb33b91b611417dd4aa229ebff9e7d9,97f94ae177044056a9d5ac73172fb207f5e1edc1,.php
C:\Users\dinht\Documents\RandomForest\test_file_benign_only\advanced_1.php,31/07/2025,421b913012c860a8ceae4a758ba70be7,d138545510ff282a1e933a1b660aa267fe6e1be2,.php
C:\Users\dinht\Documents\RandomForest\test_file_benign_only\advanced_2.php,31/07/2025,75a2a7cfb92dbff5f322ec38a1b9c22c,cfef75c433733ad174c13054a625e4bf3d94c6ea,.php
C:\Users\dinht\Documents\RandomForest\test_file_benign_only\advanced_settings_view.php,31/07/2025,9f323b3542565714a6366efc43d65ec9,1bfd6e97c2179b53c42a9a8e19ea9552f28b6916,.php
C:\Users\dinht\Documents\RandomForest\test_file_benign_only\Advclick.php,31/07/2025,e1e9ba1adc15803e2d96d3a972bcb81e,c7c3d387d70020a0985a3656baa9013e009ed2c2,.php
C:\Users\dinht\Documents\RandomForest\test_file_benign_only\adver.php,31/07/2025,f51eb1862c1d5ca6be28ae22c7fecd6b,b37fc0ff44d6caa95c13b4f8fc3575880f4ebf52,.php
C:\Users\dinht\Documents\RandomForest\test_file_benign_only\AdvertisedId.php,31/07/2025,9e70139aefcae328653d7f93788d4978,d8f304c6f65938d48481df5a9bf061f57162cd5b,.php
C:\Users\dinht\Documents\RandomForest\test_file_benign_only\Advertiser.php,31/07/2025,247ddb574a8c84507e726562c2bc4c89,d16e8b73babe6217a4f047fa4ddb49af903b3fe5,.php
C:\Users\dinht\Documents\RandomForest\test_file_benign_only\AdvertiserExperienceData.php,31/07/2025,e0b97535d2c97dd38d29a195dd6f3e07,f0538fe4f1b49567987a5b0f11fd7dd415e8304c,.php
C:\Users\dinht\Documents\RandomForest\test_file_benign_only\AdvertiserGroup.php,31/07/2025,6782b5bd59dcb3ca3bf0a15ec9a3dc0f,18750fb964b3de36bb298bd4a1b86165b4666009,.php
C:\Users\dinht\Documents\RandomForest\test_file_benign_only\AdvertiserGroups.php,31/07/2025,09a6a22b0cc893ac7f1d7509d689851a,1bc3370ef6a0ae7d2eebe3857a78c904306f906c,.php
C:\Users\dinht\Documents\RandomForest\test_file_benign_only\AdvertiserGroupsListResponse.php,31/07/2025,ed0285817adcd5ad5f5ab414a5979e99,e5e7f6755eb18059020e28aa2461d6be42276fba,.php
C:\Users\dinht\Documents\RandomForest\test_file_benign_only\AdvertiserLandingPages.php,31/07/2025,b731aad3cf8fe6a91b6572d5a7962be7,ee91c226254f983bf7db6122be10de7212b7514a,.php
C:\Users\dinht\Documents\RandomForest\test_file_benign_only\AdvertiserLandingPagesListResponse.php,31/07/2025,06fe76de713e7af779c8a43445b7f128,15aec6a4761e1818d802a1f6eb521817cf487c19,.php
C:\Users\dinht\Documents\RandomForest\test_file_benign_only\Advertisers.php,31/07/2025,8084503898ef171196166c2bd2fd319d,950b83a8c619df3cd50ca8d8ec140a2bd11247c1,.php
C:\Users\dinht\Documents\RandomForest\test_file_benign_only\AdvertisersListResponse.php,31/07/2025,3520d4e0e7b958f533c50b132a631a86,c73a96bf3839f6da4f10fe24fbf039e47a2d0c38,.php
C:\Users\dinht\Documents\RandomForest\test_file_benign_only\adver_1.php,31/07/2025,2d8dac44c29343f994c49c9715493713,2a611b95ded551f6396b6d042dee3cd05545e30d,.php
C:\Users\dinht\Documents\RandomForest\test_file_benign_only\Advice.php,31/07/2025,eb7a1584bcba3208935c33a1365fcccf,5fe6c0b85c188d84289a15790e5d0f663062d605,.php
C:\Users\dinht\Documents\RandomForest\test_file_benign_only\Adv_1.php,31/07/2025,8b283d06610d54fe3ab11fa8e181f11e,ffe61c3e06c5272676cb7d31a6011ac0323df709,.php
C:\Users\dinht\Documents\RandomForest\test_file_benign_only\Adv_2.php,31/07/2025,49331d26869061c2ac17024d7c08822a,55e67512e4d9cf064fcd39fb2094e136d4b89c69,.php
C:\Users\dinht\Documents\RandomForest\test_file_benign_only\AdWordsAccount.php,31/07/2025,a94534045f3b8b1e3b7ea632a75991bd,705507952b3878e898dd970ba915e32df6e83169,.php
C:\Users\dinht\Documents\RandomForest\test_file_benign_only\AdWordsManagerAccountInfo.php,31/07/2025,40cc5390c79c37255939a43180200313,9a5596e4ffff212f7cbcae1da6becc352f455cf0,.php
C:\Users\dinht\Documents\RandomForest\test_file_benign_only\ad_1.php,31/07/2025,a64c49c0cfabe9bbd78375a9d87a1077,b6db634e588203a7a99f726018bf7f1d119f1226,.php
C:\Users\dinht\Documents\RandomForest\test_file_benign_only\Ad_3.php,31/07/2025,0e82875bcc913f83a800f276d9b734cb,62c3cbf02f599ff3925ae5eff750681a1712ee1c,.php
C:\Users\dinht\Documents\RandomForest\test_file_benign_only\ad_fixture.php,31/07/2025,492a8ec66d5e884e99b3388cca3d5857,916a21b0d5fae27b312d2fc744979fa89d6a708d,.php
C:\Users\dinht\Documents\RandomForest\test_file_benign_only\aealarabiya.php,31/07/2025,c49883919b7912057b1ffad674a9c7c2,0a743d4ff2464cde1f0dbaeca91c99c4e4b93af2,.php
C:\Users\dinht\Documents\RandomForest\test_file_benign_only\aefurat.php,31/07/2025,c0f60dd955a2bd3e6bace66eb362c9a5,6c5ce23eaf5370b31f155b7be4470bf2f4d37534,.php
C:\Users\dinht\Documents\RandomForest\test_file_benign_only\AES.php,31/07/2025,22d0024134a5291b96ba1e04ff5706cc,bf5aa2e421da058e73421065aa5e6c706f12e5c2,.php
C:\Users\dinht\Documents\RandomForest\test_file_benign_only\AES_1.php,31/07/2025,791170771038c66d7c8289637d4ac831,6afa6dec9d253a91a57aaf462c30d5b91aeadc15,.php
C:\Users\dinht\Documents\RandomForest\test_file_benign_only\AES_2.php,31/07/2025,4bb17281271714e2b670243e630f1c7a,87c4e0b3781933eee088112e414e86b8d25a8390,.php
C:\Users\dinht\Documents\RandomForest\test_file_benign_only\af.php,31/07/2025,40b0b2807f635455f57bb709694097e1,1a94e46860367f223a2e41c93d92add37f416d89,.php
C:\Users\dinht\Documents\RandomForest\test_file_benign_only\affected.html.php,31/07/2025,a66f01a4e680ef1de915dd4bdc81cdf7,f440332ba2ba26e03f54e57839bc6206dd2cbd56,.php
C:\Users\dinht\Documents\RandomForest\test_file_benign_only\AffectedTest.php,31/07/2025,e42b141e2a063c57d8f2ff2ad5c33185,3fec4a00be35829fbb6536ad66d07718eca41cf8,.php
C:\Users\dinht\Documents\RandomForest\test_file_benign_only\AffineTransform.php,31/07/2025,1ce1e6c143dfd303e6fab70922715bb8,8d63170fd29dc70f07b09a98632ca6610deae0a7,.php
C:\Users\dinht\Documents\RandomForest\test_file_benign_only\AfterCallAspect.php,31/07/2025,e3e0d6e94fbc15dcf2c57620e051e321,99be451d5f856c7f1494035b033d31eddd86af22,.php
C:\Users\dinht\Documents\RandomForest\test_file_benign_only\afterexec.html.php,31/07/2025,4e570a65b2ba46136c6ac1d7a54ed45d,24e4978ba943a7bf1f6f9f74b8da76e1ade7aea7,.php
C:\Users\dinht\Documents\RandomForest\test_file_benign_only\AfterLastTestHook.php,31/07/2025,bac426768b268143b770f32b961cafd9,a747467782bb0eb9401e936eced462fa71853a82,.php
C:\Users\dinht\Documents\RandomForest\test_file_benign_only\af_1.php,31/07/2025,226a06c14e80bc9a80df4e1faadd6768,5bc6e174f460c5d04b4ba697f557884a4dd3bd32,.php
C:\Users\dinht\Documents\RandomForest\test_file_benign_only\af_2.php,31/07/2025,9172552839c12c9862e5c558899a4b94,5a61f32767b2431245e2d92391e756e5f5f3570d,.php
C:\Users\dinht\Documents\RandomForest\test_file_benign_only\af_na.php,31/07/2025,844617859f34467c063adcf3645634d9,621f35f26babf9ad5ec7d1c8ab8df3520b3880dc,.php
C:\Users\dinht\Documents\RandomForest\test_file_benign_only\af_za.php,31/07/2025,a0e5d5632f25a4b2fd34461f226c4aa7,72074270527d61ad17307f1c1c95b938bd6e4348,.php
C:\Users\dinht\Documents\RandomForest\test_file_benign_only\Agent.php,31/07/2025,4d1554ca5700f3359c827a8cb9c9ca07,3d79f2e9cb38bffad336b5fc945f6aa0d1cf6764,.php
C:\Users\dinht\Documents\RandomForest\test_file_benign_only\Agent_1.php,31/07/2025,85e39b32b3004e8c3fd39243382c9246,1e69dc0b2e408a7fbb26dfa9d1324dfec0759c23,.php
C:\Users\dinht\Documents\RandomForest\test_file_benign_only\AgeRangeType.php,31/07/2025,cfa938b1ef017e5035755cf6021750a4,122c037464e349fd85eef17b601df0dcccdf186f,.php
C:\Users\dinht\Documents\RandomForest\test_file_benign_only\AgeRangeType_1.php,31/07/2025,47deec706b35351b8025b2ffb9a74cdf,1adabca66ac199aa8933b22c76e702a5afeb7b3d,.php
C:\Users\dinht\Documents\RandomForest\test_file_benign_only\AgeRestriction.php,31/07/2025,5abbe47b2d97cba239db0ca4bea578e9,268b54ceb0a838f4c69f7f7126e1772bad90a2e1,.php
C:\Users\dinht\Documents\RandomForest\test_file_benign_only\AgeStats.php,31/07/2025,65a6c11e7b211b379e42d4942e2f4a45,e5ec50e354af07d3d42b4cdc7aa33eed2a64a654,.php
C:\Users\dinht\Documents\RandomForest\test_file_benign_only\AggregateBucket.php,31/07/2025,b6b50a8f385e5007ba397c06bf3c61b3,e04e7e264da5425957d27ec0b8368998afa5f3de,.php
C:\Users\dinht\Documents\RandomForest\test_file_benign_only\AggregateBy.php,31/07/2025,cf95c965973642d5ee7be611c2b5e145,215f04b9c8a2b5dffed5f539ab164e4a2e9066d2,.php
C:\Users\dinht\Documents\RandomForest\test_file_benign_only\AggregateConnectionInterface.php,31/07/2025,d470e4344624e522c7ef49b6fefeee8a,2b2a81612b3173f4ad3e2ce9c8f59c03d035e659,.php
C:\Users\dinht\Documents\RandomForest\test_file_benign_only\AggregatedCollector.php,31/07/2025,cd6057a8bb3e93b47dae23180d48ec7d,2b0f7071d8abe031c91cfff3c630bd251055638b,.php
C:\Users\dinht\Documents\RandomForest\test_file_benign_only\AggregatedStats.php,31/07/2025,0d8f0c392058685e3c7ffe253ee06da3,4e4e6ee9cd783670cdfefcc5ae898a74f36bb788,.php
C:\Users\dinht\Documents\RandomForest\test_file_benign_only\AggregatedStatsReply.php,31/07/2025,f63571b769dad424d045226aee0349f2,c210cb495894052bf367a2ee8ca016906d5d3d70,.php
C:\Users\dinht\Documents\RandomForest\test_file_benign_only\AggregateException.php,31/07/2025,babe9fcc334d0b4fea85e9e05f4d552e,7b1d9590467ebb9ecedc1740ce4e16a745126907,.php
C:\Users\dinht\Documents\RandomForest\test_file_benign_only\AggregateException_2.php,31/07/2025,75e2fdcfa8293427d423d81f552c329a,06ec3dd6f9869322dc252f97cb07dec8c1b10fa5,.php
C:\Users\dinht\Documents\RandomForest\test_file_benign_only\AggregateRequest.php,31/07/2025,5cd880ebf2774fdd49fa12edc18e5a65,ac0d76b9ad63fc203958255742cb61a870871766,.php
C:\Users\dinht\Documents\RandomForest\test_file_benign_only\AggregateResponse.php,31/07/2025,336d8517881ea3dd8da48879aacfec99,0de4ffc64fddda044c10013daad2b691f11187dd,.php
C:\Users\dinht\Documents\RandomForest\test_file_benign_only\AggregateServiceProvider.php,31/07/2025,e521dc12d8201ad13f9f8c9cbe783c3d,32115190c11e1e5749cbc749fc19a1c835069692,.php
C:\Users\dinht\Documents\RandomForest\test_file_benign_only\AggregateStats.php,31/07/2025,2cd33ecb71e78570cef14422ea7defa7,c269f80452fa717d16418c3f7ca120c10d21005a,.php
C:\Users\dinht\Documents\RandomForest\test_file_benign_only\Aggregation.php,31/07/2025,6ff864304d5ceb86ec5836c880e7b62b,199d9691517007bf9f0353d25e38ec596d97111e,.php
C:\Users\dinht\Documents\RandomForest\test_file_benign_only\AggregationInfo.php,31/07/2025,7cdc4f768a15366154d03a9d4f8c52aa,bc1f4238d48bdc1d7dd83e5fa0d20d7ac939f2bb,.php
C:\Users\dinht\Documents\RandomForest\test_file_benign_only\aggregator.php,31/07/2025,62f477b5aa0b94423465bd3eb1ec27a4,f3873bbca886c3d982703d0fe9a863eb1b81f240,.php
C:\Users\dinht\Documents\RandomForest\test_file_benign_only\agq.php,31/07/2025,8b08c9b43ea66fe84599137c2c4a919d,1f426d450c7e52b2c4f8368317aa7b58f39429e9,.php
C:\Users\dinht\Documents\RandomForest\test_file_benign_only\agq_cm.php,31/07/2025,35c1ad0082ed5c3bedd5d3baaf8ad1ca,ebff80548cd32ba3a3523a91ab63c1f95ec516db,.php
C:\Users\dinht\Documents\RandomForest\test_file_benign_only\agreement.php,31/07/2025,442119c6a0060fb939df3270f88e86a2,05991a0a99d954ddaa19dbc2a3a6a49f435687b0,.php
C:\Users\dinht\Documents\RandomForest\test_file_benign_only\AimeosInstaller.php,31/07/2025,45f0574d6936ea3d3c152a407d6da2f0,44edf127830ef346ce7a5b223f3c6a19da63e082,.php
C:\Users\dinht\Documents\RandomForest\test_file_benign_only\AircraftData.php,31/07/2025,37aa3e86d5f800e9f122b12fe8f394cf,86bddccb8f54b561e4351e581b4b760222b7fa88,.php
C:\Users\dinht\Documents\RandomForest\test_file_benign_only\AirportData.php,31/07/2025,9faac5dd65c5e4e20a9f867b5a55cf7e,bd4bb9a0875eee5ca8a0e6d4620d771a5aa28e9f,.php
C:\Users\dinht\Documents\RandomForest\test_file_benign_only\ajax.php,31/07/2025,9696d258403fcc8bfc4af8eb51c22cf8,0894c4915601df3aaf2029c6e1fe59f2b2af2ed8,.php
C:\Users\dinht\Documents\RandomForest\test_file_benign_only\ajaxcustom.html.php,31/07/2025,596092fc53cba71351eee5bbee4f0213,6d36f8ae5a1a003a4b66d6b7d227913ece3ee625,.php
C:\Users\dinht\Documents\RandomForest\test_file_benign_only\AjaxDataCollector.php,31/07/2025,adf120d796c1691260a34c3967c8a846,fa629bd2bbd579a17882e95b7800815178ccc042,.php
C:\Users\dinht\Documents\RandomForest\test_file_benign_only\AjaxGatekeeper.php,31/07/2025,616ccbe23f163c7bb5e05089d734e732,82e33b2849f57258c6103709edb2f825794d80a1,.php
C:\Users\dinht\Documents\RandomForest\test_file_benign_only\ajaxgetclientpackage.php,31/07/2025,f0fcd6401d815f683c9699f91a7d5256,6678061a8e8ec2b99d88ca73cc302d325e3c3e8b,.php
C:\Users\dinht\Documents\RandomForest\test_file_benign_only\ajaxgetdropmenu.html.php,31/07/2025,80af1ab39a9014a4ae11d406778da12f,ee936fd2b88a939f335acd08b4f7d2035913f45e,.php
C:\Users\dinht\Documents\RandomForest\test_file_benign_only\ajaxgetdropmenu.html_1.php,31/07/2025,b730fa8634bba7c9aef63919d25c6a53,d133342df685b46821617d531d4d143a2d1647f3,.php
C:\Users\dinht\Documents\RandomForest\test_file_benign_only\ajaxgetdropmenu.html_2.php,31/07/2025,f01a9fbf0a53e534dc6e55965eec6382,ba4f7929122083ab0a17c3d54c13a7a46df4efdd,.php
C:\Users\dinht\Documents\RandomForest\test_file_benign_only\ajaxgetdropmenu.html_3.php,31/07/2025,1a198c823347c1029db44b7787535a3f,2434a6a57446ca16a88f6ca4a28e0e07abadf052,.php
C:\Users\dinht\Documents\RandomForest\test_file_benign_only\ajaxgetdropmenu.html_4.php,31/07/2025,512cca050cb565730b9558d6004d8a89,945867e905d3fbef5698f63a64160f5aa768c443,.php
C:\Users\dinht\Documents\RandomForest\test_file_benign_only\ajaxgetpackagesize.php,31/07/2025,0bb4e17952a7ca318f93a1bee8aa556e,646e198ad87a99e6fe987003a67912817fe069fe,.php
C:\Users\dinht\Documents\RandomForest\test_file_benign_only\ajaxkanbansetting.html.php,31/07/2025,279e626c87b814748a24dc222aa22117,130fda43af53e896620d221ae3e9c01a8555bfb3,.php
C:\Users\dinht\Documents\RandomForest\test_file_benign_only\ajaxLogin.php,31/07/2025,7ba4633d68a4ff92e0a24c1b168351da,1129abbab380ed8f6497d37e45fc55feddf5f9a4,.php
C:\Users\dinht\Documents\RandomForest\test_file_benign_only\ajaxmenu.html.php,31/07/2025,a71bff2020c46f5f8e25faf8f96dd8c1,96066301320a940fa254bd564e6fc9c0a2de34da,.php
C:\Users\dinht\Documents\RandomForest\test_file_benign_only\AjaxModeTest.php,31/07/2025,214ab81c96c493f4969341dcf53631a5,ac9c7b4fc2e4368ccb2eff34f804dece225814b2,.php
C:\Users\dinht\Documents\RandomForest\test_file_benign_only\AjaxResponse.php,31/07/2025,fdf973adb7ca4ebba0b377de15927988,328be27fc14f53f6a5af607badf0a31765070697,.php
C:\Users\dinht\Documents\RandomForest\test_file_benign_only\AjaxServiceProvider.php,31/07/2025,20afcfab64b1f21c2c2eefa3962ec330,771f5581034ba486aa9d7d5ce919f0f3e346d199,.php
C:\Users\dinht\Documents\RandomForest\test_file_benign_only\ajaxsetclientconfig.php,31/07/2025,0f9569cbd9ac8cc693021925dacd1317,e8302747e3ce5a6a2bccbc1baf8f603203924f3b,.php
C:\Users\dinht\Documents\RandomForest\test_file_benign_only\ajax_1.php,31/07/2025,60a057134daf40b7c5342082ee2a79da,e79c7f49cee52b70e139aebf49de037966018d2f,.php
C:\Users\dinht\Documents\RandomForest\test_file_benign_only\ajax_demo.html.php,31/07/2025,cac30886a5696b8ff3a777fddd64ff20,8bc87f9ddd996ae4cfae3f1f4b49ec8365086d41,.php
C:\Users\dinht\Documents\RandomForest\test_file_benign_only\ajax_demo.php,31/07/2025,f18ac737919e5bc25b31440c455e0ee2,d29c7e50eacbf5127b6e5337db7890c32e51c11d,.php
C:\Users\dinht\Documents\RandomForest\test_file_benign_only\ajax_demo_1.php,31/07/2025,9dd7e78561a0c51a0d6e019d7ff6336c,ac6ce6647c305fcb8a59c678d1495357fa870613,.php
C:\Users\dinht\Documents\RandomForest\test_file_benign_only\ajax_demo_2.php,31/07/2025,214ded8a8b3fa80d5898b15dc95e3304,0dab6f3787f37340bb5f76df92e2d33df87b3b5c,.php
C:\Users\dinht\Documents\RandomForest\test_file_benign_only\ajax_form_group.php,31/07/2025,f6a78a02e358743638a47e53add284b9,dc57de18ccaf46a8f6efe910fa4dc6a80b13c047,.php
C:\Users\dinht\Documents\RandomForest\test_file_benign_only\ajax_helper.php,31/07/2025,ba970f38a4f3ab2da0bdf29e2028a306,f9f3bbfa99d66c5a33f3aacdd40125d5f1c9c6ff,.php
C:\Users\dinht\Documents\RandomForest\test_file_benign_only\ajax_loader.php,31/07/2025,9d1ebbc25dc3555f5cae3d8001008201,1708e4a4af315990cce9893f7c49e388a9e6a380,.php
C:\Users\dinht\Documents\RandomForest\test_file_benign_only\ak.php,31/07/2025,aac9aa7e399fad7eaee09be4414ee654,71b2ac134f1b10062e2e4b9cb072fce7119b70bd,.php
C:\Users\dinht\Documents\RandomForest\test_file_benign_only\akismet.php,31/07/2025,3ac0378bfd8264c91fc3b44bca477104,be6f69203e96324e19d73fcc872c0ebccb9c41f0,.php
C:\Users\dinht\Documents\RandomForest\test_file_benign_only\ak_gh.php,31/07/2025,6bcb1e300524c5ae046559383be4d1ed,4bdfbc8a036a31f6d074dd1ff62b5db40a02e942,.php
C:\Users\dinht\Documents\RandomForest\test_file_benign_only\album.lang.php,31/07/2025,3b615534fbb9450a542a26424d355083,e2bcc79104eba648ea0fb21ef014ca030c8b06c5,.php
C:\Users\dinht\Documents\RandomForest\test_file_benign_only\Album.php,31/07/2025,9415ad892280cf67fbc2ff906adf253d,3f92a77e6e53331f71b3259da548bdfdf97f9613,.php
C:\Users\dinht\Documents\RandomForest\test_file_benign_only\AlbumPosition.php,31/07/2025,e31e4184ddac745823cab756ba5b3a31,755fa99167ef9d7aebeccd8369af159b38deab19,.php
C:\Users\dinht\Documents\RandomForest\test_file_benign_only\Albums.php,31/07/2025,8370ee55d760fe10c72f8c2d33546694,c06d8cdf1d39f6356f5d752f698ec43ba5c6aee0,.php
C:\Users\dinht\Documents\RandomForest\test_file_benign_only\Album_1.php,31/07/2025,52282d6201be8f079a47255f2b3ae429,a0d98871f5c10b03d844c4cee960fbf1ea4494e0,.php
C:\Users\dinht\Documents\RandomForest\test_file_benign_only\album_fancybox.php,31/07/2025,66a460aa430c54eba29ff7f669714f7d,9a4d1586f143eb0e0c1b4bc4fdfd23bbc13919c9,.php
C:\Users\dinht\Documents\RandomForest\test_file_benign_only\album_hide.php,31/07/2025,7d36899a39c3513af87babbdba2e1acb,1151fd0c02694646f0467043cdeef468bf290cea,.php
C:\Users\dinht\Documents\RandomForest\test_file_benign_only\album_jssor.php,31/07/2025,ed72940275426d5a61157e7ce9e0a1bf,1bd1ac09d6cb8ba2573777276b07f9eb878f5a1d,.php
C:\Users\dinht\Documents\RandomForest\test_file_benign_only\album_shop_mobile.php,31/07/2025,d89b23208685859ce3bdf898bcdaaa9f,e58947ca347ac3ec3085cc28d510d5d6b1230df9,.php
C:\Users\dinht\Documents\RandomForest\test_file_benign_only\album_updown.php,31/07/2025,0f330a4cd1193c8e349d40cb4028cddb,1674260c3d514de5a12e66764fd1887f02f60914,.php
C:\Users\dinht\Documents\RandomForest\test_file_benign_only\album_updownimgblock.php,31/07/2025,8982db224d384129f9837079a8da8b22,cefb70422e8df6a899f15e3a5bea9a5df3440d08,.php
C:\Users\dinht\Documents\RandomForest\test_file_benign_only\Alert.php,31/07/2025,442ffd372a12e5b93166c7c7276de98a,1bbbe1bc2c85c7aef68fc95f1b120ab54eedcd83,.php
C:\Users\dinht\Documents\RandomForest\test_file_benign_only\AlertBlock.php,31/07/2025,37f21e40abf8b88a0b1ce0a4b8f76f8e,3415d8d3f446797699892ba3e4f04ebdba65f16b,.php
C:\Users\dinht\Documents\RandomForest\test_file_benign_only\AlertPolicy.php,31/07/2025,0881487ba8fa95c1bd39b751a69c6291,04d0ab292841f0eeaac23628b7ee0e20b4adde8b,.php
C:\Users\dinht\Documents\RandomForest\test_file_benign_only\Alerts.php,31/07/2025,d91f0a4491d44773af5a3a32d3d68250,f4d7713050839b0469a958077c0e6cd731783bc6,.php
C:\Users\dinht\Documents\RandomForest\test_file_benign_only\Alerts_1.php,31/07/2025,39e020e5af398b70befe4cfb8b9b863f,fa13905ddbe58112ef188da8d22b240c53fcaa4d,.php
C:\Users\dinht\Documents\RandomForest\test_file_benign_only\Alerts_2.php,31/07/2025,786527f62a1cc86673ac28c66fdd3cdd,e131ffbe7c29b7ce9157253e925f1f3b323aa776,.php
C:\Users\dinht\Documents\RandomForest\test_file_benign_only\Alert_1.php,31/07/2025,044b8fcf8887aae37ded86e81b7ef115,2d7d61d9c3b9d745992029881e784321eba583ef,.php
C:\Users\dinht\Documents\RandomForest\test_file_benign_only\AlgorithmIdentifier.php,31/07/2025,e5927009feb3b48b6ddaafbd71835efd,692226fab915ad8a23ec4f3fd4cb3b9631632c98,.php
C:\Users\dinht\Documents\RandomForest\test_file_benign_only\AlgorithmManagerFactory.php,31/07/2025,bcce727416983609c5d80f7a4328607f,6acc4ce2d23c6b88c9ccf77cf2495d89449669cb,.php
C:\Users\dinht\Documents\RandomForest\test_file_benign_only\Alias.php,31/07/2025,1116c1ec645e2d7a129da9967910f6bb,f74c7d27a749b75d6aae889ac6892b8779f77f4e,.php
C:\Users\dinht\Documents\RandomForest\test_file_benign_only\AliasClassLoader.php,31/07/2025,b21f3461b9297cc976b271ae66c1b8e2,2063c2baa0aa74845ed9e11c0a443b20fdf4d01b,.php
C:\Users\dinht\Documents\RandomForest\test_file_benign_only\AliasContext.php,31/07/2025,b8173f8e412ece3e4a0b963236598f2e,1a8249935b5842ca941c650e23e4d194715be94a,.php
C:\Users\dinht\Documents\RandomForest\test_file_benign_only\Aliases.php,31/07/2025,5dbf449906e7c8f17ab36eae0a873a88,d7ac26a10a5a6e4eb12a86786ac1e47e30b0fa93,.php
C:\Users\dinht\Documents\RandomForest\test_file_benign_only\AliasesTrait.php,31/07/2025,4e90cbc6c5d529944bf1fad084fab797,f0c10c0aba51ea886f3610251436b9e9cb84881b,.php
C:\Users\dinht\Documents\RandomForest\test_file_benign_only\AliasIpRange.php,31/07/2025,93c3eb46966fe828b21bf12f629f2cf7,ae2e8d5a43af3b4870f10d81bb72ddb6915e9e43,.php
C:\Users\dinht\Documents\RandomForest\test_file_benign_only\AliasLoader.php,31/07/2025,70c4b16be8d4aecc9b0e3efa97b25d59,a8ebcff54688b229f12ca5983536d3a72a397f16,.php
C:\Users\dinht\Documents\RandomForest\test_file_benign_only\Alias_1.php,31/07/2025,22f8a2dc301c444acf3daf5e19838469,25365ec926ff4c0f3f7ad4ab877cae0a07013a7f,.php
C:\Users\dinht\Documents\RandomForest\test_file_benign_only\Alias_2.php,31/07/2025,e61b1650da0f69790719ae81afac9477,41a589f62a1e2e11671018c87ed9d70a4c474fdd,.php
C:\Users\dinht\Documents\RandomForest\test_file_benign_only\AlignFormatter.php,31/07/2025,5cc3efce6404f2df65a45d2a25cdf28e,cfa73ab45d5c7143ba65e460f4d12172367a9778,.php
C:\Users\dinht\Documents\RandomForest\test_file_benign_only\Alignment.php,31/07/2025,ae95902f5366dff27aef6893cb076e1f,e0cacd31dd0f3970f2e8e96c4f34b8312568a11a,.php
C:\Users\dinht\Documents\RandomForest\test_file_benign_only\Alignment_1.php,31/07/2025,2b69d68dd6f5a829982f6d563ef62442,c79815acd2b89bef56e65a46726bb150501abc54,.php
C:\Users\dinht\Documents\RandomForest\test_file_benign_only\alipay.config.php,31/07/2025,d1931f3c12ba3d5fb055f51d49007ce1,4c82c13d4a2907b97ffde58d87b6e8b61d1d686b,.php
C:\Users\dinht\Documents\RandomForest\test_file_benign_only\alipay.config_1.php,31/07/2025,8da13a6300e08b577f6fb9ae61e17198,ac788d8a05b5056b9f2a822b13d6f84584e1455c,.php
C:\Users\dinht\Documents\RandomForest\test_file_benign_only\alipay.php,31/07/2025,3d69495f4c7c28abdfc97accd1d51c59,48257804e9373b2fccdd2d42b58223a4afdf9bdf,.php
C:\Users\dinht\Documents\RandomForest\test_file_benign_only\AlipayAccountExrateAdviceAcceptRequest.php,31/07/2025,7cfa81db658864d9f05cd204a330eb31,a9dc2140c8ac07217e7af5500c89f9db0f38fbda,.php
C:\Users\dinht\Documents\RandomForest\test_file_benign_only\AlipayAccountExrateAllclientrateQueryRequest.php,31/07/2025,aa1b1d5cc65456b9ea31c0aeb86cde8f,d76546e3b4ac790951c3ed004cf397b02b1be724,.php
C:\Users\dinht\Documents\RandomForest\test_file_benign_only\AlipayAccountExrateRatequeryRequest.php,31/07/2025,cec0a64e4361db352b29491b58266c3f,25e5b2c4c5e615270a631ff978aeaa25eb6b1376,.php
C:\Users\dinht\Documents\RandomForest\test_file_benign_only\AlipayAccountExrateTraderequestCreateRequest.php,31/07/2025,faebc2b194ca9286378eb227c960fe9b,f08ccad27850059ed0a3461d503867b5691c953b,.php
C:\Users\dinht\Documents\RandomForest\test_file_benign_only\AlipayAcquireCancelRequest.php,31/07/2025,9d6bec12cf71e74a1971f20037f1a6fa,8a2d762361a33dd2cdda346f09a40da282fe6743,.php
C:\Users\dinht\Documents\RandomForest\test_file_benign_only\AlipayAcquireCloseRequest.php,31/07/2025,b271a77fbb97bb845fb7a6a37e4e3afd,f3ade2def1c80f58e5162deb815f472bcd24fc15,.php
C:\Users\dinht\Documents\RandomForest\test_file_benign_only\AlipayAcquireCreateandpayRequest.php,31/07/2025,e15c4c63434c94b70a0cd657b829d93f,9b99bc8934372b294516763b486944a3b09f357f,.php
C:\Users\dinht\Documents\RandomForest\test_file_benign_only\AlipayAcquirePrecreateRequest.php,31/07/2025,6b5828175e7837118bcde24a856b71f5,0055a77228ccfee0a2cbd80a0ad2a0488ab6f5f3,.php
C:\Users\dinht\Documents\RandomForest\test_file_benign_only\AlipayAcquireQueryRequest.php,31/07/2025,953dbb7d9f2d988bc707c07dc62b0e6f,bfb78db34047d667e48390b0813e0f18ca17d2d8,.php
C:\Users\dinht\Documents\RandomForest\test_file_benign_only\AlipayAcquireRefundRequest.php,31/07/2025,d1aa5de06b252cd202677ab9674b7ad4,a4150b392f4c2a91a3ba6f31465d1fa2c8c525a1,.php
C:\Users\dinht\Documents\RandomForest\test_file_benign_only\alipayapi.php,31/07/2025,55935af5d0bc87a463d294ca26f817df,7adc795aacadc79c9e9c06a550f6bfd5574ac542,.php
C:\Users\dinht\Documents\RandomForest\test_file_benign_only\alipayapi_1.php,31/07/2025,315dbcf50d2e2a43a60120677cbff078,14e8d36bb667e7a06ae3da2e3cf26ca68155e57c,.php
C:\Users\dinht\Documents\RandomForest\test_file_benign_only\AlipayAppTokenGetRequest.php,31/07/2025,7eed1ac368177d27da087417f28c5a2d,7c0bf05623d1088a50db59d00267111da2d3db36,.php
C:\Users\dinht\Documents\RandomForest\test_file_benign_only\AlipayAssetAccountBindRequest.php,31/07/2025,9d4ed80dc52e5f91560cea1cf743a954,4b9370875ef3f6a3b7c4828e07a74e9bbbc2572e,.php
C:\Users\dinht\Documents\RandomForest\test_file_benign_only\AlipayAssetAccountGetRequest.php,31/07/2025,c7fe747447497a5d9b99933ff7d39f9c,1ba77d92b921f4e90912d48ecf507552e49e5611,.php
C:\Users\dinht\Documents\RandomForest\test_file_benign_only\AlipayAssetAccountUnbindRequest.php,31/07/2025,cd5a9583629cedb0a6944a17365009dc,4d8dfd2273b83bcd9cc2b3eaa36103dd29b8453e,.php
C:\Users\dinht\Documents\RandomForest\test_file_benign_only\AlipayAssetPointBalanceQueryRequest.php,31/07/2025,d5becfd0d2e225a1ffc8bc68aeda77e4,07d3f264c2507703096a31bdc7868e3eb09dd763,.php
C:\Users\dinht\Documents\RandomForest\test_file_benign_only\AlipayAssetPointBudgetQueryRequest.php,31/07/2025,27c8f7133f6bf023c3ab9af0056bb91d,158353e26a8fa0c71514d58264a19f4b19a3355b,.php
C:\Users\dinht\Documents\RandomForest\test_file_benign_only\AlipayAssetPointOrderCreateRequest.php,31/07/2025,4e1e8639731c57406f853f01ba48f862,2a7d491cdc2a9f11a2bc38b46fd9f2e553014f59,.php
C:\Users\dinht\Documents\RandomForest\test_file_benign_only\AlipayAssetPointOrderQueryRequest.php,31/07/2025,0dee8c11d2fe6151bf97d050c8b53277,94443e5bd6877d88200575ab5814cf97ed1e4ac8,.php
C:\Users\dinht\Documents\RandomForest\test_file_benign_only\AlipayBossCsChannelQueryRequest.php,31/07/2025,09a834cc2cdf6899dc127ef605bb8b4c,6b99d58420dce504c55024267c661e29cf0a359a,.php
C:\Users\dinht\Documents\RandomForest\test_file_benign_only\AlipayBossProdArrangementOfflineQueryRequest.php,31/07/2025,3d92a4de0d484bb7b15c69212dcc9e31,469b9164799ee9ce0da1ace0600c58b3b2330dae,.php
C:\Users\dinht\Documents\RandomForest\test_file_benign_only\AlipayCommerceAirXfgDsgModifyRequest.php,31/07/2025,9daf8da60797696b5ecb3e006daee12f,c56bbb66a21bc19694f873561d19fbebff0d340b,.php
C:\Users\dinht\Documents\RandomForest\test_file_benign_only\AlipayCommerceCityfacilitatorCityQueryRequest.php,31/07/2025,96396d79cae3a8eff36692deff90346b,878617cc067a2e8fc9ff7200c5ba2d2ebf7c81c3,.php
C:\Users\dinht\Documents\RandomForest\test_file_benign_only\AlipayCommerceCityfacilitatorDepositCancelRequest.php,31/07/2025,8a638c76da3b9f6d5b8d39f714019d17,3575a919e3cd456e7b6680099e3ec0ba5ae16096,.php
C:\Users\dinht\Documents\RandomForest\test_file_benign_only\AlipayCommerceCityfacilitatorDepositConfirmRequest.php,31/07/2025,f29363be180f9aa81e67797bf90bee3e,e56b315b7526bd61c824efb47e0034fc4ffc20f5,.php
C:\Users\dinht\Documents\RandomForest\test_file_benign_only\AlipayCommerceCityfacilitatorDepositQueryRequest.php,31/07/2025,309b430598f768fb636dac6352de1888,9f17535ffc7a57a9b4b13c27657d61a7afb60a3e,.php
C:\Users\dinht\Documents\RandomForest\test_file_benign_only\AlipayCommerceCityfacilitatorFunctionQueryRequest.php,31/07/2025,2d8506288185946da8d320455d57ec30,936521a80e38ef1801d929f35a00d6b24e40ac63,.php
C:\Users\dinht\Documents\RandomForest\test_file_benign_only\AlipayCommerceCityfacilitatorScriptQueryRequest.php,31/07/2025,7deafbe5a81256c9a81e429c861cafa8,76e3f3fe1f0b6c994b3375eb2505e709abd47c2a,.php
C:\Users\dinht\Documents\RandomForest\test_file_benign_only\AlipayCommerceCityfacilitatorStationQueryRequest.php,31/07/2025,28299a12a1deaea1e3f88a3ebb747721,fe408dda8dac6e4e7e9b8ed709326b6133220430,.php
C:\Users\dinht\Documents\RandomForest\test_file_benign_only\AlipayCommerceCityfacilitatorVoucherBatchqueryRequest.php,31/07/2025,6a4d1641125884a90cfd91c077653f45,f16cf3b39b925aa258596a7ff77a369858a3fd67,.php
C:\Users\dinht\Documents\RandomForest\test_file_benign_only\AlipayCommerceCityfacilitatorVoucherCancelRequest.php,31/07/2025,53f405bc7a6dbda7a48055e909316cb1,b64bb7a98b89d9eb56aa61f1b06d7bce5cb74649,.php
C:\Users\dinht\Documents\RandomForest\test_file_benign_only\AlipayCommerceCityfacilitatorVoucherConfirmRequest.php,31/07/2025,6bd5bfea034c5faed3f16796cf3f07f9,38517e338daa5bdcf9d8e987a5a9e3d89ae3513c,.php
C:\Users\dinht\Documents\RandomForest\test_file_benign_only\AlipayCommerceCityfacilitatorVoucherGenerateRequest.php,31/07/2025,fe37099cc4d260522b30a075b5fbf9f6,c7f932a5cae614516f14ace80bbb655e5410aa8c,.php
C:\Users\dinht\Documents\RandomForest\test_file_benign_only\AlipayCommerceCityfacilitatorVoucherQueryRequest.php,31/07/2025,f669b5b5d70646dc05fa136c20c29f59,1c50f47125c0081d0f30a57a232e8493dafac798,.php
C:\Users\dinht\Documents\RandomForest\test_file_benign_only\AlipayCommerceCityfacilitatorVoucherRefundRequest.php,31/07/2025,94db14a82e8b3857bdf5180df50768a4,fdb8e77a4e9e06b0546633e87ccfc32ac5bc472b,.php
C:\Users\dinht\Documents\RandomForest\test_file_benign_only\AlipayCommerceCityfacilitatorVoucherUploadRequest.php,31/07/2025,5a418dc3d134e9334db1d120bdcba090,0869d331d38b3781ed180c79ef970eadfaea5406,.php
C:\Users\dinht\Documents\RandomForest\test_file_benign_only\AlipayCommerceDataMonitordataSyncRequest.php,31/07/2025,3d310158298bf5607fd7e8c8d846e0a5,ac71d74451d1ae6cd1fc1238c12f35082ea94bdd,.php
C:\Users\dinht\Documents\RandomForest\test_file_benign_only\AlipayCommerceEducateStudentinfoShareRequest.php,31/07/2025,e0a23f9d6c3f8759f1948f2f939c8570,16155d9da0aefe313fa90f3599c54e08432f51f0,.php
C:\Users\dinht\Documents\RandomForest\test_file_benign_only\AlipayCommerceLotteryPresentlistQueryRequest.php,31/07/2025,fc230198a6cfe37a0c145289d5b7c421,6ea81ccfb9dd978ac2dce7c129d2f702a16edd5f,.php
C:\Users\dinht\Documents\RandomForest\test_file_benign_only\AlipayCommerceLotteryPresentSendRequest.php,31/07/2025,a858cef0f837266885ca8aa21000305e,470266acdea92f420f28668420556f98b8894398,.php
C:\Users\dinht\Documents\RandomForest\test_file_benign_only\AlipayCommerceLotteryTypelistQueryRequest.php,31/07/2025,13cbffea72153698404b1982498c228e,11a2a5dc81da2e32358f1c6c35839b96faa7f512,.php
C:\Users\dinht\Documents\RandomForest\test_file_benign_only\AlipayCommerceMedicalInstcardBindRequest.php,31/07/2025,d21f0f3ae0550780db3e85a3f8e76d69,279cbefece9874e630020a436244bf26d725a57f,.php
C:\Users\dinht\Documents\RandomForest\test_file_benign_only\AlipayCommerceMedicalInstcardCreateandpayRequest.php,31/07/2025,4ff8d910c8a6818e22fe1f020459527d,35026ce207d7f0d59efcdae3b932ca30d5026870,.php
C:\Users\dinht\Documents\RandomForest\test_file_benign_only\AlipayCommerceTransportOfflinepayKeyQueryRequest.php,31/07/2025,65a757e17ece6e6907979b7e8f92a493,7769ebcc093a4eb3cf592a0c3693dbe791ea990f,.php
C:\Users\dinht\Documents\RandomForest\test_file_benign_only\AlipayCommerceTransportOfflinepayRecordVerifyRequest.php,31/07/2025,6c71a9a98cf67cf92d62dc60461fd2ff,f012dd54427a5cbe24a88c2b1e6f2971aff6a648,.php
C:\Users\dinht\Documents\RandomForest\test_file_benign_only\AlipayCommerceTransportOfflinepayUserblacklistQueryRequest.php,31/07/2025,f01830675fd386a3252ae13b9db1884f,dc57012a1b57579250191722a056e5b54486a170,.php
C:\Users\dinht\Documents\RandomForest\test_file_benign_only\AlipayDaoweiOrderCancelRequest.php,31/07/2025,0f84f1faaf7ae66d07fa3b9f1944aebb,c8d3a9f3b4e4f739b059d012aa333d0f630ef0fe,.php
C:\Users\dinht\Documents\RandomForest\test_file_benign_only\AlipayDaoweiOrderConfirmRequest.php,31/07/2025,81c138556f53c4009d0f355ab856fa0b,e46798db077a6edebcabaebb1699ba83e8756411,.php
C:\Users\dinht\Documents\RandomForest\test_file_benign_only\AlipayDaoweiOrderModifyRequest.php,31/07/2025,e3e58e9542a67ab5bf47de817ff8b403,14f08324b246a642aaf62ea416a32165a1d808b2,.php
C:\Users\dinht\Documents\RandomForest\test_file_benign_only\AlipayDaoweiOrderQueryRequest.php,31/07/2025,61daf8a23645ef075114f8bd65353d44,bbe9fd00a180e349e83beaf80288f207acca0a10,.php
C:\Users\dinht\Documents\RandomForest\test_file_benign_only\AlipayDaoweiOrderRefundRequest.php,31/07/2025,f86b33c5e706560be5d9b7b7e36a82a0,b0c168b3413acaea91f676827af261184e8254a0,.php
C:\Users\dinht\Documents\RandomForest\test_file_benign_only\AlipayDaoweiOrderRefuseRequest.php,31/07/2025,8458966f039d6f4a6a9525f603089869,66c198abb09488353c0766234c0f62636b1da70b,.php
C:\Users\dinht\Documents\RandomForest\test_file_benign_only\AlipayDaoweiOrderSpModifyRequest.php,31/07/2025,f671558d22b82fb68194a5c44f9d87cb,5c5b74ea07ba0080b874f2da776f7dc58eb528d0,.php
C:\Users\dinht\Documents\RandomForest\test_file_benign_only\AlipayDaoweiOrderTransferRequest.php,31/07/2025,5412a37191001295f55a47ae611a4f67,8dd2fc83fb9221ede66fa1f786c5499329d47d7f,.php
C:\Users\dinht\Documents\RandomForest\test_file_benign_only\AlipayDaoweiServiceModifyRequest.php,31/07/2025,9c174b7342eb969750742b93547584de,510d3d5b1048056fc5e25a945d25a6d0b3162d7d,.php
C:\Users\dinht\Documents\RandomForest\test_file_benign_only\AlipayDaoweiServicePriceModifyRequest.php,31/07/2025,e817ad92f0bc7f2ad9ed0335d03470eb,8d93a92bce04497abe70813e164ae7a81ae46710,.php
C:\Users\dinht\Documents\RandomForest\test_file_benign_only\AlipayDaoweiSpModifyRequest.php,31/07/2025,6b2955a6f1320bd749d018922492e5c4,1067c99bb556f7122cd6e482243abf3de984430c,.php
C:\Users\dinht\Documents\RandomForest\test_file_benign_only\AlipayDaoweiSpScheduleModifyRequest.php,31/07/2025,20f5f133ac939c981c8ce05f68cec99d,c03773a67e24535fb49930bf75e00edbc3cb7f5a,.php
C:\Users\dinht\Documents\RandomForest\test_file_benign_only\AlipayDataBillDownloadurlGetRequest.php,31/07/2025,318fadbd8062d92b9c2db7d88568551d,1a2e2a2f2e8ac747f240d336ce9184a4704cf733,.php
C:\Users\dinht\Documents\RandomForest\test_file_benign_only\AlipayDataDataexchangeSfasdfRequest.php,31/07/2025,efd20ee75a10e21cbea0f89d4fe26514,4a30e76eea24ae2a00387f6eccbcb9b219c61210,.php
C:\Users\dinht\Documents\RandomForest\test_file_benign_only\AlipayDataDataserviceBillDownloadurlQueryContentBuilder.php,31/07/2025,f0cc48ba141a6ce9264f92b36d04e2bc,c5e9b68af2284ac3fc79f5a3dc3588bccdea5c4e,.php
C:\Users\dinht\Documents\RandomForest\test_file_benign_only\AlipayDataDataserviceBillDownloadurlQueryRequest.php,31/07/2025,9c120e7e4258643a19c8b57792922f3f,6262187015d9f33f1eb585014ac537ec009d40fd,.php
C:\Users\dinht\Documents\RandomForest\test_file_benign_only\AlipayDataDataserviceChinaremodelQueryRequest.php,31/07/2025,81b3a521bd087c17a9fc1dcf221d5be9,7dec1f2f598494a9424d6a937583b712af6eb0a7,.php
C:\Users\dinht\Documents\RandomForest\test_file_benign_only\AlipayDataDataserviceCodeRecoRequest.php,31/07/2025,86034c748a2f9fe46397f9d2406403b2,8c9566bd78ab649ae857b42ceb943de81ab1b746,.php
C:\Users\dinht\Documents\RandomForest\test_file_benign_only\AlipayDataDataserviceSdfsdfRequest.php,31/07/2025,d0cf48a051a55c35addb5325d01415d7,03a0cff04f0afca7f66ec62be0d984781c878ec2,.php
C:\Users\dinht\Documents\RandomForest\test_file_benign_only\AlipayDataDataserviceShoppingmallrecShopQueryRequest.php,31/07/2025,c0bd0a1872dfdf9e9a458679ef8d7bc4,c6b4fba716f12136c880796f0766567dc3a19f3d,.php
C:\Users\dinht\Documents\RandomForest\test_file_benign_only\AlipayDataDataserviceShoppingmallrecVoucherQueryRequest.php,31/07/2025,b491cf1daf6e22bc4df1e794e6c3956c,1b1a7677bfa0a4beaec1f4566b4f18e041841711,.php
C:\Users\dinht\Documents\RandomForest\test_file_benign_only\AlipayDataDataserviceUserlevelZrankGetRequest.php,31/07/2025,235ea278dcad1445aaa59615ab03a7dd,984e987568a8727f478130825eda3d6bd9f723bb,.php
C:\Users\dinht\Documents\RandomForest\test_file_benign_only\AlipayEbppBillAddRequest.php,31/07/2025,69da1a01a50254e3a5fe7571d06f88f6,896660206ed37bc9f643504ee91f7c3ad08690f3,.php
C:\Users\dinht\Documents\RandomForest\test_file_benign_only\AlipayEbppBillBatchPayurlGetRequest.php,31/07/2025,b5e4696d6e7c9b7e8e734f8361bb087f,2470c58a09724b705ed465777246bbae2de33e73,.php
C:\Users\dinht\Documents\RandomForest\test_file_benign_only\AlipayEbppBillGetRequest.php,31/07/2025,1fb67f90ed849e8b12671476b57dfab2,7cd840563ad60d5136a9d0f5271c3e5c0b5ec274,.php
C:\Users\dinht\Documents\RandomForest\test_file_benign_only\AlipayEbppBillPayRequest.php,31/07/2025,a618c316e610ecccc735edf378396245,8285b50f0d513860dbce5a489bc0ec3ffb5d35a1,.php
C:\Users\dinht\Documents\RandomForest\test_file_benign_only\AlipayEbppBillPayurlGetRequest.php,31/07/2025,5dde1a5d83383142cad75d420da11e36,0b8669767ae4646ad8550d4aecde562c565cbb4d,.php
C:\Users\dinht\Documents\RandomForest\test_file_benign_only\AlipayEbppBillSearchRequest.php,31/07/2025,2cf5fe8b609d6a76ade5e8c70a1d49f4,9b599bde3a48f0d3894ec10eb6cb48215b24612d,.php
C:\Users\dinht\Documents\RandomForest\test_file_benign_only\AlipayEbppInvoiceTitleListGetRequest.php,31/07/2025,11ca770d0a79c7d84a5c56da76028419,4b6e6171f7cb843e5a8e167c0eade5af412ed706,.php
C:\Users\dinht\Documents\RandomForest\test_file_benign_only\AlipayEbppMerchantConfigGetRequest.php,31/07/2025,176a95cfb15e7ba910144a7ba7bbe875,bae4267241a86c28e18304c17e57fead596d19d9,.php
C:\Users\dinht\Documents\RandomForest\test_file_benign_only\AlipayEbppPdeductBillPayStatusRequest.php,31/07/2025,20dda01b85559856487e58c767f63091,1637535d0fc53fd9e45a051627d61c1d7f50cf86,.php
C:\Users\dinht\Documents\RandomForest\test_file_benign_only\AlipayEbppPdeductPayRequest.php,31/07/2025,e42a485bd4747dad97fa62a6d6fbd88f,69be8193ab55fcb52880c6e868127cc365662225,.php
C:\Users\dinht\Documents\RandomForest\test_file_benign_only\AlipayEbppPdeductSignAddRequest.php,31/07/2025,ccaeda2cece3b633995a7eb34008dae9,bf92842e1898f75579a1e0d0376ac99990b9955d,.php
C:\Users\dinht\Documents\RandomForest\test_file_benign_only\AlipayEbppPdeductSignCancelRequest.php,31/07/2025,3f045057f7a2392f8f43ef9395475d59,ead334d3c3b324fab327f87b8418352f342cad17,.php
C:\Users\dinht\Documents\RandomForest\test_file_benign_only\AlipayEbppPdeductSignQueryRequest.php,31/07/2025,9f713f21cb977ed769880e905e134ea5,78a3b935b48548452370045116afd35b4e1ef11e,.php
C:\Users\dinht\Documents\RandomForest\test_file_benign_only\AlipayEbppPdeductSignValidateRequest.php,31/07/2025,b210a6a890779710eeb405c2cd2dabbc,993195ce209aa0e865a9c43cf7fd2b2f74226a2a,.php
C:\Users\dinht\Documents\RandomForest\test_file_benign_only\AlipayEcapiprodCreditGetRequest.php,31/07/2025,44498764181dcd4b05062e53894a96a4,6055399255ca5088c5dccbf1b4c291caf98aaf51,.php
C:\Users\dinht\Documents\RandomForest\test_file_benign_only\AlipayEcapiprodDataPutRequest.php,31/07/2025,271140b6f934ef06377cc1453a269c06,3200cb473e540ebe6e5d01ef3d8d7650974ba1a7,.php
C:\Users\dinht\Documents\RandomForest\test_file_benign_only\AlipayEcapiprodDrawndnContractGetRequest.php,31/07/2025,e5bb4cf40e7f24596a7ad763eac82d60,2c33b21c9df632c5afd08f88fbde047634695957,.php
C:\Users\dinht\Documents\RandomForest\test_file_benign_only\AlipayEcapiprodDrawndnDrawndnlistQueryRequest.php,31/07/2025,ba25fa076eb2b6d10ba4a3f6e1d182f7,9b1e4c4be4eae5e1d0181651047b0d48c9a8ce3d,.php
C:\Users\dinht\Documents\RandomForest\test_file_benign_only\AlipayEcapiprodDrawndnFeerecordQueryRequest.php,31/07/2025,c7fc259cfe187b538d48039809d2cf46,8fc26a15e96ca9017d959c91ac66f89cfaf02517,.php
C:\Users\dinht\Documents\RandomForest\test_file_benign_only\AlipayEcapiprodDrawndnLendingrecordQueryRequest.php,31/07/2025,677fa49fc9070b7904d37db3795a7b4e,e3b20968704f809d574ac58e7fbb72ddd14dd077,.php
C:\Users\dinht\Documents\RandomForest\test_file_benign_only\AlipayEcapiprodDrawndnPaymentscheduleGetRequest.php,31/07/2025,295ed9a09347de4c5e8cf6bf69b1c4a6,b40c064069c13d048330f3d3dff8865b69e2ae89,.php
C:\Users\dinht\Documents\RandomForest\test_file_benign_only\AlipayEcapiprodDrawndnRepaymentrecordQueryRequest.php,31/07/2025,3bf96531c30c1c4845a69f6d92eb24ff,860a1b0c90c2bb55232a4c931b090bf5b0b51077,.php
C:\Users\dinht\Documents\RandomForest\test_file_benign_only\AlipayEcardEduPublicBindRequest.php,31/07/2025,373d3c2460a3d31fe608121e89bdd4f9,0ad9ecfbaff840e9a08fadd3e024c2c564ab9181,.php
C:\Users\dinht\Documents\RandomForest\test_file_benign_only\AlipayEcoCplifeBasicserviceInitializeRequest.php,31/07/2025,7ef8f95640c7d3660ebd7e16b9c1b939,9d6514f6f64428f4253e2febeac3eefec620e7bc,.php
C:\Users\dinht\Documents\RandomForest\test_file_benign_only\AlipayEcoCplifeBasicserviceModifyRequest.php,31/07/2025,2d594dcd7e87e37f5adab5d7efcce80f,02319e51cf1a36e637ba47508c6d3c46bd5c3e45,.php
C:\Users\dinht\Documents\RandomForest\test_file_benign_only\AlipayEcoCplifeBillBatchqueryRequest.php,31/07/2025,83d521be2361dac4794950fa6ef65c92,71a402ef0bfaf50a840c9afdc7b022b03628cb64,.php
C:\Users\dinht\Documents\RandomForest\test_file_benign_only\AlipayEcoCplifeBillBatchUploadRequest.php,31/07/2025,5b2b1f71dbcafae748846cd779abb827,4da8c9578d6441af7f98a1a692a446a8df477c7b,.php
C:\Users\dinht\Documents\RandomForest\test_file_benign_only\AlipayEcoCplifeBillDeleteRequest.php,31/07/2025,b8a65a05acae423fa84262077b7a127f,638585619c54d1f4c6bd99d79a9158262b61db4d,.php
C:\Users\dinht\Documents\RandomForest\test_file_benign_only\AlipayEcoCplifeBillModifyRequest.php,31/07/2025,c64ca0c480a8ffbaac1e2b0fb36d1848,9d2db2017c915f48eac4cd4fe5fd995822dbe868,.php
C:\Users\dinht\Documents\RandomForest\test_file_benign_only\AlipayEcoCplifeBillSyncRequest.php,31/07/2025,c59d95898a322ecffb0adb340aadf7fb,79386aec6adbfced3655a638f6dc64606a234042,.php
C:\Users\dinht\Documents\RandomForest\test_file_benign_only\AlipayEcoCplifeCommunityBatchqueryRequest.php,31/07/2025,a214aa876ce3e601ef16b53c6d10591a,6aa7dd27c33bce04f19fb6d35d45ba98addda9fd,.php
C:\Users\dinht\Documents\RandomForest\test_file_benign_only\AlipayEcoCplifeCommunityCreateRequest.php,31/07/2025,58b3342f4acca0f759c938f5aefc6834,ec3b167181526d863b19f25868e41bf6a7b1b5f8,.php
C:\Users\dinht\Documents\RandomForest\test_file_benign_only\AlipayEcoCplifeCommunityDetailsQueryRequest.php,31/07/2025,5d1aa2c72e3957856c8c9708b97fcad3,208cdbb897d6f5b2b9803bd27ab54b9421ad01e1,.php
C:\Users\dinht\Documents\RandomForest\test_file_benign_only\AlipayEcoCplifeCommunityModifyRequest.php,31/07/2025,ce9618a019637ce8f56585d69c74a932,ddf5f3cfbb3a47b57b9da77fdb297649e17ccbac,.php
C:\Users\dinht\Documents\RandomForest\test_file_benign_only\AlipayEcoCplifeNoticeDeleteRequest.php,31/07/2025,1d9668a5b64163c0fa323014d5618c02,d1dd8bffa19d08e043dad1e1f7c7314c5d33771b,.php
C:\Users\dinht\Documents\RandomForest\test_file_benign_only\AlipayEcoCplifeNoticePublishRequest.php,31/07/2025,b9941f2244e3416ef11077cf97b8b709,88d1c8e147938f24a27919351a4eff2e82da2cfb,.php
C:\Users\dinht\Documents\RandomForest\test_file_benign_only\AlipayEcoCplifePayResultQueryRequest.php,31/07/2025,73b426937ea4c32cdb1edc696225ee6f,5028f44e76193aa291c2194d1b6d080e399a0c26,.php
C:\Users\dinht\Documents\RandomForest\test_file_benign_only\AlipayEcoCplifeRepairStatusUpdateRequest.php,31/07/2025,f11af3e3eeb440112826736319278f2b,6078ff50fad6cfddb50126a8100ac318126d493b,.php
C:\Users\dinht\Documents\RandomForest\test_file_benign_only\AlipayEcoCplifeResidentinfoDeleteRequest.php,31/07/2025,1e2c20e238fbff9e13683b88097e2a0d,58fd987f5b2fab969f760c4fb40d025d175d3f6c,.php
C:\Users\dinht\Documents\RandomForest\test_file_benign_only\AlipayEcoCplifeResidentinfoUploadRequest.php,31/07/2025,2f0afc6a3b88d0d66d7bcbe98ad0587e,a2106d9f005a17e44a285335fe9070d50062ecd9,.php
C:\Users\dinht\Documents\RandomForest\test_file_benign_only\AlipayEcoCplifeRoominfoDeleteRequest.php,31/07/2025,01fb080b5fb26a0b8c10761d76de2ed6,798a656ffa756185a511fdaa6484ccb834d35180,.php
C:\Users\dinht\Documents\RandomForest\test_file_benign_only\AlipayEcoCplifeRoominfoQueryRequest.php,31/07/2025,700b815aab3ccea8c253fd3733166357,89e0f553ae68f5db4012920a58f002086366e5db,.php
C:\Users\dinht\Documents\RandomForest\test_file_benign_only\AlipayEcoCplifeRoominfoUploadRequest.php,31/07/2025,20f270760fed1558d453116297b5c1f7,deecc87459e06b8419051468456b0719d77a42da,.php
C:\Users\dinht\Documents\RandomForest\test_file_benign_only\AlipayEcoCplifeRooominfoQueryRequest.php,31/07/2025,c03cd5e2f6dd21682829cec28a51f2b6,006e9e7b5357c2f2566b26e805b042fa6f26b111,.php
C:\Users\dinht\Documents\RandomForest\test_file_benign_only\AlipayEcoCplifeUseridentityStatusUpdateRequest.php,31/07/2025,4a73ea22d89566d40461ea10ba11fe9e,900ef22b6888ecaa70d10ebe07c960e11d537ae6,.php
C:\Users\dinht\Documents\RandomForest\test_file_benign_only\AlipayEcoEduKtBillingModifyRequest.php,31/07/2025,cdc1e3c13e84912812ad5feaf916a521,c176753a34a57750ef97b6173b68456cd484d385,.php
C:\Users\dinht\Documents\RandomForest\test_file_benign_only\AlipayEcoEduKtBillingQueryRequest.php,31/07/2025,8e732d423bfb0ce0f60dc92c3ffdb0d1,849ef6de8e0c8f18fe9bf267936f50c73cd6c21a,.php
C:\Users\dinht\Documents\RandomForest\test_file_benign_only\AlipayEcoEduKtBillingSendRequest.php,31/07/2025,5a822c73f9e51278d62c74f88039afde,32d8cfe8799750164153cfce0be36cbacebe9549,.php
C:\Users\dinht\Documents\RandomForest\test_file_benign_only\AlipayEcoEduKtSchoolinfoModifyRequest.php,31/07/2025,c9a891b0465509e54a5516c27e9ec990,b08e50dedb19c5a198f1cdffb88a1f847f241c64,.php
C:\Users\dinht\Documents\RandomForest\test_file_benign_only\AlipayEcoEduKtStudentModifyRequest.php,31/07/2025,616a6f2b5a503c080838c368eea58840,3c3e762bf0f03809a6b42fb34d60ff0c357446d2,.php
C:\Users\dinht\Documents\RandomForest\test_file_benign_only\AlipayEcoEduKtStudentQueryRequest.php,31/07/2025,731f707de6727974dea4ea4cca519932,613095b4519ddb077ac94321af963e11f61054bc,.php
C:\Users\dinht\Documents\RandomForest\test_file_benign_only\AlipayEcoMycarCarlibInfoPushRequest.php,31/07/2025,435abb78415179fc5ca247a98c02fc9a,0702fd73bd409dd2d22516e4c1aeb7e2131fea95,.php
C:\Users\dinht\Documents\RandomForest\test_file_benign_only\AlipayEcoMycarCarmodelModifyRequest.php,31/07/2025,b645d98616ff30c7e8a6d9c312760510,dae5f81e606cc546b01bec6614349262f2a2fbfe,.php
C:\Users\dinht\Documents\RandomForest\test_file_benign_only\AlipayEcoMycarDataExternalQueryRequest.php,31/07/2025,dd759f051d620d1ab541893785a924b7,8af6af3d306b0f74d9e7ef6f5cbfe7e6e6d2bfb3,.php
C:\Users\dinht\Documents\RandomForest\test_file_benign_only\AlipayEcoMycarDataExternalSendRequest.php,31/07/2025,0bf71e0e75d2f862708109ce4303cfdd,8230c4a734186bff05b6f188a1ffdb3d1a124a35,.php
C:\Users\dinht\Documents\RandomForest\test_file_benign_only\AlipayEcoMycarDataserviceViolationinfoShareRequest.php,31/07/2025,0960cc0f81ce4c03aecfe6577ab1b1e2,3132e14d435885fe678188d9cc3a8146215c11da,.php
C:\Users\dinht\Documents\RandomForest\test_file_benign_only\AlipayEcoMycarMaintainDataUpdateRequest.php,31/07/2025,056bd4cd3ad21ef45054cbe4322f5ec2,fc098794b7c65207dca782b64f44600f59a42653,.php
C:\Users\dinht\Documents\RandomForest\test_file_benign_only\AlipayEcoMycarMaintainOrderCreateRequest.php,31/07/2025,6f2b517d72281915cc766140d1ccd478,be73b077f6d05e6f5c3396d247545bada3947c47,.php
C:\Users\dinht\Documents\RandomForest\test_file_benign_only\AlipayEcoMycarMaintainOrderstatusUpdateRequest.php,31/07/2025,f900f4943be561222be9937aed8f01de,3914d15de9f327685686f3a75cb1190038bf71aa,.php
C:\Users\dinht\Documents\RandomForest\test_file_benign_only\AlipayEcoMycarOrderStatusQueryRequest.php,31/07/2025,c5083ca7d2676ee5256c395a69d384d2,214b281b9034dd622633be37d3a79dc15e8082ff,.php
C:\Users\dinht\Documents\RandomForest\test_file_benign_only\AlipayEcoMycarParkingCardbarcodeCreateRequest.php,31/07/2025,65b48b9dca3d2898cf0feafa353a7deb,2ab19b768436fba927a36e68737118a9c3cf932f,.php
C:\Users\dinht\Documents\RandomForest\test_file_benign_only\AlipayEcoMycarParkingConfigQueryRequest.php,31/07/2025,b069add243c8b0bd0e820efd4bfc4536,9b5e760efd636ef341fc000fa2d4e9215d5b76e2,.php
C:\Users\dinht\Documents\RandomForest\test_file_benign_only\AlipayEcoMycarParkingConfigSetRequest.php,31/07/2025,a75fa918ee2b379f0088aa5e076ec6bc,11998740a522351f25f91ed8b98b1220bac70bfa,.php
C:\Users\dinht\Documents\RandomForest\test_file_benign_only\AlipayEcoMycarParkingEnterinfoSyncRequest.php,31/07/2025,0dc254c7a30ae7a8bf56ebce8c0a47b6,e862e940ddf194786e0c0d9c5b6dd61e5e5abec2,.php
C:\Users\dinht\Documents\RandomForest\test_file_benign_only\AlipayEcoMycarParkingExitinfoSyncRequest.php,31/07/2025,14aa4d055360ac1d08e0801e43be4efe,ea19e2b26fffbbe2e68f422f0eb737da6ff625d3,.php
C:\Users\dinht\Documents\RandomForest\test_file_benign_only\AlipayEcoMycarParkingLotbarcodeCreateRequest.php,31/07/2025,bf0db3dde86338b19a367b6b6b6110e5,8ade2fe079a4c72bb2a124c327440f331fe5c4d0,.php
C:\Users\dinht\Documents\RandomForest\test_file_benign_only\AlipayEcoMycarParkingOrderstatusQueryRequest.php,31/07/2025,f55904ec048b05f14e6acd3c40fde47d,e967fc7b43859ebbaff85adc739c7fdc91afecb4,.php
C:\Users\dinht\Documents\RandomForest\test_file_benign_only\AlipayEcoMycarParkingOrderSyncRequest.php,31/07/2025,7ed51a56b52294d73b2c2b7ce37d2a3b,d406bb1a8f828497dfca8e0e6f6d4bfbc6db0eea,.php
C:\Users\dinht\Documents\RandomForest\test_file_benign_only\AlipayEcoMycarParkingOrderUpdateRequest.php,31/07/2025,9e3ce00dae499d2361f92b0c07a91f36,5a827dcc803e1c402581f08bfc57ecfabd5c72dd,.php
C:\Users\dinht\Documents\RandomForest\test_file_benign_only\AlipayEcoMycarParkingParkinglotinfoCreateRequest.php,31/07/2025,816933b93cdafd37c00bfc7b282843a3,3f05f2bcd0268e8a5736af1a9f697320330c3639,.php
C:\Users\dinht\Documents\RandomForest\test_file_benign_only\AlipayEcoMycarParkingParkinglotinfoUpdateRequest.php,31/07/2025,d1a51b07b2f3d2d9a7ce3e8bea25eb61,b8ed05c5f65ad9d7e170d8044b4e00f57a7a03c1,.php
C:\Users\dinht\Documents\RandomForest\test_file_benign_only\AlipayEcoMycarParkingVehicleQueryRequest.php,31/07/2025,ac52035e51782b9a9655a306032a7e6c,dd5bc1b1a2f0394709a653622afa277995e5a90b,.php
C:\Users\dinht\Documents\RandomForest\test_file_benign_only\AlipayEcoMycarPromoTicketPushRequest.php,31/07/2025,5fb30deb0bb943dd165075072b97b056,52d4308f4171048f7bb4353d9cf9d06069c26cd8,.php
C:\Users\dinht\Documents\RandomForest\test_file_benign_only\AlipayEcoMycarPromoTicketSyncRequest.php,31/07/2025,f27eed11979e66d474f080e2c94a9c84,db73ebabc87daffdbf826acb0f2ee366a38a59f0,.php
C:\Users\dinht\Documents\RandomForest\test_file_benign_only\AlipayEcoMycarPromoVoucherVerifyRequest.php,31/07/2025,b256ec5af3d6ca88ac1b8a9ee99ba1a2,d8b71dd09627dcf6a7761c787e01e989bb13f217,.php
C:\Users\dinht\Documents\RandomForest\test_file_benign_only\AlipayEcoMycarTradeRefundRequest.php,31/07/2025,7af5c6c4fe245825df3ae6c3e084be7c,08f92d407bc6b63511da3e058fa06dd7ff443e6d,.php
C:\Users\dinht\Documents\RandomForest\test_file_benign_only\AlipayEcoMycarViolationCityPushRequest.php,31/07/2025,b15bd8be80232b1edb395a51690a256a,1bd6ed33ce1837586bfeb005d6f6920cc2174b5f,.php
C:\Users\dinht\Documents\RandomForest\test_file_benign_only\AlipayEcoMycarViolationInfoPushRequest.php,31/07/2025,6909ca4a1fb8cc980c9ae86366bb857d,f1de14a4f7e5ec8453ed429ea0effd8517898e21,.php
C:\Users\dinht\Documents\RandomForest\test_file_benign_only\AlipayEcoWelfareCodeSyncRequest.php,31/07/2025,8fae7f06c23e6c13ac1cf801fdf08a40,19a25664f0176defc046aa247ae4dbf92dc0f7f9,.php
C:\Users\dinht\Documents\RandomForest\test_file_benign_only\AlipayExscUserCurrentsignGetRequest.php,31/07/2025,e3975fd78395976fa8c15e81205b156b,7125a1f9872dbff917a5fd9b14f243654f1e73d6,.php
C:\Users\dinht\Documents\RandomForest\test_file_benign_only\AlipayExscUserFirstfundinpourGetRequest.php,31/07/2025,f9cf20e87a8d5cef21a2fbbcab7a8e00,2edab9b9893f4454d3cc1736495ef291b428ea63,.php
C:\Users\dinht\Documents\RandomForest\test_file_benign_only\AlipayExscUserFirstsignGetRequest.php,31/07/2025,7e48683185d4e66b6d9298894335c5bd,3ddfade68a61a67b23b6bc63b7a2f87b92a09bbd,.php
C:\Users\dinht\Documents\RandomForest\test_file_benign_only\AlipayFlashsalesStockSyncUpdateRequest.php,31/07/2025,9094d0d0fda9c0578adca0245a7a195e,94c17b1df7add091c2cc6429ebdb61dad3a65849,.php
C:\Users\dinht\Documents\RandomForest\test_file_benign_only\AlipayFundAuthOperationCancelRequest.php,31/07/2025,710af2c79ecd8607ba6f4e2c3243a066,2768a3f602a08059b214cd7fe923413b6b1b9cf5,.php
C:\Users\dinht\Documents\RandomForest\test_file_benign_only\AlipayFundAuthOperationDetailQueryRequest.php,31/07/2025,70ba81ca7ad8a91d4d301b80c60cd107,d9aac015376582c12dee60b9229431bccd1dc0de,.php
C:\Users\dinht\Documents\RandomForest\test_file_benign_only\AlipayFundAuthOrderFreezeRequest.php,31/07/2025,2cfb284ce0c5fd0f7860a2bc338e639b,dbc00c8bfe753a2007d0f4cd49ddaa563684b212,.php
C:\Users\dinht\Documents\RandomForest\test_file_benign_only\AlipayFundAuthOrderUnfreezeRequest.php,31/07/2025,4df9933d7a6d45fa1ec078b060b93100,92c3587248cc59967bde346e5acabb53ff2faf3f,.php
C:\Users\dinht\Documents\RandomForest\test_file_benign_only\AlipayFundAuthOrderVoucherCreateRequest.php,31/07/2025,f7a8fae22c9890b2ce781ac99cc224bd,d63ef10e9880d7d49ec82be9ce7a8e63ba4381ab,.php
C:\Users\dinht\Documents\RandomForest\test_file_benign_only\AlipayFundCouponOperationQueryRequest.php,31/07/2025,5985c4f253fd6575dedd87954606d52e,7368e8e2c28c5e9ce815f816fe272db65bd32d38,.php
C:\Users\dinht\Documents\RandomForest\test_file_benign_only\AlipayFundCouponOrderAgreementPayRequest.php,31/07/2025,b497f0a603fbc0006d7ce1236773ed84,ae52990c698e4882728b83e75e2123172b0a7c5d,.php
C:\Users\dinht\Documents\RandomForest\test_file_benign_only\AlipayFundCouponOrderAppPayRequest.php,31/07/2025,e96072253ba7ed8f2353f0db7466f640,cc1e5486bc4966dc6d3ccec54b7849a5fa2b4227,.php
C:\Users\dinht\Documents\RandomForest\test_file_benign_only\AlipayFundCouponOrderDisburseRequest.php,31/07/2025,f6dd2582578b7e99efd43083a002181f,2d4677a450ec8e4a7cb64a8881bc7fa9abbce7fe,.php
C:\Users\dinht\Documents\RandomForest\test_file_benign_only\AlipayFundCouponOrderPagePayRequest.php,31/07/2025,06fb174fcd353547b6b05b2967c7e84d,fcbeeb4c422ac2f1f3e800c261d760bd686786cd,.php
C:\Users\dinht\Documents\RandomForest\test_file_benign_only\AlipayFundCouponOrderRefundRequest.php,31/07/2025,7ca969d827d14ec5300719d8ece351c6,8f7540ea1778467151fdd332a88c99373e117beb,.php
C:\Users\dinht\Documents\RandomForest\test_file_benign_only\AlipayFundTransOrderQueryRequest.php,31/07/2025,9d7f8239bc15fefdbf50c9d288f9152c,9a0d4fa3985f93cf6aae6d96530b92dcf31a54eb,.php
C:\Users\dinht\Documents\RandomForest\test_file_benign_only\AlipayFundTransToaccountTransferRequest.php,31/07/2025,f53e8d6b1d79b69afb384be2c286fe19,3d7a18a5fe1382cf89a1562e53715226558b362a,.php
C:\Users\dinht\Documents\RandomForest\test_file_benign_only\AlipayInsAutoAutoinsprodCommonConsultRequest.php,31/07/2025,1aa562fcd2ed622b7f681942f11a410a,5cf4f5c295b077ea0e012d746263877b938f96e3,.php
C:\Users\dinht\Documents\RandomForest\test_file_benign_only\AlipayInsAutoAutoinsprodEnquriyApplyRequest.php,31/07/2025,ca8b55623617a2de8c9e04e47f497811,294f82a738a782f7be6c3b79872653e629b5111e,.php
C:\Users\dinht\Documents\RandomForest\test_file_benign_only\AlipayInsAutoAutoinsprodPolicyApplyRequest.php,31/07/2025,0d6c3759a8a92a52851e96d29bff0a66,0da6b3ae5c2f0981df9417fbaa10c93cfa724fcc,.php
C:\Users\dinht\Documents\RandomForest\test_file_benign_only\AlipayInsAutoAutoinsprodPolicyCancelRequest.php,31/07/2025,5bee59a8c1b3fb447414cd379cebbe34,452ee82c8a13ea50666724cb8263e98fec9a87e1,.php
C:\Users\dinht\Documents\RandomForest\test_file_benign_only\AlipayInsAutoAutoinsprodQuoteApplyRequest.php,31/07/2025,e348c3fc7ab71c5737d8f7f0a4e3f10b,7efd9a3dc60a5467413eab1ad4320e5ebbd8b057,.php
C:\Users\dinht\Documents\RandomForest\test_file_benign_only\AlipayInsAutoAutoinsprodQuoteQueryRequest.php,31/07/2025,c0eb981f718a1de9d8836f0abea951b2,310fa98824cdc5541a1e8c870eee0f2d23a603c1,.php
C:\Users\dinht\Documents\RandomForest\test_file_benign_only\AlipayInsAutoAutoinsprodUserCertifyRequest.php,31/07/2025,1d3e9ee2ae8778ef704643499190cad8,bb43ab3114a92c54d595f3ea33f2d9c9717cc01c,.php
C:\Users\dinht\Documents\RandomForest\test_file_benign_only\AlipayInsAutoCarSaveRequest.php,31/07/2025,5eaa49d487a81d3b1d93acb159a4b7ed,faefb5edba19e42ef10ee9e9f87ae18a038dad25,.php
C:\Users\dinht\Documents\RandomForest\test_file_benign_only\AlipayInsCooperationProductOfflineBatchqueryRequest.php,31/07/2025,ef817ce6aa4e233e2b92e87d06042e22,76b120785b2eceae74fc7113597a93591f1c30bf,.php
C:\Users\dinht\Documents\RandomForest\test_file_benign_only\AlipayInsCooperationProductQrcodeApplyRequest.php,31/07/2025,2f227cd80da0f252626a16785d7c4475,e5743d77efd7153cf39d1fe8b0533a29e4db0ce5,.php
C:\Users\dinht\Documents\RandomForest\test_file_benign_only\AlipayInsCooperationRegionQrcodeApplyRequest.php,31/07/2025,bda2105d7d1bd806dd84caec2f033d35,d1819e3d9b756fafe87eeb97d9ea3f610d001f69,.php
C:\Users\dinht\Documents\RandomForest\test_file_benign_only\AlipayInsSceneApplicationIssueConfirmRequest.php,31/07/2025,d0fc7418a551886c04c158f42b309411,00c9b09d02b957310928f3d8255f2fba2e049edb,.php
C:\Users\dinht\Documents\RandomForest\test_file_benign_only\AlipayInsSceneCouponReceiveRequest.php,31/07/2025,08973125ae0699e86f1507ec06beca5c,84107da1d11cb4aca042a941294125968effbeab,.php
C:\Users\dinht\Documents\RandomForest\test_file_benign_only\AlipayInsSceneCouponSendRequest.php,31/07/2025,1889fc3317ba436062bb07a5c5cae8f7,e6f7c93aa53ebdc6fbdec36e8a465739d63a0c1a,.php
C:\Users\dinht\Documents\RandomForest\test_file_benign_only\AlipayMappprodAccountBindingSyncRequest.php,31/07/2025,7c3dd65ca4162adbcec19f7b044a143a,0eebedafc1e5c03e8e33746288ba57f62108e219,.php
C:\Users\dinht\Documents\RandomForest\test_file_benign_only\AlipayMarketingCampaignActivityOfflineCreateRequest.php,31/07/2025,cfee129475246f7f17f48cea65f0443c,12e1a71418b427397dfaf7bcf245bfb39d1ff456,.php
C:\Users\dinht\Documents\RandomForest\test_file_benign_only\AlipayMarketingCampaignActivityOfflineTriggerRequest.php,31/07/2025,183305403c7077ac17c070615c9739ee,e3101eb1b30bc744a383c8ba9bba8bd76a3c3893,.php
C:\Users\dinht\Documents\RandomForest\test_file_benign_only\AlipayMarketingCampaignCashCreateRequest.php,31/07/2025,a0b0692300eb6f6370b9ca9f1e742fd2,152a9dfd0b7ba5ecbc7750ccde212fc4b8f2f959,.php
C:\Users\dinht\Documents\RandomForest\test_file_benign_only\AlipayMarketingCampaignCashDetailQueryRequest.php,31/07/2025,809b65a65d36611c10f9e8b1bed66be8,21bcac42432c13d1329a0376c3bf2c23b92b7b8e,.php
C:\Users\dinht\Documents\RandomForest\test_file_benign_only\AlipayMarketingCampaignCashListQueryRequest.php,31/07/2025,8afce8f10111c706d2309c047bd8791c,b972086750d8798f1454f9c0a09004adb5f2dfeb,.php
C:\Users\dinht\Documents\RandomForest\test_file_benign_only\AlipayMarketingCampaignCashStatusModifyRequest.php,31/07/2025,8d2b4044cef4656004b4db83b1c5a863,0a67c3260a0d105df6df39e312f1d95333a9badc,.php
C:\Users\dinht\Documents\RandomForest\test_file_benign_only\AlipayMarketingCampaignCashTriggerRequest.php,31/07/2025,a63e1d50c3f0946941dea939eae673c1,d819efb8f162ed3d0f2e8637ae686dd5d3b61f07,.php
C:\Users\dinht\Documents\RandomForest\test_file_benign_only\AlipayMarketingCampaignCertCreateRequest.php,31/07/2025,5d699d99f53149001ff65c6a96b06880,daeafd69e943ca1796b21fa13e972cffa099f148,.php
C:\Users\dinht\Documents\RandomForest\test_file_benign_only\AlipayMarketingCampaignDiscountBudgetAppendRequest.php,31/07/2025,aa4d3c2544a58945b201888d95eb4837,9366277c9707a00d992fb9dffdbb7a2db6fcdccd,.php
C:\Users\dinht\Documents\RandomForest\test_file_benign_only\AlipayMarketingCampaignDiscountBudgetCreateRequest.php,31/07/2025,6c24ae2c502a97cd1d9a7096037758d3,0884e232d92a99f844905a7874f724b7355b0747,.php
C:\Users\dinht\Documents\RandomForest\test_file_benign_only\AlipayMarketingCampaignDiscountBudgetQueryRequest.php,31/07/2025,929e827256e1508aba659830c3dad207,3b08d75c178c57f515cad89d6830d30b0fe0c0fd,.php
C:\Users\dinht\Documents\RandomForest\test_file_benign_only\AlipayMarketingCampaignDiscountOperateRequest.php,31/07/2025,7e02fa2bf99f87ac40cf670890da2e37,37af46c5352b4b9e19f0f60292ac3e2ec6ecf2da,.php
C:\Users\dinht\Documents\RandomForest\test_file_benign_only\AlipayMarketingCampaignDiscountQueryRequest.php,31/07/2025,02dae08ce1c48cbbf2d9a5b45a33f0b4,d30ff7499046a8288e64b9696871b17ca27ab176,.php
C:\Users\dinht\Documents\RandomForest\test_file_benign_only\AlipayMarketingCampaignDiscountStatusUpdateRequest.php,31/07/2025,3d8abb7a813befd0742f11c69a10377b,ada0eb155daa1fd404fb079ec3189265180691e1,.php
C:\Users\dinht\Documents\RandomForest\test_file_benign_only\AlipayMarketingCampaignDiscountWhitelistQueryRequest.php,31/07/2025,8c04f97db44f14ab63c2ee72be07fdb3,5cf6fc74341bb4fd38c5512ea6501453ea045525,.php
C:\Users\dinht\Documents\RandomForest\test_file_benign_only\AlipayMarketingCampaignDiscountWhitelistUpdateRequest.php,31/07/2025,b2e6572f68bcd3bd0647c749c8dfc081,db352fc0331206262228a7975bd2e2a0f0eb813f,.php
C:\Users\dinht\Documents\RandomForest\test_file_benign_only\AlipayMarketingCampaignDrawcampCreateRequest.php,31/07/2025,3061308d35ae3ef7ba59cf643189dfd0,32f624a46f0a23ea246391d321300497c1090f4b,.php
C:\Users\dinht\Documents\RandomForest\test_file_benign_only\AlipayMarketingCampaignDrawcampQueryRequest.php,31/07/2025,88bc9df54f3aef0d8221557236cab560,933b832760a4a14a9b757b5c7a071a6bd300c485,.php
C:\Users\dinht\Documents\RandomForest\test_file_benign_only\AlipayMarketingCampaignDrawcampStatusUpdateRequest.php,31/07/2025,40bb6e6db94e33320769e4c9d0a24261,de3e2245f3955acc2eef350422632e4bf421c56e,.php
C:\Users\dinht\Documents\RandomForest\test_file_benign_only\AlipayMarketingCampaignDrawcampTriggerRequest.php,31/07/2025,3afe8c333c3e65f83dae117a5b01d993,e901d4a7c22567c90a44d98291cd3e350eac7dc7,.php
C:\Users\dinht\Documents\RandomForest\test_file_benign_only\AlipayMarketingCampaignDrawcampUpdateRequest.php,31/07/2025,b67ce706224852d852eef17c57764594,833dd473a69a7f95d4624e3bd7a8b028029e2fc0,.php
C:\Users\dinht\Documents\RandomForest\test_file_benign_only\AlipayMarketingCampaignDrawcampWhitelistCreateRequest.php,31/07/2025,8adcee1028e388b34e067a2b309e7b46,a498173af72f40d80477f3ae42170df725cf0724,.php
C:\Users\dinht\Documents\RandomForest\test_file_benign_only\AlipayMarketingCampaignPrizeAmountQueryRequest.php,31/07/2025,a4d725948996d681a4838d9e91625206,5678c748f5fff9737ec3b10baee45dde8f37ce08,.php
C:\Users\dinht\Documents\RandomForest\test_file_benign_only\AlipayMarketingCardActivateformQueryRequest.php,31/07/2025,ce491ed4e0d744922b806028c2cad1d8,2f3b3bb856e1231f0e8a050005e3fcb713b02a25,.php
C:\Users\dinht\Documents\RandomForest\test_file_benign_only\AlipayMarketingCardActivateurlApplyRequest.php,31/07/2025,ba2c293d9b0351d06db6e8e1d9a6e697,19a066f851e422fcee566baa033340c209bb8f83,.php
C:\Users\dinht\Documents\RandomForest\test_file_benign_only\AlipayMarketingCardBenefitCreateRequest.php,31/07/2025,57a617bc14397668f52764dbd4a1aa06,ef7f6773be302e4c1aac06e19650abb8a5e7139e,.php
C:\Users\dinht\Documents\RandomForest\test_file_benign_only\AlipayMarketingCardBenefitDeleteRequest.php,31/07/2025,9d04478d1ce2c62f8a58c6c96cb18c4a,feb0e7c4bb9c1e04f3a3154916c49b4a776798c6,.php
C:\Users\dinht\Documents\RandomForest\test_file_benign_only\AlipayMarketingCardBenefitModifyRequest.php,31/07/2025,2bf6ce536b3df0a817cc3e26b33a09d6,9bd819a89f9c0fde6e412c2297fb2e20899759cb,.php
C:\Users\dinht\Documents\RandomForest\test_file_benign_only\AlipayMarketingCardBenefitQueryRequest.php,31/07/2025,9ffba748976bfc21676a768739953b6f,b19f94f222e4fd92ea40c324f1884d0961dd8375,.php
C:\Users\dinht\Documents\RandomForest\test_file_benign_only\AlipayMarketingCardConsumeSyncRequest.php,31/07/2025,e5f0590b977a6954d6f637bd52b6cba9,a60fae49fdf0a509f25b7f562a9260b84b25a106,.php
C:\Users\dinht\Documents\RandomForest\test_file_benign_only\AlipayMarketingCardDeleteRequest.php,31/07/2025,243177218bea12bb35075c8936431c17,405d27fab9a30c033caca9d8c910a1675f73a2b1,.php
C:\Users\dinht\Documents\RandomForest\test_file_benign_only\AlipayMarketingCardFormtemplateSetRequest.php,31/07/2025,d54acc20eb7250ca693c7869452e9d43,8cdce3f1fa16962a068ea55e2c1826a5e3e51f6a,.php
C:\Users\dinht\Documents\RandomForest\test_file_benign_only\AlipayMarketingCardOpenRequest.php,31/07/2025,6d0464f204700c10f170cd45de09d1da,2d851216b81cbfba2b1b2c86598ce4cc038adccf,.php
C:\Users\dinht\Documents\RandomForest\test_file_benign_only\AlipayMarketingCardQueryRequest.php,31/07/2025,177703ab915131284692edcc078e8906,c27c3738c8ddff2f15699da17ecde8ab23051d19,.php
C:\Users\dinht\Documents\RandomForest\test_file_benign_only\AlipayMarketingCardTemplateCreateRequest.php,31/07/2025,6143a01e55fa6616749b441758af6644,4a8fe459bcfcad889161e2916321ed38b38f4e0d,.php
C:\Users\dinht\Documents\RandomForest\test_file_benign_only\AlipayMarketingCardTemplateModifyRequest.php,31/07/2025,388bbd4455603de34a682ba699163c78,63e26a7ee3861443eb1f9fa748dc83351ee77309,.php
C:\Users\dinht\Documents\RandomForest\test_file_benign_only\AlipayMarketingCardTemplateQueryRequest.php,31/07/2025,2342a55e87e3f05bd52825f8ba415dfb,25f0acc5b4faf721ae09f2920ca26cc9f9c904db,.php
C:\Users\dinht\Documents\RandomForest\test_file_benign_only\AlipayMarketingCardUpdateRequest.php,31/07/2025,4df9107f6312a3e842593f01d533b9ef,ec96e72bb6e5251ea6468448826a741682de7265,.php
C:\Users\dinht\Documents\RandomForest\test_file_benign_only\AlipayMarketingCashlessvoucherTemplateCreateRequest.php,31/07/2025,1bce336babde4b3b50e54a2df7d4e429,455a28c0e05063d5437805f083ef5c4c05fc25e4,.php
C:\Users\dinht\Documents\RandomForest\test_file_benign_only\AlipayMarketingCashlessvoucherTemplateModifyRequest.php,31/07/2025,98ac6f1c6cc8e18a3ebcb2fdccafa3b2,49b5083245754dc4743c8c1df381c781ce02d364,.php
C:\Users\dinht\Documents\RandomForest\test_file_benign_only\AlipayMarketingCashvoucherTemplateCreateRequest.php,31/07/2025,1855d6144de1db7192177ce6e9752ea2,3d3743213e60a765d794570866b158e366f907e6,.php
C:\Users\dinht\Documents\RandomForest\test_file_benign_only\AlipayMarketingCashvoucherTemplateModifyRequest.php,31/07/2025,0aa2afdbfff5f86d90636e23e4f52611,3a461484c2d06b5bd38b02d6d4f6c74e647cda53,.php
C:\Users\dinht\Documents\RandomForest\test_file_benign_only\AlipayMarketingCdpAdvertiseCreateRequest.php,31/07/2025,05949f12af5856ddeb2312f0dbb45c22,851c49a233a25928b82008b0beaf56de90de9a11,.php
C:\Users\dinht\Documents\RandomForest\test_file_benign_only\AlipayMarketingCdpAdvertiseModifyRequest.php,31/07/2025,0e14febf333eda8dacdca6bb70effe28,924dba677e71b8420881643d7d5691d2c54b55eb,.php
C:\Users\dinht\Documents\RandomForest\test_file_benign_only\AlipayMarketingCdpAdvertiseOperateRequest.php,31/07/2025,56134d2eca111ae1a0a3061db21a85a5,0950f2d3c3cc4453fb20329e62735d4ac6cd3627,.php
C:\Users\dinht\Documents\RandomForest\test_file_benign_only\AlipayMarketingCdpAdvertiseQueryRequest.php,31/07/2025,b8dab6f500f9021e5261369538118605,d0763bc763ac771b71595463c5cd75079a5f0f92,.php
C:\Users\dinht\Documents\RandomForest\test_file_benign_only\AlipayMarketingCdpAdvertiseReportQueryRequest.php,31/07/2025,50ffb22da674809cdc1489617fbc1d2a,c675044d69c68d2139e75ee45428b9a6533e65d3,.php
C:\Users\dinht\Documents\RandomForest\test_file_benign_only\AlipayMarketingCdpRecommendQueryRequest.php,31/07/2025,360f0fd53e4b80b8d5d4674d6414076e,cba4b57bac9801b4209b4df64f73efdfd2acc046,.php
C:\Users\dinht\Documents\RandomForest\test_file_benign_only\AlipayMarketingExchangevoucherUseRequest.php,31/07/2025,d7dfc6ced6e14de298a8b42259670030,51f3f9d08868764dbf8c9ac62bc95d5884990651,.php
C:\Users\dinht\Documents\RandomForest\test_file_benign_only\AlipayMarketingToolFengdieActivityCreateRequest.php,31/07/2025,355d197e0f03bc6b0195048238b6972a,4cb34f9b29dba474d9483714b835d03ab56316c1,.php
C:\Users\dinht\Documents\RandomForest\test_file_benign_only\AlipayMarketingToolFengdieActivityQueryRequest.php,31/07/2025,e212cb1b631ff5f7612713eee4e01c23,56e8cf07e841fa7b96d43939bfc259c4726168c8,.php
C:\Users\dinht\Documents\RandomForest\test_file_benign_only\AlipayMarketingToolFengdieEditorQueryRequest.php,31/07/2025,42465e552003e5d38844c02145e7c5ed,c60d020e097865cba62aa3b96c8d182f8b7ae3ba,.php
C:\Users\dinht\Documents\RandomForest\test_file_benign_only\AlipayMarketingToolFengdieMemberCreateRequest.php,31/07/2025,46db2e70c7af9880cac51b5124fffde7,a93cdc79e90d28f5c3b2cbebfbd4e9cb2072bf9d,.php
C:\Users\dinht\Documents\RandomForest\test_file_benign_only\AlipayMarketingToolFengdieSitesBatchqueryRequest.php,31/07/2025,d47a3a1eaaf85aa323ba8d249db3726e,5f2b1ac3cc91253636e727f008a03db09b329b82,.php
C:\Users\dinht\Documents\RandomForest\test_file_benign_only\AlipayMarketingToolFengdieSitesConfirmRequest.php,31/07/2025,015b43e160bd4a99151e5a5682973089,04cda2487c44e1824128f3fc569c20f80231f1da,.php
C:\Users\dinht\Documents\RandomForest\test_file_benign_only\AlipayMarketingToolFengdieSitesCreateRequest.php,31/07/2025,789f58101bfe2493760309f3d8dab889,3fe343c55f65c98674bc300298fa1cf5f592bdd5,.php
C:\Users\dinht\Documents\RandomForest\test_file_benign_only\AlipayMarketingToolFengdieSitesDeleteRequest.php,31/07/2025,d2a1b4c5fcf674c48ebf229ce362ecaf,aab09ec9c6392acc6f95d407781fece782fddfaa,.php
C:\Users\dinht\Documents\RandomForest\test_file_benign_only\AlipayMarketingToolFengdieSitesQueryRequest.php,31/07/2025,ea93231e84d3d944637124c6f397ae08,ab7007b082a5a5282a53b40761ab504c4da81ce8,.php
C:\Users\dinht\Documents\RandomForest\test_file_benign_only\AlipayMarketingToolFengdieSitesSyncRequest.php,31/07/2025,fa97861ae361820ea88c051a61c11f49,65a899ca6895d470c2b3543697863a844a4a9653,.php
C:\Users\dinht\Documents\RandomForest\test_file_benign_only\AlipayMarketingToolFengdieSpaceBatchqueryRequest.php,31/07/2025,dac8cf9f9bcbec254c8561ee0e032f87,1840ed613f747ff71e64ace084872814b1802444,.php
C:\Users\dinht\Documents\RandomForest\test_file_benign_only\AlipayMarketingToolFengdieSpaceCreateRequest.php,31/07/2025,574a77e20e4a537d57251cf8515a070f,c9e6c7fc5baa1c4603f27a4ef6e12b435fe74cec,.php
C:\Users\dinht\Documents\RandomForest\test_file_benign_only\AlipayMarketingToolFengdieSpaceQueryRequest.php,31/07/2025,e0794ba1987725d2efeec04c99a7a097,c0c5b6876f0d86ed90aca30ba7bec056d64fd5a7,.php
C:\Users\dinht\Documents\RandomForest\test_file_benign_only\AlipayMarketingToolFengdieTemplateBatchqueryRequest.php,31/07/2025,fcdd7a55bbc107aaf51e0adce735ab4e,e61f74527469ec88022f580888e2692fcc898117,.php
C:\Users\dinht\Documents\RandomForest\test_file_benign_only\AlipayMarketingToolFengdieTemplateQueryRequest.php,31/07/2025,b9513b1fa51a2441283708d8410dc09e,f72c47785fbeb0a426a43036bcd213140267bb0d,.php
C:\Users\dinht\Documents\RandomForest\test_file_benign_only\AlipayMarketingToolFengdieTemplateSendRequest.php,31/07/2025,8ac06481d82f90acb9f670334c7df59d,17622d549e036aad70afe969d0b13e93194d88e9,.php
C:\Users\dinht\Documents\RandomForest\test_file_benign_only\AlipayMarketingUserulePidQueryRequest.php,31/07/2025,1f07e3f198e72dc396c9fc7fceee223b,f577c90221e6c59cd9208cd51142fcb7c05d4124,.php
C:\Users\dinht\Documents\RandomForest\test_file_benign_only\AlipayMarketingVoucherAuthSendRequest.php,31/07/2025,a915b1ea464052c3cbfd94452e5e2a7a,82d14cd6c5eebc98f0b1b56625d9b2d5f7033636,.php
C:\Users\dinht\Documents\RandomForest\test_file_benign_only\AlipayMarketingVoucherConfirmRequest.php,31/07/2025,d28fb89e4ae139b693569778b190573f,dcfde4fb3bbc437f47ca07cfe71ac08156f60f91,.php
C:\Users\dinht\Documents\RandomForest\test_file_benign_only\AlipayMarketingVoucherListQueryRequest.php,31/07/2025,bc47de2782d9cc94a1a38b187302a35e,23df1a95c64bbe259317369d7df1d4406b6d9a59,.php
C:\Users\dinht\Documents\RandomForest\test_file_benign_only\AlipayMarketingVoucherQueryRequest.php,31/07/2025,dd363f0fe999263c370d1b963c6f89d8,749f0618c62862ebf99ae94dea70ecb087ee6228,.php
C:\Users\dinht\Documents\RandomForest\test_file_benign_only\AlipayMarketingVoucherSendRequest.php,31/07/2025,a6ed31a6af4e5f9c5e889218e933acfd,44123690153182a0485dfa788140eb346cee2dcb,.php
C:\Users\dinht\Documents\RandomForest\test_file_benign_only\AlipayMarketingVoucherStockUseRequest.php,31/07/2025,31fd1f2be5bd412c25c4e143c5a51641,03108eafaf75453cdb687fda0eaf1f280ab6effb,.php
C:\Users\dinht\Documents\RandomForest\test_file_benign_only\AlipayMarketingVoucherTemplateDeleteRequest.php,31/07/2025,015e8b38a05f1d728d49ef283402c04a,3ff0a0cb4a12f8d45fbe4a47ad37703c89a54cc7,.php
C:\Users\dinht\Documents\RandomForest\test_file_benign_only\AlipayMarketingVoucherTemplatedetailQueryRequest.php,31/07/2025,b594b7b8bb3e1dc0c7eb69fafa1bd093,8a87151e4e2cab090249a256796baab2befac629,.php
C:\Users\dinht\Documents\RandomForest\test_file_benign_only\AlipayMarketingVoucherTemplatelistQueryRequest.php,31/07/2025,cb65201e8be53014faf1d132862ce8f4,f83b593ea252ee9118c409c93129e4492a9133b9,.php
C:\Users\dinht\Documents\RandomForest\test_file_benign_only\AlipayMdataTagGetRequest.php,31/07/2025,dabeb874ff8ce8a6b16a8e69096b6176,6c7ad3c4e00477253b0390ddf0ff57f92b8508c5,.php
C:\Users\dinht\Documents\RandomForest\test_file_benign_only\AlipayMemberCouponQuerylistRequest.php,31/07/2025,330590781cf7fa44cf63b85d19aa969f,1f289aa43313d1d3e982001b02e3c393ad261526,.php
C:\Users\dinht\Documents\RandomForest\test_file_benign_only\AlipayMicropayOrderConfirmpayurlGetRequest.php,31/07/2025,9444efb32094abe73f268ab0e39b8879,31573da2537fa975629a5065184f3e6984546e66,.php
C:\Users\dinht\Documents\RandomForest\test_file_benign_only\AlipayMicropayOrderDirectPayRequest.php,31/07/2025,5e60d7f37e64c5f36fe93a9f03cc2e90,021535883a02f8e3cbf753a64217e7e0ee440f1b,.php
C:\Users\dinht\Documents\RandomForest\test_file_benign_only\AlipayMicropayOrderFreezepayurlGetRequest.php,31/07/2025,0aa2b9fbb122a9f9853f37ad95d52752,685a3c9a85723f65f5814dac7408eb069830529c,.php
C:\Users\dinht\Documents\RandomForest\test_file_benign_only\AlipayMicropayOrderFreezeRequest.php,31/07/2025,cd7551179dd53dc8e92a6f37941b0f5c,fe47c2160dc4e5fc28ba6fdc431466a831f7d53e,.php
C:\Users\dinht\Documents\RandomForest\test_file_benign_only\AlipayMicropayOrderGetRequest.php,31/07/2025,2f1e082261174739099a59fca4d2174e,a87a071486d157880d357b7a3580f9b80d6daab5,.php
C:\Users\dinht\Documents\RandomForest\test_file_benign_only\AlipayMicropayOrderUnfreezeRequest.php,31/07/2025,f593082ef57668e734b03c279deaa1be,382242249bcca04ebe1c3fdc5959e9bfe2905751,.php
C:\Users\dinht\Documents\RandomForest\test_file_benign_only\AlipayMobileBeaconDeviceAddRequest.php,31/07/2025,fb3b86d25950baa4f2f9331994e398e3,c975dd3d083537501449af0b18d1150937618be9,.php
C:\Users\dinht\Documents\RandomForest\test_file_benign_only\AlipayMobileBeaconDeviceDeleteRequest.php,31/07/2025,4177dbea7be4901db1e6c1e263611140,12d0650b5be87970ddb49b24d95ebd9696c40ce2,.php
C:\Users\dinht\Documents\RandomForest\test_file_benign_only\AlipayMobileBeaconDeviceModifyRequest.php,31/07/2025,1b95311ae49e8fe93db7b50ac363b1f7,c2bc43438643c6b97371a8849853ddc8f02e9797,.php
C:\Users\dinht\Documents\RandomForest\test_file_benign_only\AlipayMobileBeaconDeviceQueryRequest.php,31/07/2025,5520606434698bb96d2b9ade07760c64,58c31069ac3726f5ba5adafcfa68cff8b5a72262,.php
C:\Users\dinht\Documents\RandomForest\test_file_benign_only\AlipayMobileBeaconMessageSendRequest.php,31/07/2025,131003291d646ab53a11f102735c26a3,f04a21faf67a3c83b22aead966b8bf5aa00b1417,.php
C:\Users\dinht\Documents\RandomForest\test_file_benign_only\AlipayMobileBksigntokenVerifyRequest.php,31/07/2025,90547d390f6b888ae0120996f36b358e,16da0df1f1019bb13ad114041480602d5288f923,.php
C:\Users\dinht\Documents\RandomForest\test_file_benign_only\AlipayMobileCodeCreateRequest.php,31/07/2025,d80920b0bc771c6e0316bd88bf60cbe7,57edab798a555823c3366bb92fa8a1ec9c294919,.php
C:\Users\dinht\Documents\RandomForest\test_file_benign_only\AlipayMobileCodeQueryRequest.php,31/07/2025,0ab5eb671daeffe5d988922c23ca30ab,b44e880556eeea3ccac54e95f1e8b7d06db0ffe0,.php
C:\Users\dinht\Documents\RandomForest\test_file_benign_only\AlipayMobilePublicAccountAddRequest.php,31/07/2025,a2ae496ec174bf2a1621e09f447aedbf,031a01657566ba1381206ec3613e953fa0be9184,.php
C:\Users\dinht\Documents\RandomForest\test_file_benign_only\AlipayMobilePublicAccountDeleteRequest.php,31/07/2025,0fd408e53cbb0ded0fc590aa2ef7a6e7,96ad33bd9bb2eb176d51c1e2f02913e5491c1c5a,.php
C:\Users\dinht\Documents\RandomForest\test_file_benign_only\AlipayMobilePublicAccountQueryRequest.php,31/07/2025,91732406754d0058387ff01709e3f07a,52a4db366e69ab085506e2b67b723f70da378871,.php
C:\Users\dinht\Documents\RandomForest\test_file_benign_only\AlipayMobilePublicAccountResetRequest.php,31/07/2025,53ad73e409ce926c0eb51a59148e2461,156b812f85000bc69dc61b1ee5bfe4ae9e3963c5,.php
C:\Users\dinht\Documents\RandomForest\test_file_benign_only\AlipayMobilePublicAppinfoUpdateRequest.php,31/07/2025,8cd0d0289d9ddc8e1f7393f85ae1ae9e,9a5022cb184de0793b90f8803d94d420bcf802a6,.php
C:\Users\dinht\Documents\RandomForest\test_file_benign_only\AlipayMobilePublicContactFollowListRequest.php,31/07/2025,67336f352780f8da5485c29d11bb4798,1e5ca5103aaee1fb13f5f357ac1700808f266684,.php
C:\Users\dinht\Documents\RandomForest\test_file_benign_only\AlipayMobilePublicFollowListRequest.php,31/07/2025,0d70e129c627fbd2267e612ff237b482,e246e26598a7aa94d9c3ace718c439060a264164,.php
C:\Users\dinht\Documents\RandomForest\test_file_benign_only\AlipayMobilePublicGisGetRequest.php,31/07/2025,0642353be24931dca00a1d78c8e1ac66,c1c674f11a01416056b5de002146f4c2cb882b90,.php
C:\Users\dinht\Documents\RandomForest\test_file_benign_only\AlipayMobilePublicInfoModifyRequest.php,31/07/2025,4dd9a95b42b33e64736bebac45bf66e6,37336f81bf566431d541213adc59f1d28b56b700,.php
C:\Users\dinht\Documents\RandomForest\test_file_benign_only\AlipayMobilePublicInfoQueryRequest.php,31/07/2025,49c6bd01038f7bd98972163c4b788330,16fd657df6a7fd061055047fc6333b2dd7f0dc45,.php
C:\Users\dinht\Documents\RandomForest\test_file_benign_only\AlipayMobilePublicLabelAddRequest.php,31/07/2025,b77e5f4e5a86fb214fad41ccb4561e9b,dccecdaa53d62db92dd062d07ae7074d1af368ac,.php
C:\Users\dinht\Documents\RandomForest\test_file_benign_only\AlipayMobilePublicLabelDeleteRequest.php,31/07/2025,0fa2b2578103f2dc50c7e896bda59a8e,1a2cd8f067ab47b8b9da3d8d784e09447e5064c8,.php
C:\Users\dinht\Documents\RandomForest\test_file_benign_only\AlipayMobilePublicLabelQueryRequest.php,31/07/2025,4ce5ef086da4a915a2866573fbce1e17,bc9497d4362802486119359e95e7675fcd7b81dc,.php
C:\Users\dinht\Documents\RandomForest\test_file_benign_only\AlipayMobilePublicLabelUpdateRequest.php,31/07/2025,0bd0f109138fec9ef1f246816f1bc424,c4257579e1c3ca60ad91a3d8c5f925c7a8305bb1,.php
C:\Users\dinht\Documents\RandomForest\test_file_benign_only\AlipayMobilePublicLabelUserAddRequest.php,31/07/2025,02d01020c3ecf5d2e914e9e2b35614bd,c64ca69996efeac53b71768cd93fbd9a2b93b4fe,.php
C:\Users\dinht\Documents\RandomForest\test_file_benign_only\AlipayMobilePublicLabelUserDeleteRequest.php,31/07/2025,a9b17293d3a617cc7418947384101e91,8486b92d94a9d27b73428a57cb61fe9d93f5370a,.php
C:\Users\dinht\Documents\RandomForest\test_file_benign_only\AlipayMobilePublicLabelUserQueryRequest.php,31/07/2025,ee2361908b9361f2c1652f85f0803c53,6d557089c0cec7634137d733935bc68a5137c5b4,.php
C:\Users\dinht\Documents\RandomForest\test_file_benign_only\AlipayMobilePublicMenuAddRequest.php,31/07/2025,d845379b88ef0d62cd6b71a5bf65c19f,e89606af9c7dc1b6f9e7c21bffc1542ea30e653b,.php
C:\Users\dinht\Documents\RandomForest\test_file_benign_only\AlipayMobilePublicMenuDeleteRequest.php,31/07/2025,a39e1b8239429653b7f2b38ba7111fb1,341ca0ade165aaf86d48ae46b3f837de3b64d8e0,.php
C:\Users\dinht\Documents\RandomForest\test_file_benign_only\AlipayMobilePublicMenuGetRequest.php,31/07/2025,163987185ae88ef42bf0416e098ddef8,74a43eb256fd9d1e1ddb509ad7957ec5ec9f143d,.php
C:\Users\dinht\Documents\RandomForest\test_file_benign_only\AlipayMobilePublicMenuQueryRequest.php,31/07/2025,a2d9905b1ccd333e1c2a5680baaf74f5,ff0ea7f74a1012fe3406c6bdbd9e7e84cd896006,.php
C:\Users\dinht\Documents\RandomForest\test_file_benign_only\AlipayMobilePublicMenuUpdateRequest.php,31/07/2025,45cfca71bfa6e375b7fffba6edb4fc1e,70bc0221a02e09636df197f80e614afe58e83bf9,.php
C:\Users\dinht\Documents\RandomForest\test_file_benign_only\AlipayMobilePublicMenuUserQueryRequest.php,31/07/2025,474718b12ccd9679caa228bb4526bc25,d5208a1dc543ae6ea586d0bd3b9f233d65e62190,.php
C:\Users\dinht\Documents\RandomForest\test_file_benign_only\AlipayMobilePublicMenuUserUpdateRequest.php,31/07/2025,a04393e95d64e09ce73a39c55c229f72,86dcd257d7b434929f5ac7a0c143de8c3ebb9e6d,.php
C:\Users\dinht\Documents\RandomForest\test_file_benign_only\AlipayMobilePublicMessagebatchPushRequest.php,31/07/2025,ab3c1bafdbdf1e5d2dbc1197d7295498,1d751bdcadf9ef76b3769b6174c8664d8f1d7ce2,.php
C:\Users\dinht\Documents\RandomForest\test_file_benign_only\AlipayMobilePublicMessageCustomSendRequest.php,31/07/2025,1973ee6100af9d90329ffa71b7796662,5b8e332d061edb00e0dda761765d8a7988c5b2fd,.php
C:\Users\dinht\Documents\RandomForest\test_file_benign_only\AlipayMobilePublicMessageLabelSendRequest.php,31/07/2025,314f496f1ed04913cd916957d5acc6b2,8f836aaabe422648c06e4ce684aec7b4e9a7bf72,.php
C:\Users\dinht\Documents\RandomForest\test_file_benign_only\AlipayMobilePublicMessagePushRequest.php,31/07/2025,96fdca76d07d31ba347df76da444d7b0,116e8667c91d7373e5337bf595dcc2dc329f5d04,.php
C:\Users\dinht\Documents\RandomForest\test_file_benign_only\AlipayMobilePublicMessageSingleSendRequest.php,31/07/2025,807cf370ce51a76f5275eb0c6c2e2152,97f4ed9b719ffe2be606dd39358bab008c972bb9,.php
C:\Users\dinht\Documents\RandomForest\test_file_benign_only\AlipayMobilePublicMessagespecifyPushRequest.php,31/07/2025,d4e6784b4c89ed35a01d4ab57ef80738,701f89da9041f83aa3380983fe36b5378638608c,.php
C:\Users\dinht\Documents\RandomForest\test_file_benign_only\AlipayMobilePublicMessageTotalSendRequest.php,31/07/2025,f40be2a2a29c3b2d23c24024cb51623c,4ed3dcdc593214571972d065d9d4cd7be8f48171,.php
C:\Users\dinht\Documents\RandomForest\test_file_benign_only\AlipayMobilePublicMockListsmlistApiRequest.php,31/07/2025,0db2198f76720452a6b1c4dadf2b471c,738254d2dd18f82c8380afe13cbe07ee5fdcdaba,.php
C:\Users\dinht\Documents\RandomForest\test_file_benign_only\AlipayMobilePublicMultiMediaClient.php,31/07/2025,00aa8c01c3538378a262e03d97cde6fb,32ba87bbb37b42458e81412b3973bcdcd87bda7d,.php
C:\Users\dinht\Documents\RandomForest\test_file_benign_only\AlipayMobilePublicMultiMediaExecute.php,31/07/2025,dc936469412bf95e1a3a9fea5dd00194,c2d5b2f01c506e65733c35d35f43359e4be0509c,.php
C:\Users\dinht\Documents\RandomForest\test_file_benign_only\AlipayMobilePublicQrcodeCreateRequest.php,31/07/2025,731479721e04c9f15b5dea2b3cf8663b,5a0dae9369c1b9df69226ae5398566bac8699c5b,.php
C:\Users\dinht\Documents\RandomForest\test_file_benign_only\AlipayMobilePublicShortlinkCreateRequest.php,31/07/2025,fc4e6064bb9c4050498c1ede4b1410c5,05808bc9774f762e98d0bbe886dc2ae8108f832d,.php
C:\Users\dinht\Documents\RandomForest\test_file_benign_only\AlipayMobilePublicStdMockListsmlistApiRequest.php,31/07/2025,2238dba4214172e325dc1cc2824f305e,a0b5d923dae4196f7a26b001d4d5383a9ff588e9,.php
C:\Users\dinht\Documents\RandomForest\test_file_benign_only\AlipayMobilePublicTemplateMessageDeleteRequest.php,31/07/2025,2f3682f742bdddb45d58e5c908f513af,5822e95550599fc44b4879015d6ac0150f0501c4,.php
C:\Users\dinht\Documents\RandomForest\test_file_benign_only\AlipayMobilePublicTemplateMessageGetRequest.php,31/07/2025,451f8316cdf86c0cb6b226c0fa21f874,a542878e9ce5f480aaff210758f5e809898c38bd,.php
C:\Users\dinht\Documents\RandomForest\test_file_benign_only\AlipayMobilePublicTemplateMessageModifyRequest.php,31/07/2025,a78a5081d719f3ede553ce12d0cd5085,1bb01dee36e15246c2a5b97bc0c19fcfb2d08068,.php
C:\Users\dinht\Documents\RandomForest\test_file_benign_only\AlipayMobilePublicTemplateMessageQueryRequest.php,31/07/2025,e2fa5d601a54567e42d1391f209d3569,650a28d7dd074678e2401b638815c21b28a452e0,.php
C:\Users\dinht\Documents\RandomForest\test_file_benign_only\AlipayMobileRecommendGetRequest.php,31/07/2025,ed65477542ddfb1eac27b826666183ad,99a98e35dceec5f08e7bdae9f168768bd78590da,.php
C:\Users\dinht\Documents\RandomForest\test_file_benign_only\AlipayMobileShakeUserQueryRequest.php,31/07/2025,3b065b60bfc4145c8b23000505f9b46c,e79d3c0a0296ce750600c047d006b884f06aeef1,.php
C:\Users\dinht\Documents\RandomForest\test_file_benign_only\AlipayMobileStdPublicAccountQueryRequest.php,31/07/2025,d3bc0d13fe0b441dc53f605a4ca5cbc0,4962b19f27178b340ad42243999ccb9fdba461a0,.php
C:\Users\dinht\Documents\RandomForest\test_file_benign_only\AlipayMobileStdPublicExpressUserQueryRequest.php,31/07/2025,ee94f39dc6dfe03352c08391dad108e5,e6c2c7152fbc0f0fa0481c1858f882ffae7f8e8c,.php
C:\Users\dinht\Documents\RandomForest\test_file_benign_only\AlipayMobileStdPublicFollowListRequest.php,31/07/2025,94aca936b22be09e51ebbdb5ff46218a,c64a5d998cedd57aa259824df6de080f3bd9c9d5,.php
C:\Users\dinht\Documents\RandomForest\test_file_benign_only\AlipayMobileStdPublicMenuQueryRequest.php,31/07/2025,db191dc966e629111a2f8594b660e7bd,3b5b8064c9ea4d4ad0df566147da63d7d465309d,.php
C:\Users\dinht\Documents\RandomForest\test_file_benign_only\AlipayMobileStdPublicMessageCustomSendRequest.php,31/07/2025,c1eedef0fbcba12aaaad863ea04c6162,8ce7ebb82422860e1b2cc7b33e8b5808e59a4b0e,.php
C:\Users\dinht\Documents\RandomForest\test_file_benign_only\AlipayMpointprodBenefitDetailGetRequest.php,31/07/2025,f514e7ff637100f7bf50202ea06e6b5c,f7d00c37268ff6439a75377b7aaf546f7b53d576,.php
C:\Users\dinht\Documents\RandomForest\test_file_benign_only\AlipayMsaasMediarecogVoiceMediaaudioUploadRequest.php,31/07/2025,25f89349bc1c198a3675c56e30d18441,7b18eea3472f3866d35149c1e76b4b7274ac2576,.php
C:\Users\dinht\Documents\RandomForest\test_file_benign_only\AlipayMsaasPromotionCpainfoCreateRequest.php,31/07/2025,bb4062be2af1d73874b691c8de629c27,cb22f9bfe325d0971244c6cec34411ed4d4670c5,.php
C:\Users\dinht\Documents\RandomForest\test_file_benign_only\AlipayOfflineMarketApplyorderBatchqueryRequest.php,31/07/2025,7f390062cae99147fa284b29428d075a,ad390243bb08c6f68806d02bb92252bbe92c3675,.php
C:\Users\dinht\Documents\RandomForest\test_file_benign_only\AlipayOfflineMarketingVoucherCodeUploadRequest.php,31/07/2025,e640752e01c056321214884e2f38ea90,0f75edbc3b23098f7511d63cc29457901bb49645,.php
C:\Users\dinht\Documents\RandomForest\test_file_benign_only\AlipayOfflineMarketingVoucherCreateRequest.php,31/07/2025,be551a1ffdb9bc9d0774c7f85d61bc37,fd396c4eef2383da4f48fda56373961a7d90ccad,.php
C:\Users\dinht\Documents\RandomForest\test_file_benign_only\AlipayOfflineMarketingVoucherModifyRequest.php,31/07/2025,56f58082e042d7ac472ae793b9594407,2658a78217d87cb18ed2c731d7390effc6fc2fb2,.php
C:\Users\dinht\Documents\RandomForest\test_file_benign_only\AlipayOfflineMarketingVoucherOfflineRequest.php,31/07/2025,74aa44fb28a66ea97d39d051514612f9,54b65c467a43ad15447cc91c0e39fc322933a233,.php
C:\Users\dinht\Documents\RandomForest\test_file_benign_only\AlipayOfflineMarketingVoucherStatusQueryRequest.php,31/07/2025,3778d9b71cafde04ebb3335bfa01839d,3f5919f8014922dd3badf64c5624cc569a8d32e9,.php
C:\Users\dinht\Documents\RandomForest\test_file_benign_only\AlipayOfflineMarketingVoucherUseRequest.php,31/07/2025,78355f62e482eda2741d8233a62929a3,2ce6cc90502c40df414df22a09adab9453b384f4,.php
C:\Users\dinht\Documents\RandomForest\test_file_benign_only\AlipayOfflineMarketItemCreateRequest.php,31/07/2025,69bd72a926972168e8885898c18cf024,01e50c84be03f54c6d2ba111ff346013d7dc15db,.php
C:\Users\dinht\Documents\RandomForest\test_file_benign_only\AlipayOfflineMarketItemModifyRequest.php,31/07/2025,17451da900f19acd108af5bd3cfc44fc,807c207343d0eb7f61ef121fc01fa9205e1710a0,.php
C:\Users\dinht\Documents\RandomForest\test_file_benign_only\AlipayOfflineMarketItemStateRequest.php,31/07/2025,9917a414e9c82c15edf96e84b68ebd47,7182ef431f2c8f5ae3d9e99a383280e480fe8340,.php
C:\Users\dinht\Documents\RandomForest\test_file_benign_only\AlipayOfflineMarketLeadsBatchqueryRequest.php,31/07/2025,7054eff06d5501fcf78b7ec958573b0c,454e3985919eefa1fee214deec71340e3604dcda,.php
C:\Users\dinht\Documents\RandomForest\test_file_benign_only\AlipayOfflineMarketLeadsQrcodeQueryRequest.php,31/07/2025,b1905d10686fe7e412b1cbb9a4a115bf,8ff0bb9af0237b396b3faf480d5e69b3a974baec,.php
C:\Users\dinht\Documents\RandomForest\test_file_benign_only\AlipayOfflineMarketMcommentQueryRequest.php,31/07/2025,abe789810f8d849334700377dd4e7e3c,066c8d7b9bdf8f42b7e678ee7e68115219e953a6,.php
C:\Users\dinht\Documents\RandomForest\test_file_benign_only\AlipayOfflineMarketProductBatchqueryRequest.php,31/07/2025,373106bb9ed0635fac5f8297d74dc67d,7ce278fc0ce38cd5a16eb8e0a9b9bffb5cf33bce,.php
C:\Users\dinht\Documents\RandomForest\test_file_benign_only\AlipayOfflineMarketProductQuerydetailRequest.php,31/07/2025,25713bbf7c4f652cad9ccd8e218c134e,14a6db8ea2a33c6c391c798669ef3e9873132851,.php
C:\Users\dinht\Documents\RandomForest\test_file_benign_only\AlipayOfflineMarketReporterrorCreateRequest.php,31/07/2025,90babaae5ad70ace907648db47969fac,e1fc2235eb85afe374a41e10846b8dab07739c5e,.php
C:\Users\dinht\Documents\RandomForest\test_file_benign_only\AlipayOfflineMarketReportGetRequest.php,31/07/2025,44c125b7eb950644c8ba0cb6922a7368,d96d4ccaa642038d478d3a5c27a01980a319bf28,.php
C:\Users\dinht\Documents\RandomForest\test_file_benign_only\AlipayOfflineMarketShopAlbumBindRequest.php,31/07/2025,d301a69320e25283423eddb927fdf6fb,71603ec3fce815be66709c6cd68af47ca4c46f08,.php
C:\Users\dinht\Documents\RandomForest\test_file_benign_only\AlipayOfflineMarketShopAlbumCreateRequest.php,31/07/2025,d0237c24ba12c1347fd21e83b41d92a9,2362fa1599737e9d8ac648e8971262b20b937c57,.php
C:\Users\dinht\Documents\RandomForest\test_file_benign_only\AlipayOfflineMarketShopAlbumDeleteRequest.php,31/07/2025,e34e1c2cb1037a0f9cf903cd42a01fbd,6eee4c9b202fee913c85531903564d2c550d97bc,.php
C:\Users\dinht\Documents\RandomForest\test_file_benign_only\AlipayOfflineMarketShopAlbumModifyRequest.php,31/07/2025,54e8e45a4ba949f14235a444b09f968d,dcdbc61a50b9e3505aeb975cbfe989d5f4615597,.php
C:\Users\dinht\Documents\RandomForest\test_file_benign_only\AlipayOfflineMarketShopAlbumQueryRequest.php,31/07/2025,83a3004af20d4cdb0f0929cb175bcf03,291564d8fe888e86dccfee21b78b43b8a7c64909,.php
C:\Users\dinht\Documents\RandomForest\test_file_benign_only\AlipayOfflineMarketShopAlbumUnbindRequest.php,31/07/2025,757fcb531d6a786321011b5dcdfdb664,0f4f20f9036f467cb0d829c4f9124d9c4b63d02c,.php
C:\Users\dinht\Documents\RandomForest\test_file_benign_only\AlipayOfflineMarketShopApplyorderCancelRequest.php,31/07/2025,3c3dcb777d5aadb0d0a6e8be3c6f0b1d,88446e652f65c91a0004e367197d2ed8c3772403,.php
C:\Users\dinht\Documents\RandomForest\test_file_benign_only\AlipayOfflineMarketShopAssignstaffRequest.php,31/07/2025,17d525308769c556f4b9a5e940204b32,9caa6766c60758878e7f50cfe5363148f204dc09,.php
C:\Users\dinht\Documents\RandomForest\test_file_benign_only\AlipayOfflineMarketShopBatchqueryRequest.php,31/07/2025,26b73d289a567caf89d571a8d361c01a,96a703ee8fb8728ee7c181998a2b78b5be3c9e2b,.php
C:\Users\dinht\Documents\RandomForest\test_file_benign_only\AlipayOfflineMarketShopCategoryQueryRequest.php,31/07/2025,9632b811b4e47a6cefbe7e2e3255fab1,93ac6d6160d99e65eae62d9e224bcd8e52346ddf,.php
C:\Users\dinht\Documents\RandomForest\test_file_benign_only\AlipayOfflineMarketShopCreateRequest.php,31/07/2025,6736075f752de315d834941d0b382474,5a4a87cde96442e4235668de2dfc5fb8c040ad84,.php
C:\Users\dinht\Documents\RandomForest\test_file_benign_only\AlipayOfflineMarketShopDiscountQueryRequest.php,31/07/2025,c77d6e7344e6cbb8086bf816836961ec,98fe8c94be0e6d9a759c2609673d3dbc079b9f00,.php
C:\Users\dinht\Documents\RandomForest\test_file_benign_only\AlipayOfflineMarketShopModifyRequest.php,31/07/2025,de239aeea57939f161f78d1f10011403,d2bf9170079b46fc2a2517e917966d4769d43136,.php
C:\Users\dinht\Documents\RandomForest\test_file_benign_only\AlipayOfflineMarketShopPublicBindRequest.php,31/07/2025,5e4b9234692965c614f9f41181849c26,e4deba67c05e9c9613c9db280bd30e8329399479,.php
C:\Users\dinht\Documents\RandomForest\test_file_benign_only\AlipayOfflineMarketShopPublicUnbindRequest.php,31/07/2025,a8fa19626e56fdc4d6a6c7f26586a388,8a9258e89b67ed9829e3f06af5e49b9c6b4f2115,.php
C:\Users\dinht\Documents\RandomForest\test_file_benign_only\AlipayOfflineMarketShopQuerydetailRequest.php,31/07/2025,080b6417a81fd2893355175989a3d2c8,27e57960d9ba36345e917033acc7000bb7a31abd,.php
C:\Users\dinht\Documents\RandomForest\test_file_benign_only\AlipayOfflineMarketShopSummaryBatchqueryRequest.php,31/07/2025,6f6cb523a214ab8432e6877eaea48395,814c816dfd63fd0eb7906d3972f5f8d7eb6fbef4,.php
C:\Users\dinht\Documents\RandomForest\test_file_benign_only\AlipayOfflineMaterialImageDownloadRequest.php,31/07/2025,8ef5d69e2da0b60da2d267b5b71718cc,d53b7cf07d3df8be50280fd136e1999f4d1afe7f,.php
C:\Users\dinht\Documents\RandomForest\test_file_benign_only\AlipayOfflineMaterialImageModifyRequest.php,31/07/2025,50c6680ed76cd4aa75e0d2d95ee9ffeb,66a7f253395963dc2a35276904e82fec7467a48e,.php
C:\Users\dinht\Documents\RandomForest\test_file_benign_only\AlipayOfflineMaterialImageQueryRequest.php,31/07/2025,f569ad21495066cec3138e0ce584b5e6,ffdaccce61601816973a1ffe79e28ed8e893100b,.php
C:\Users\dinht\Documents\RandomForest\test_file_benign_only\AlipayOfflineMaterialImageUploadRequest.php,31/07/2025,bad0cab5d48e2f36dd5dc5ba121ceed6,ca600db89a755362c3632c2a843f3184725363ea,.php
C:\Users\dinht\Documents\RandomForest\test_file_benign_only\AlipayOfflineProviderDishQueryRequest.php,31/07/2025,159deff51d9ca12bb421306fae112749,090a38ed17b1ef2d04a08c068a93aea0900352bf,.php
C:\Users\dinht\Documents\RandomForest\test_file_benign_only\AlipayOfflineProviderEquipmentAuthQuerybypageRequest.php,31/07/2025,4c7254d9718d98a2f1e0dd5e094bfa01,f60022b7debb0c8e71d8aa6dc7783f968ca86f48,.php
C:\Users\dinht\Documents\RandomForest\test_file_benign_only\AlipayOfflineProviderEquipmentAuthRemoveRequest.php,31/07/2025,0805ade7435bf667c9832a9319d788f5,38ff7a9c5cdf4656bbe8ec613697a84090da88ae,.php
C:\Users\dinht\Documents\RandomForest\test_file_benign_only\AlipayOfflineProviderMonitorLogSyncRequest.php,31/07/2025,97f115470686e91ded4bb6feb170267d,b5d65d52639a8463fb1c66d8c8956a55234cd0f0,.php
C:\Users\dinht\Documents\RandomForest\test_file_benign_only\AlipayOfflineProviderQuerystaffRequest.php,31/07/2025,82fe2c0da440fef5f1cd48971a764c87,6be7cb91d0b3f3dc0b1c837e0360f833b58dca3f,.php
C:\Users\dinht\Documents\RandomForest\test_file_benign_only\AlipayOfflineProviderShopactionRecordRequest.php,31/07/2025,7f1db0757c4aab138450df91d5bacf7f,2493c435f8e42cfef8befa407da6f754c2f91d0e,.php
C:\Users\dinht\Documents\RandomForest\test_file_benign_only\AlipayOfflineProviderStaffUpdateRequest.php,31/07/2025,219a36ef9349dcfff39a6afc5e87ef97,181f77c0b54c43b83c2aa32658e7c5884da4e922,.php
C:\Users\dinht\Documents\RandomForest\test_file_benign_only\AlipayOfflineProviderUseractionRecordRequest.php,31/07/2025,fefedf5e8949119561d6a626c8900b37,17ae1ff8b27174f24ad5fb691ac62fe743ddb236,.php
C:\Users\dinht\Documents\RandomForest\test_file_benign_only\AlipayOfflineSaleleadsClaimstatusRequest.php,31/07/2025,8f0f1bc756fe1b4225bb0358d3603ba1,ffc427e043be92eb6311d8db8910c16e5833d680,.php
C:\Users\dinht\Documents\RandomForest\test_file_benign_only\AlipayOfflineSaleleadsContractconfirmRequest.php,31/07/2025,548b8ce83cf0aee0f8c02d371b4525da,0c813a4b3133a1002ad8989ce07dc5147b381614,.php
C:\Users\dinht\Documents\RandomForest\test_file_benign_only\AlipayOfflineSaleleadsInfoAddRequest.php,31/07/2025,32cd64856b69a696ebfad277101668e0,976521fc32c890b00caa0b0018411d9ff04f96ba,.php
C:\Users\dinht\Documents\RandomForest\test_file_benign_only\AlipayOfflineSaleleadsInfoQuerybypageRequest.php,31/07/2025,09646aee03ac5f7a5df20d589aa858f1,17177cdd152efafb4e11d9667f19a5f763b34f1c,.php
C:\Users\dinht\Documents\RandomForest\test_file_benign_only\AlipayOfflineSaleleadsMerchantEquipmentQueryRequest.php,31/07/2025,e83353ace26f961d75752c9706c6fd2c,06280618d48470c4c5fe6407436f6ddc27d26cd7,.php
C:\Users\dinht\Documents\RandomForest\test_file_benign_only\AlipayOfflineSaleleadsModifyRequest.php,31/07/2025,d380bf7400ded87a9db8cd4f217ffb5f,0cc6dfa74ad88b99507bf9fa13676d2ed6edd922,.php
C:\Users\dinht\Documents\RandomForest\test_file_benign_only\AlipayOfflineSaleleadsQuerybyidsRequest.php,31/07/2025,c00c75ddf51e2b5115cf78434311e263,e0766c422e70c7580d236ae882cef4b35138cde7,.php
C:\Users\dinht\Documents\RandomForest\test_file_benign_only\AlipayOpenAppCodetesttestRequest.php,31/07/2025,f56faa6630427aa6fb2ad6ed8dd27823,630cc7ab98ec429379fe18114ac203477652ad73,.php
C:\Users\dinht\Documents\RandomForest\test_file_benign_only\AlipayOpenAppLingjiuyisiCreateRequest.php,31/07/2025,23801090ecd90d10d25f3184aac8e104,6eea43ad46e8d3ac20321987dee3aeebe3b830f0,.php
C:\Users\dinht\Documents\RandomForest\test_file_benign_only\AlipayOpenAppLingjiuyiwuBatchqueryRequest.php,31/07/2025,df3d654e893357199de16a4397c94fad,74430926d2717d28aeeb81a114eff697f0687887,.php
C:\Users\dinht\Documents\RandomForest\test_file_benign_only\AlipayOpenAppNotifyVerifyRequest.php,31/07/2025,30f7b1bb9f95077f5872cede2026a111,51384616a62c986263743b858806fc30ab0c7c5b,.php
C:\Users\dinht\Documents\RandomForest\test_file_benign_only\AlipayOpenAppPackagetestRequest.php,31/07/2025,69ae4b5a4a142e567e0abff3e265ac95,f40091c34bda7dc169c54e39c4f6e16010a9efe7,.php
C:\Users\dinht\Documents\RandomForest\test_file_benign_only\AlipayOpenAppQrcodeCreateRequest.php,31/07/2025,a9e08cf0b22aece0ba4e6456806211f7,fa0df37a25d3878cfbea83ee223c1c027aac735c,.php
C:\Users\dinht\Documents\RandomForest\test_file_benign_only\AlipayOpenAppXwbtestabcQueryRequest.php,31/07/2025,ad53fd5dd4aaabe08997f062ca6dcf81,1041582091c7ac9fb5f50e2f8494f8410549014b,.php
C:\Users\dinht\Documents\RandomForest\test_file_benign_only\AlipayOpenAppYiyiyiwuQueryRequest.php,31/07/2025,6fbcf25a508dcbb9ec3b7c57ac709804,b08d641f25c2c32e38ff4e1122caf6f756bc365f,.php
C:\Users\dinht\Documents\RandomForest\test_file_benign_only\AlipayOpenAppYufanlingsanyaowuYufalingsanyaowuQueryRequest.php,31/07/2025,1b25eedd9aec6988526c6325979a84ae,8660fd9adf77ca15d940874d6937e5c6c4afb143,.php
C:\Users\dinht\Documents\RandomForest\test_file_benign_only\AlipayOpenAuthIndustryPlatformCreateTokenRequest.php,31/07/2025,3cb8399c0567d4b82b5a363a78497602,89c449bce5d9af054ba75c958fa42078793ea04b,.php
C:\Users\dinht\Documents\RandomForest\test_file_benign_only\AlipayOpenAuthTokenAppQueryRequest.php,31/07/2025,a9747b6d2ebeee50d41449a9874a2399,ec55f321dff929425f42e0cbea5e5c5bbb3714b7,.php
C:\Users\dinht\Documents\RandomForest\test_file_benign_only\AlipayOpenAuthTokenAppRequest.php,31/07/2025,5fceaee3cd44e8437b97163b814c9fbd,e7dc6ea2d9201c68aebf652ba7f1b32d34e169f2,.php
C:\Users\dinht\Documents\RandomForest\test_file_benign_only\AlipayOpenPublicAccountCreateRequest.php,31/07/2025,2f590735f4c9959b94f6b2d32d198909,6df817b300d3b0abc93b61ff63e4cea10876fa2a,.php
C:\Users\dinht\Documents\RandomForest\test_file_benign_only\AlipayOpenPublicAccountDeleteRequest.php,31/07/2025,4c24f1a1449c4a9d92df49109f466ce0,0466ceb0f9a314a5cec3a2cd8be922ceecb209af,.php
C:\Users\dinht\Documents\RandomForest\test_file_benign_only\AlipayOpenPublicAccountQueryRequest.php,31/07/2025,a60d195efcad9dd77cef689e6f015608,da9444296937570d233d891198b7ca71b72174df,.php
C:\Users\dinht\Documents\RandomForest\test_file_benign_only\AlipayOpenPublicAccountResetRequest.php,31/07/2025,009e95ea8aa0db13c8077c5792559c3e,8d1d6f3367876ac847b4101740cedb522bcf9d44,.php
C:\Users\dinht\Documents\RandomForest\test_file_benign_only\AlipayOpenPublicAdvertBatchqueryRequest.php,31/07/2025,a9b789b33d808f65a66a100b8dc1002a,3c88cb885f09487c5a973e761d9dc7d3ed92285d,.php
C:\Users\dinht\Documents\RandomForest\test_file_benign_only\AlipayOpenPublicAdvertCreateRequest.php,31/07/2025,cd9d295b5bd6700d4260cc2d70bca7f1,bb176abe4172ad11ac69e6e4c25166a7b70e7127,.php
C:\Users\dinht\Documents\RandomForest\test_file_benign_only\AlipayOpenPublicAdvertDeleteRequest.php,31/07/2025,2b029b5c99b395f5ac589ebe4f11e22f,59dfebadc54001431b5acaf66223abfc33a2fe9d,.php
C:\Users\dinht\Documents\RandomForest\test_file_benign_only\AlipayOpenPublicAdvertModifyRequest.php,31/07/2025,79508c8895a85cb6d4f4aee4687ae237,96016c070ddc6598331027be369b45baebaf63f6,.php
C:\Users\dinht\Documents\RandomForest\test_file_benign_only\AlipayOpenPublicContactFollowBatchqueryRequest.php,31/07/2025,a95662f3500b7c6984504d971785335a,4157e03b907fe1b79c87165c54ae95ae756d6229,.php
C:\Users\dinht\Documents\RandomForest\test_file_benign_only\AlipayOpenPublicDefaultExtensionCreateRequest.php,31/07/2025,7a3536f3b3bb2b15f4c5ab2138def52d,ba61bef83b49045338a212cca82984651a06015a,.php
C:\Users\dinht\Documents\RandomForest\test_file_benign_only\AlipayOpenPublicFollowBatchqueryRequest.php,31/07/2025,a76a4db43d90f14d0d7ff5bcb21bdbff,0c1d8d1fb4e90664846222b31e66f428870388c7,.php
C:\Users\dinht\Documents\RandomForest\test_file_benign_only\AlipayOpenPublicGisQueryRequest.php,31/07/2025,ace14d6471bea5c90a9bd00aab5b4df3,b34b1d73343b38259c71ffb819800f9cdbccc6b3,.php
C:\Users\dinht\Documents\RandomForest\test_file_benign_only\AlipayOpenPublicGroupBatchqueryRequest.php,31/07/2025,7ea242059e8e1e4090377ba3587534dc,7621670dc7a558ade8892a63bc402e0b0eaaa9d5,.php
C:\Users\dinht\Documents\RandomForest\test_file_benign_only\AlipayOpenPublicGroupCreateRequest.php,31/07/2025,19484dd4fce57da0e52c911c9b228dd2,4f72806e8d17cd06cbd61ac334610ca849418c11,.php
C:\Users\dinht\Documents\RandomForest\test_file_benign_only\AlipayOpenPublicGroupCrowdQueryRequest.php,31/07/2025,43f2872a21dcb266b1d6ce1bfd42485a,220eab3656eb4f2d442ff462f9825d148cb0412f,.php
C:\Users\dinht\Documents\RandomForest\test_file_benign_only\AlipayOpenPublicGroupDeleteRequest.php,31/07/2025,c8d91c9239997ae6276085767e1e1fad,2631327deb54128fe9ce276de9cccf9dc365900a,.php
C:\Users\dinht\Documents\RandomForest\test_file_benign_only\AlipayOpenPublicGroupModifyRequest.php,31/07/2025,7bf03797ee967e4ce9c51cbc35f048d4,f04ddeb77a8f68ad157bac7eea7dce753866774b,.php
C:\Users\dinht\Documents\RandomForest\test_file_benign_only\AlipayOpenPublicInfoModifyRequest.php,31/07/2025,d016f267e6a7e47ebd6a9ab8aa5e79d9,3b679a29c1f67b01ffc0627975479b991044f3c0,.php
C:\Users\dinht\Documents\RandomForest\test_file_benign_only\AlipayOpenPublicInfoQueryRequest.php,31/07/2025,c0809f665a47e98128d986e6f30c219e,4750a1127905ae77bf84abbc31ffdb174eabc5aa,.php
C:\Users\dinht\Documents\RandomForest\test_file_benign_only\AlipayOpenPublicLabelCreateRequest.php,31/07/2025,0d4f729f266884fbd12b66ad9a44b6ec,a483355adaba9db71460a9d71b497cf5e4c9e470,.php
C:\Users\dinht\Documents\RandomForest\test_file_benign_only\AlipayOpenPublicLabelDeleteRequest.php,31/07/2025,5681c0e8578be47ef8ba25d6d2b548b3,bdc6fdf27909162f02edea02f80c3bc4d27160ea,.php
C:\Users\dinht\Documents\RandomForest\test_file_benign_only\AlipayOpenPublicLabelModifyRequest.php,31/07/2025,792b32d5f79d776ec23bb4b58f94c4ad,d3285b85acf3e09fe8e89703d3f0ecd2b5b0eb27,.php
C:\Users\dinht\Documents\RandomForest\test_file_benign_only\AlipayOpenPublicLabelQueryRequest.php,31/07/2025,6255c142018694974102b7d9fd7b325e,5b19a3f64a91d81fa41899e549a281427332c9ee,.php
C:\Users\dinht\Documents\RandomForest\test_file_benign_only\AlipayOpenPublicLabelUserCreateRequest.php,31/07/2025,fc2069fb416d2850a4c364a1fab6884e,abf5b5e533dcbbaeb9a3ab2539e2df9887b89e0a,.php
C:\Users\dinht\Documents\RandomForest\test_file_benign_only\AlipayOpenPublicLabelUserDeleteRequest.php,31/07/2025,b6dfdfeb7917f1f9bfe5cf0fc5113e2b,8f7173053e8d411c80dc7a71339f124f0fdba095,.php
C:\Users\dinht\Documents\RandomForest\test_file_benign_only\AlipayOpenPublicLabelUserQueryRequest.php,31/07/2025,a76104d86288308390b5867914997983,c2d846f1a69faf30aef31406b9fbb66dfde51d93,.php
C:\Users\dinht\Documents\RandomForest\test_file_benign_only\AlipayOpenPublicLifeAboardApplyRequest.php,31/07/2025,6c3a9a3419c7ca8a84868533a0cf0256,44611a4c98a10cfc49ff1238f8257aac7d651518,.php
C:\Users\dinht\Documents\RandomForest\test_file_benign_only\AlipayOpenPublicLifeAccountCreateRequest.php,31/07/2025,7b13faf87c42b6e4960d8f3c55368b4a,23dfed263583d2a9cf3fc51ed716d0429f92de1b,.php
C:\Users\dinht\Documents\RandomForest\test_file_benign_only\AlipayOpenPublicLifeAgentcreateQueryRequest.php,31/07/2025,d5a7f14c93bce1ce65bc92242acdc334,d7e3d973a1210154d9c295d5cc634ba5c554be0d,.php
C:\Users\dinht\Documents\RandomForest\test_file_benign_only\AlipayOpenPublicLifeAgentCreateRequest.php,31/07/2025,28fb3559fdb02b9a581eac5484d795e6,6b168882da96f0330c502fdf343fe455e846f900,.php
C:\Users\dinht\Documents\RandomForest\test_file_benign_only\AlipayOpenPublicLifeCreateRequest.php,31/07/2025,1ac179e6e4bd793b738cd6a96a3a3bc4,fac0f6f0ae440a0d624d543bbf760ea43ee07784,.php
C:\Users\dinht\Documents\RandomForest\test_file_benign_only\AlipayOpenPublicLifeDebarkApplyRequest.php,31/07/2025,819d904ec7b185ef78dc9b86afc15405,24a4710b94d3ea1d071c417f7f935016f7d3b74f,.php
C:\Users\dinht\Documents\RandomForest\test_file_benign_only\AlipayOpenPublicLifeLabelBatchqueryRequest.php,31/07/2025,68f877854ce4403d1ecb614872437989,90f0f23505993e33ee61767f18a485f1cde8bf1b,.php
C:\Users\dinht\Documents\RandomForest\test_file_benign_only\AlipayOpenPublicLifeLabelCreateRequest.php,31/07/2025,9601c7fcf1cc8f79a54cf5cd445f3d11,7d1d4150044054861f890ff037c9f6729facd008,.php
C:\Users\dinht\Documents\RandomForest\test_file_benign_only\AlipayOpenPublicLifeLabelDeleteRequest.php,31/07/2025,e2c58d1fc5422609b452de3308422f33,5be47af09412131ec174a2963cf76439687f5ed5,.php
C:\Users\dinht\Documents\RandomForest\test_file_benign_only\AlipayOpenPublicLifeLabelModifyRequest.php,31/07/2025,baf956e5079ea06da113b98e903cb769,115edf3daff10d3cc06362717c6a21f53b181bc2,.php
C:\Users\dinht\Documents\RandomForest\test_file_benign_only\AlipayOpenPublicLifeModifyRequest.php,31/07/2025,6c799c105bd4510b97caa2bf7d0cb870,000955b39c3f32f9f7e34ba52156900d7edbd1e2,.php
C:\Users\dinht\Documents\RandomForest\test_file_benign_only\AlipayOpenPublicLifeMsgRecallRequest.php,31/07/2025,88846d0dcea1a88a9f5130adad3181b6,ff55e6ef3a53f81daabaddee8680058721c08b94,.php
C:\Users\dinht\Documents\RandomForest\test_file_benign_only\AlipayOpenPublicLifeMsgSendRequest.php,31/07/2025,30817f7c7478b2712c664ef171e1ca32,96223f718838c0d5590737ea7e407dd7351d25f0,.php
C:\Users\dinht\Documents\RandomForest\test_file_benign_only\AlipayOpenPublicMatchuserLabelCreateRequest.php,31/07/2025,3c45678849e88478c80ed86c8e663603,87238796e163c56d554d68a6122e0f0c40e421c6,.php
C:\Users\dinht\Documents\RandomForest\test_file_benign_only\AlipayOpenPublicMatchuserLabelDeleteRequest.php,31/07/2025,0eef99249a9abebd7f65d9fd4fe6e503,9ccb117705b5d9c769e2ca96c4a3a2eec8661bca,.php
C:\Users\dinht\Documents\RandomForest\test_file_benign_only\alipay_app.php,31/07/2025,a8fe674f1ba0147e2da002626cd848aa,bb94e32cd26af342bcb359116132cac51616248f,.php
C:\Users\dinht\Documents\RandomForest\test_file_benign_only\alipay_core.function.php,31/07/2025,74c88aec4d2e74a1e8276dacb520df0e,bb78cf6ab9ca6705a4079eb47a5c21213f8f3152,.php
C:\Users\dinht\Documents\RandomForest\test_file_benign_only\alipay_core.function_1.php,31/07/2025,52c98c0e260bcee61953e9a1d6e951bb,c3ad4e3d181d0be53b6967aa23e236ee1d7d5eef,.php
C:\Users\dinht\Documents\RandomForest\test_file_benign_only\alipay_h5.php,31/07/2025,8062313e091ae84b1da806313e0ee4f8,c3b05ef633e3c194ae83a339ca2b93814b12a4c9,.php
C:\Users\dinht\Documents\RandomForest\test_file_benign_only\alipay_md5.function.php,31/07/2025,e03ded8926620afce487aeca40f8a07c,875303f2fdf96b06559be2c582e9429ef9f9251f,.php
C:\Users\dinht\Documents\RandomForest\test_file_benign_only\alipay_md5.function_1.php,31/07/2025,0fdeb6e233038719c13c298ecdd8679a,ffc335c5d64b7bd89048ee7ace0afd980066e94d,.php
C:\Users\dinht\Documents\RandomForest\test_file_benign_only\alipay_notify.class.php,31/07/2025,c818040ecd9d71fcbdc2ce53d3ce859a,139adcb6c5bc1ecfa83524312d9288a17091cf4e,.php
C:\Users\dinht\Documents\RandomForest\test_file_benign_only\alipay_notify.class_1.php,31/07/2025,7ec54b42fd44aa8dbdcaafa98f893d0a,58c9879e6942f10f507499a1069b15c406f9e72f,.php
C:\Users\dinht\Documents\RandomForest\test_file_benign_only\alipay_notify.class_2.php,31/07/2025,4e6aafc3ef1fe5f25a38f4e3e9eb96ae,9da563d883599a615cd419311a25ad3f18516a3c,.php
C:\Users\dinht\Documents\RandomForest\test_file_benign_only\alipay_submit.class.php,31/07/2025,d8c0ef9485f3f1e2927e5292651cc939,abe917b54eb6f87a6cc5e62d1c544de4accf596a,.php
C:\Users\dinht\Documents\RandomForest\test_file_benign_only\alipay_submit.class_1.php,31/07/2025,13ded98baa9dc1b5b8d23449b02f5b2f,9cffc967f55357e25e6fee7fce7403be30b7a193,.php
C:\Users\dinht\Documents\RandomForest\test_file_benign_only\A_1.php,31/07/2025,d0594f57cc677e30aff65369388d3dba,0e51ce87f059b24dc123884e121491070cf7b471,.php
C:\Users\dinht\Documents\RandomForest\test_file_benign_only\A_2.php,31/07/2025,efd489a92aa31d670cbb189c55a6d756,a4ce7bb4794d634d2c8bc70c4ea11eb377acfc18,.php
C:\Users\dinht\Documents\RandomForest\test_file_benign_only\A_3.php,31/07/2025,3f4ed71d2ebb9dff2d30415666b9d727,1d60e573a68d12c9c42f3dae273a2d824ef6fa52,.php
C:\Users\dinht\Documents\RandomForest\test_file_benign_only\LaravelExcelException.php,02/08/2025,4f8596bf3f95ee6ec35f1363e173114f,5f942ef44ba43f40344a9bce9c827ce2f181f860,.php
C:\Users\dinht\Documents\RandomForest\test_file_benign_only\WhHtml5Editor.php,02/08/2025,bcea71ab7b5af7e08482f8ea5ffe41c2,6e0fa6104d1e28fd93b0e26ca48036396cbb3e05,.php
C:\Users\dinht\Documents\RandomForest\test_file_benign_only\While_.php,02/08/2025,5f688eaab6835b0542f3f51bdcb71d0d,19b4c209e15dfe8fd4b35206ca19545c9756b887,.php
C:\Users\dinht\Documents\RandomForest\test_file_benign_only\WhImageColumn.php,02/08/2025,68389d0b015b1104b73736e66dfe68df,3bce61191f603175eae2bec729694358bce643b9,.php
C:\Users\dinht\Documents\RandomForest\test_file_benign_only\WhInputWidget.php,02/08/2025,84f432cb61d453216983b615aa96500e,1eabfc5787453f76d0582d69fe9443dbb9d88b76,.php
C:\Users\dinht\Documents\RandomForest\test_file_benign_only\WhiteListController.php,02/08/2025,6aafbd7f4f122ea9cd7db5e99d40f71e,22ca88e610fea2e60ec5486aa502536947ef98f2,.php
C:\Users\dinht\Documents\RandomForest\test_file_benign_only\WhitespaceHandler.php,02/08/2025,b09acdf108dd5a0cb1be0793a4411cff,f1816da02a5dd257cb4a38583c83c8816dd5c284,.php
C:\Users\dinht\Documents\RandomForest\test_file_benign_only\WhitespaceHandlerTest.php,02/08/2025,96def7317b549215676fca335b03b1d6,a2cc356c08b51e9cdf377c3c6d817f70492a6e8e,.php
C:\Users\dinht\Documents\RandomForest\test_file_benign_only\WhLanguages.php,02/08/2025,048364788ef40a4b7371e858c4ce420b,72139342275634e29b7441a3db1545ce9e0f63ee,.php
C:\Users\dinht\Documents\RandomForest\test_file_benign_only\WhMaskInput.php,02/08/2025,8a3efb239a6a1d733ac3bb2f8d7a103a,777be08166efa2b75c1671426de5d1c266555f28,.php
C:\Users\dinht\Documents\RandomForest\test_file_benign_only\WhMaskMoney.php,02/08/2025,14bb0a15d8b617df1eaf23ba1c1078af,55655632573dc084566986d164b130327a9444f5,.php
C:\Users\dinht\Documents\RandomForest\test_file_benign_only\WHMCSInstaller.php,02/08/2025,a83a78ab0391eb160f9c2b785bb7c414,50b70a3c64762c38b7a5d81c62dd25471ad99e9b,.php
C:\Users\dinht\Documents\RandomForest\test_file_benign_only\WhModal.php,02/08/2025,e3ac6002d7a322e489f0f62a5d13209d,125c5c86e421f0658ebfd59c24de47bfdc83d558,.php
C:\Users\dinht\Documents\RandomForest\test_file_benign_only\WhMultiSelect.php,02/08/2025,da79671d149a608e5a535d41f35d73a5,d2bd7d412f2869ac9a1753e81a6fd4b7db90c622,.php
C:\Users\dinht\Documents\RandomForest\test_file_benign_only\whole_file.php,02/08/2025,5a9bf9b7456d4bea0d669e708d70fac8,dd8adec06c76f8f143e927ba8dfe14165ad46851,.php
C:\Users\dinht\Documents\RandomForest\test_file_benign_only\whole_file_line_numbers.php,02/08/2025,c6115636c198358f34f039d4a0b3e4af,5a896931c6d68580ee6311cbabf653d5d868bfdb,.php
C:\Users\dinht\Documents\RandomForest\test_file_benign_only\WhoopsHandler.php,02/08/2025,a47479c711e91d5228e133b1b3263322,70a1b2201011884000f3c889e6922172206a4be9,.php
C:\Users\dinht\Documents\RandomForest\test_file_benign_only\WhOperation.php,02/08/2025,d74103565949d1954ab2a763c1807375,62c852d027147ab1fcf21e4a4b2820f4a61bbca0,.php
C:\Users\dinht\Documents\RandomForest\test_file_benign_only\WhPercentOfTypeEasyPieOperation.php,02/08/2025,cec275a955223cc914a165d921444549,e92f250bbfb46888e1017e97d90173fd8a25aa39,.php
C:\Users\dinht\Documents\RandomForest\test_file_benign_only\WhPercentOfTypeGooglePieOperation.php,02/08/2025,a38ed7342d9938af0f793d424455823f,32b1e1c9e7e562959edf6184f6ba18d76040f0e7,.php
C:\Users\dinht\Documents\RandomForest\test_file_benign_only\WhPercentOfTypeOperation.php,02/08/2025,7842332431ff0500e50ac1fbc8053ea4,d8a380d1139e7d908b70072b21ab66a5ce77e523,.php
C:\Users\dinht\Documents\RandomForest\test_file_benign_only\WhPhone.php,02/08/2025,6e7e756548418359fbfa1d04f68c5dd7,3bf9bdd348f66625adbd62a96247e08fac75285f,.php
C:\Users\dinht\Documents\RandomForest\test_file_benign_only\WhPlugin.php,02/08/2025,2103e9df387913904df161aacb9fd7a3,44fb36f0447ec141fd9f4af94f5728c0e71e92c5,.php
C:\Users\dinht\Documents\RandomForest\test_file_benign_only\WhRangeSlider.php,02/08/2025,3c8222279a6ecafc8cac2b6d20fc449d,38dbe8ee9b74c2a984f781018fcfe3b26458eda3,.php
C:\Users\dinht\Documents\RandomForest\test_file_benign_only\WhRedactor.php,02/08/2025,f5821e42852460ea91393d5b3e8ef53c,d9bdf5de79e7971487e22e5d5834ed356c9b3548,.php
C:\Users\dinht\Documents\RandomForest\test_file_benign_only\WhRelationalColumn.php,02/08/2025,27000388706c0b40a464fd5b656299c7,2648650ee98a354c291e68946d019c37547531c6,.php
C:\Users\dinht\Documents\RandomForest\test_file_benign_only\WhResponsive.php,02/08/2025,ae8982504821b5d2f6c1621be75267cd,5d0b3eb20599ba1779b8b6aeb21ea612f6cae0bd,.php
C:\Users\dinht\Documents\RandomForest\test_file_benign_only\WhSelect2.php,02/08/2025,9525a1e7d096786559da44ff685af484,8236ec4ba7c4c67903f2ffbbe2bbbc0a33836e40,.php
C:\Users\dinht\Documents\RandomForest\test_file_benign_only\WhSelectBox.php,02/08/2025,6c1e09e45d610ae571a4661e62bfbf02,63911d65df9bf01d3ab4ee6eb87cf33534ffe7e6,.php
C:\Users\dinht\Documents\RandomForest\test_file_benign_only\WhSparklines.php,02/08/2025,1b09446d2b61b13b6f3ccfd6a28c4333,b0cc5fbcfcd475a820dfcb96f88535620ca2cc32,.php
C:\Users\dinht\Documents\RandomForest\test_file_benign_only\WhStates.php,02/08/2025,caddd1eff75b09cf09e4cd34d990eded,91ac08b5b6e7b51f26c8cd5c2708109ec87a590a,.php
C:\Users\dinht\Documents\RandomForest\test_file_benign_only\WhSumOperation.php,02/08/2025,0cd3c3e6f283263150b1aaab1805417a,5a21b60bc0bebc3d1cee368723515c63b91bb14e,.php
C:\Users\dinht\Documents\RandomForest\test_file_benign_only\WhSwitch.php,02/08/2025,333f241ae900f6fbbd89482fc4311ed3,a0f95f12df5dc1407927369f63e96379bece0254,.php
C:\Users\dinht\Documents\RandomForest\test_file_benign_only\WhTimeAgo.php,02/08/2025,cd8c7b724d43c1638cb26e220d786854,9f7a3e218d0db55caede740889f2445d8aa7ec8b,.php
C:\Users\dinht\Documents\RandomForest\test_file_benign_only\WhTimeAgoFormatter.php,02/08/2025,1d4b9ff8fb33c1856c28f1b38e6917bc,dd86b734078783a503f36f4ee9f3471db5c1a0e7,.php
C:\Users\dinht\Documents\RandomForest\test_file_benign_only\WhTimePicker.php,02/08/2025,98b4c54d04d4f24664b495cb125cd0d8,7e69dfa4b02560d5bdf0b75a0b9afa294289be65,.php
C:\Users\dinht\Documents\RandomForest\test_file_benign_only\WhTimePickerHelper.php,02/08/2025,14b5a3c88f37cd45d637f6eeaf137442,815afa48c337cb15e463d3c8df3efca1e4d0eaf5,.php
C:\Users\dinht\Documents\RandomForest\test_file_benign_only\WhTimezones.php,02/08/2025,516660f8e58524ab455519e60c2ee113,9e98ee8fbfffeba2fe6d7b18427a78903c33f184,.php
C:\Users\dinht\Documents\RandomForest\test_file_benign_only\WhToggleAction.php,02/08/2025,c20f79dd675d3bd710496caf88d1255d,eaba462d43d8ee8e3d670690da9f19f80d053f7f,.php
C:\Users\dinht\Documents\RandomForest\test_file_benign_only\WhToggleColumn.php,02/08/2025,173ef3aad5cb77c16a40852a20fa6765,ca7a587a841dd8755052daa8abb1834ede963be9,.php
C:\Users\dinht\Documents\RandomForest\test_file_benign_only\WhTypeAhead.php,02/08/2025,83f645d39eeba7295a42e4566b458025,1280701eebc59af859e2f34f184b622efbc09fa6,.php
C:\Users\dinht\Documents\RandomForest\test_file_benign_only\WhVideoCarousel.php,02/08/2025,c5beedb44344b5bd01033fd5e68187bf,fd339afaa467772355ee0b9f4df1414bd7ae68bd,.php
C:\Users\dinht\Documents\RandomForest\test_file_benign_only\WhVisualizationChart.php,02/08/2025,3faf2bd2ea777baac7579be4f080721e,1a494158f1756f1da34afc02dd10c60b42003dda,.php
C:\Users\dinht\Documents\RandomForest\test_file_benign_only\Widen.php,02/08/2025,8ab5235258dd49645f5953c059ac1058,f9890d8ce885dde87010baba5d56928534954420,.php
C:\Users\dinht\Documents\RandomForest\test_file_benign_only\WidenCommand.php,02/08/2025,82fb6285eb47f2432858b4866603f7c4,54ebcac6ff0d5a9f8903b93a7fb863807d7a0ac9,.php
C:\Users\dinht\Documents\RandomForest\test_file_benign_only\WidenCommand_1.php,02/08/2025,7417f8282681535e85d900c6356f94c9,7e9b1052dfef15b8282a4bdb1f2a51e1443a7e76,.php
C:\Users\dinht\Documents\RandomForest\test_file_benign_only\widget.configcheck.php,02/08/2025,2bcea39ad9d5b547ad586aa4074e9291,ea001e8cc3e29b91dc84a448953ffe060b8d0c3a,.php
C:\Users\dinht\Documents\RandomForest\test_file_benign_only\widget.modx-news.php,02/08/2025,c5ce59021b9e695c25cfddff94f19fa2,89552034096d484552e8d336397964c7a5b53cc8,.php
C:\Users\dinht\Documents\RandomForest\test_file_benign_only\widget.php,02/08/2025,f1d3b3769b2457899182641c9a100f25,ee440d0df8bc2d83c29e7457bd02810225b3debf,.php
C:\Users\dinht\Documents\RandomForest\test_file_benign_only\WidgetAsset.php,02/08/2025,605e5ef946ce42ee39a9198671f1d530,ab190622cc8b841f84cd5d6d18ec9803863042fd,.php
C:\Users\dinht\Documents\RandomForest\test_file_benign_only\WidgetDefinition.php,02/08/2025,782a53c0729d1a2c5ffda00b822d316c,18a830b8b920353adc3b65d3eaf8e6527c18d031,.php
C:\Users\dinht\Documents\RandomForest\test_file_benign_only\WidgetDefinition_1.php,02/08/2025,08a249e751a5b32804e45e4863064733,77dd105de5783e2d3510602adfaa73b52309c32e,.php
C:\Users\dinht\Documents\RandomForest\test_file_benign_only\WidgetForm.php,02/08/2025,6fb30af0a15b14fd0472a2572ac2f5d0,8d67c97a6c2ffc53cb715593b44fabeab7141ac3,.php
C:\Users\dinht\Documents\RandomForest\test_file_benign_only\WidgetMarkup.php,02/08/2025,262fb6cee4480a5b6b67e6161a2071aa,125f7ab4c8f849219649621d9296599eb80cf244,.php
C:\Users\dinht\Documents\RandomForest\test_file_benign_only\widgets.php,02/08/2025,e0745f575d8278068c12d1ef202db925,f2aa849341943e883f7f1ce6da592b0f04240a92,.php
C:\Users\dinht\Documents\RandomForest\test_file_benign_only\WidgetsService.php,02/08/2025,25f9da1f69c7b5ed1ce7b1c948ad72cf,ba45f42ce4297d549ae662f2e383456e079680fc,.php
C:\Users\dinht\Documents\RandomForest\test_file_benign_only\WidgetsServiceTest.php,02/08/2025,d1de77f64e553dcd80ac036692b9977f,4361444e7e9afe6e364750d85fa81e87e6b9e412,.php
C:\Users\dinht\Documents\RandomForest\test_file_benign_only\widgets_1.php,02/08/2025,e633f25072d8beb1e92116f197d0e826,17a80e3e6622d4c0c947323da4bfe89715d5aa7e,.php
C:\Users\dinht\Documents\RandomForest\test_file_benign_only\widgets_10.php,02/08/2025,2785b0bdea595f537520007b946258a8,31fde35a513d96ba205f312ec9d0efc28f65a24a,.php
C:\Users\dinht\Documents\RandomForest\test_file_benign_only\widgets_2.php,02/08/2025,b9f6a37c61046b0899bd26f99170b652,5052e429de11bacd1cb602b23f57907c216eed7e,.php
C:\Users\dinht\Documents\RandomForest\test_file_benign_only\widgets_3.php,02/08/2025,873bca558c6c2d4511a55f3236f649f6,5f5568b3d4a806087313ce9f120e4a1aa01dd19f,.php
C:\Users\dinht\Documents\RandomForest\test_file_benign_only\widgets_7.php,02/08/2025,1a88583e88153fc5376e468ca0969f37,5cfd81670d55dc2d8cb7535a2a28520b70ee5b6b,.php
C:\Users\dinht\Documents\RandomForest\test_file_benign_only\widgets_8.php,02/08/2025,7880961d6cf35e13e68d0b2a56fff14d,4ab4d7c7839a649fae41eb4fc74e60b0e8d35715,.php
C:\Users\dinht\Documents\RandomForest\test_file_benign_only\widgets_9.php,02/08/2025,317e0d8778af906e79ed36aff3e66bff,57dec5d4a43c49d0d4ec3272f9fd07c0750fb2af,.php
C:\Users\dinht\Documents\RandomForest\test_file_benign_only\widgets_AccountMenuWidget.php,02/08/2025,61eb7c1436b151975f51464e37c8e37f,b6457bc6b4a417a2ffbbd0fc474b5cf41b80575c,.php
C:\Users\dinht\Documents\RandomForest\test_file_benign_only\widgets_BasePickerField.php,02/08/2025,dbf7a70946dd03f4b798d44fde9c6fa9,73030f8609ba990c32204ac2e1f78deefe2dfa74,.php
C:\Users\dinht\Documents\RandomForest\test_file_benign_only\widgets_SpaceAdminMenuWidget.php,02/08/2025,e31a78822ad28f1807fc187e17078d9e,2878efc896bf07ab1239f08cf54cdae0b2e60092,.php
C:\Users\dinht\Documents\RandomForest\test_file_benign_only\widgets_SpaceBrowseMenuWidget.php,02/08/2025,7c3c260d719354eaa97f8617c6bcd38c,9da8af42d4a5d6af90193c7f916ed9fef2e2acf6,.php
C:\Users\dinht\Documents\RandomForest\test_file_benign_only\widgets_spaceChooserItem.php,02/08/2025,a9f9bcc2444459a9425ee6acd701cf64,40f83222bb1d9766e1b21c2119d680165a26ebbf,.php
C:\Users\dinht\Documents\RandomForest\test_file_benign_only\widgets_views_deleteBanner.php,02/08/2025,d1cfd81dbc1f156054a6b2d10576c6ad,60e4ba9849c8a2d218076e1889a896590410ca5c,.php
C:\Users\dinht\Documents\RandomForest\test_file_benign_only\widgets_views_notificationSwitchLink.php,02/08/2025,2b3ca0c6273e17de4dcd2f4d2be12377,f240632df45c6d2777e7fbd99f0bcca693897282,.php
C:\Users\dinht\Documents\RandomForest\test_file_benign_only\widgets_views_showFiles.php,02/08/2025,bcacdc07a13cd815c26ed8f7970e6cac,d5379365fede6599e40774fda0a384cc1941cf3a,.php
C:\Users\dinht\Documents\RandomForest\test_file_benign_only\widgets_views_userTags.php,02/08/2025,51b7e5118a0ead41619cdf2b97e14448,3c0813eb913d362a195a050ca83ac1932290bd3b,.php
C:\Users\dinht\Documents\RandomForest\test_file_benign_only\WiFi.php,02/08/2025,0a2f6c2a9a122f9b476357d0bbf9962d,736837456f62c1de3cbdc5251b991bb1d91540d6,.php
C:\Users\dinht\Documents\RandomForest\test_file_benign_only\WiFiTest.php,02/08/2025,690a110a470b2fefccd637e7e54a03f1,7deb25a299349fa6340a18b9a153cf5b7ca69e22,.php
C:\Users\dinht\Documents\RandomForest\test_file_benign_only\wiki-doc.php,02/08/2025,7c185851cfad45d3cb2960327d6e6d7b,511731ac5004344ec077301c7139a2d2cae660c8,.php
C:\Users\dinht\Documents\RandomForest\test_file_benign_only\WildfireFormatter.php,02/08/2025,0a57bdcd42584e1b41e4e093631a22f6,5f8ff4af4a1ef563291fc1c1828e87eae114b8e0,.php
C:\Users\dinht\Documents\RandomForest\test_file_benign_only\WildfireFormatterTest.php,02/08/2025,5999fa7f63c13bd3e09735d63f767685,dcfafae95604e67d9c3d32216bdc262818cf2518,.php
C:\Users\dinht\Documents\RandomForest\test_file_benign_only\WildfireFormatter_1.php,02/08/2025,0834b1ae7cf8f9db2d3ccf40c9e8238b,28b8d118dbe1c66e1b8dc12c32349c4a5b211084,.php
C:\Users\dinht\Documents\RandomForest\test_file_benign_only\win1252_to_utf8.php,02/08/2025,81531e3c35a6367c8db43e6e7d1486fe,6c9e1dc8e91f6253a2c247247cefabb0eda57a33,.php
C:\Users\dinht\Documents\RandomForest\test_file_benign_only\Wincache.php,02/08/2025,670edeb95cec390c338ca2a9dac564e2,f367619250e0ae81c7024844cf26e260e88a8faf,.php
C:\Users\dinht\Documents\RandomForest\test_file_benign_only\WinCacheCache.php,02/08/2025,14a1f5c07adf9d92a252d53dafa1da93,8786ebf4934874a05b126bc05e1f2a12a05ad245,.php
C:\Users\dinht\Documents\RandomForest\test_file_benign_only\WinCacheCacheTest.php,02/08/2025,e3743217512fac765b744da8f7c39823,38dbb48ccf429e7c28152f795f27f8d6977ec3f3,.php
C:\Users\dinht\Documents\RandomForest\test_file_benign_only\WinCache_1.php,02/08/2025,037003b972c8f648880b43b2c912afb7,a098d73c5558d44d4cc83ef205d0edc0cef5ba0c,.php
C:\Users\dinht\Documents\RandomForest\test_file_benign_only\Wincache_2.php,02/08/2025,0df3149920a48dcce9bcfc8fe036d0c8,dd4cac1878ea7de67c0b5d5edd43003acd23da27,.php
C:\Users\dinht\Documents\RandomForest\test_file_benign_only\Wincache_3.php,02/08/2025,bfcfd11916648c543cf40ff4f531f859,1041856e388342560cc3a8029e94fd206dfc5fc9,.php
C:\Users\dinht\Documents\RandomForest\test_file_benign_only\Windows.php,02/08/2025,5b13c0ccba67673a447eeb9950e99a7c,09490a8010c34cbd569cdcfaf5435b5236888ba5,.php
C:\Users\dinht\Documents\RandomForest\test_file_benign_only\WindowsPassthruRerunnerSpec.php,02/08/2025,bd969ff303bb53641650deb523a88a18,17cfffe5e6f87d7b9dfee04b5b4bd0c1e3aba68a,.php
C:\Users\dinht\Documents\RandomForest\test_file_benign_only\WindowsPathMaxLengthException.php,02/08/2025,d493ce98b86f0d676e0b3d456f001485,859235a11bb7280bcca98314cc60a36329b5dda1,.php
C:\Users\dinht\Documents\RandomForest\test_file_benign_only\WindowsPipes.php,02/08/2025,cd5716ab6b8b8a67deadf3dcc0e7a5b4,b247922cb063086dc324fb19991cf6d8f24f0a70,.php
C:\Users\dinht\Documents\RandomForest\test_file_benign_only\Wine.php,02/08/2025,968de6e9491dc50c96568995c9fa857f,fa20bc9f7dc836d153a1be9ddd6fd34bd5a8464a,.php
C:\Users\dinht\Documents\RandomForest\test_file_benign_only\WineCollection.php,02/08/2025,c92093121fa4060c84202ffa440ec030,cd7584fc813741dda46b3b832a8e7fca60136b01,.php
C:\Users\dinht\Documents\RandomForest\test_file_benign_only\WipeCommand.php,02/08/2025,b8d210af9afdb96440c850443a3b100b,8c690c2668d27093e3ed3059be2d34659465c60f,.php
C:\Users\dinht\Documents\RandomForest\test_file_benign_only\WishlistProduct.php,02/08/2025,3f0947c3d63d022446b781328730ed2b,3841c66ddb84fa6d350d6c2ffa65d8bbdf1e4e4d,.php
C:\Users\dinht\Documents\RandomForest\test_file_benign_only\With.php,02/08/2025,6462cf3b7c6763ab27232673f718a78b,42f389f11affdd874978f9d701d067cec9308d56,.php
C:\Users\dinht\Documents\RandomForest\test_file_benign_only\WithFaker.php,02/08/2025,49253dc5657ef36caa283ba418e4b828,16f63339ffc30ec236866b0cdadf1b6019f915cc,.php
C:\Users\dinht\Documents\RandomForest\test_file_benign_only\WithFormatterExpectationTest.php,02/08/2025,8bf7e53274e957a8707827426036fb08,a655634931db8ff8b713ed02bc1f064061a7adb5,.php
C:\Users\dinht\Documents\RandomForest\test_file_benign_only\WithoutAnnotation.php,02/08/2025,7f565298c0737a9ff916b17f937b51f1,6ad556205c6ac9f69fe95d2fec55fa95c5d0d78b,.php
C:\Users\dinht\Documents\RandomForest\test_file_benign_only\WithoutEvents.php,02/08/2025,68589f4d11ecf39daeb80e5ed2a2b5f7,bb83b1624df150ba50dd1e6e75dd9912d511baf8,.php
C:\Users\dinht\Documents\RandomForest\test_file_benign_only\WithoutMiddleware.php,02/08/2025,46cb6eed4801fb4dbb4987d686aa611f,33bbd8c543c641f059d7131537949ef662a6c1f8,.php
C:\Users\dinht\Documents\RandomForest\test_file_benign_only\withphp5.php,02/08/2025,93eb6845a9c9390d65ce974dd235e6a5,d3c60e26b662db6ce6f6393ed3ca101ba47159a7,.php
C:\Users\dinht\Documents\RandomForest\test_file_benign_only\withphp7.php,02/08/2025,fec04d604d438bd411fb39058c8ac44b,d2c271496c6916b2e9ad9c879082e4cad008a562,.php
C:\Users\dinht\Documents\RandomForest\test_file_benign_only\With_1.php,02/08/2025,ed027b34c0015a337ce45545014b2437,30ebb993b67adcba9ecba3f548799a8d977bca00,.php
C:\Users\dinht\Documents\RandomForest\test_file_benign_only\with_cookie.php,02/08/2025,cad4d22c6609130759be5f032f9b1eb1,91be2c1e2604f260b649b484f5320d91140ff6f6,.php
C:\Users\dinht\Documents\RandomForest\test_file_benign_only\with_cookie_and_session.php,02/08/2025,15bc187c566e187f4bb47ed45e960b1c,76d0913555fba885f1920736ed59c17909e7990f,.php
C:\Users\dinht\Documents\RandomForest\test_file_benign_only\with_define_path_variable.php,02/08/2025,94035dc63bff6ad127ba2c03d97dcd7c,ac896acf01564b76ef19d802f1e5bc68919f5094,.php
C:\Users\dinht\Documents\RandomForest\test_file_benign_only\with_samesite.php,02/08/2025,a6b2c02f6d8fae2016df673eb5cc951a,04333581c7964fdc9e00c8491849e2cb8ab62e23,.php
C:\Users\dinht\Documents\RandomForest\test_file_benign_only\with_samesite_and_migration.php,02/08/2025,e3ec31fa4bd013ade31589f92ab0f884,ca507f48c607153829a33e70af2161c79b3601b1,.php
C:\Users\dinht\Documents\RandomForest\test_file_benign_only\Wizard.php,02/08/2025,524d4b043aa7204e6e315fdf28eba3d9,1072e00f693763208bed0a8fe1272b8f0e4c3f5c,.php
C:\Users\dinht\Documents\RandomForest\test_file_benign_only\WizardTest.php,02/08/2025,77e7c7382b7a2eb7509da131eb41c877,b7c3b2fdc430dd14d376397a4efeb2a49d250754,.php
C:\Users\dinht\Documents\RandomForest\test_file_benign_only\WmxSite.php,02/08/2025,2c985400a745388ac76fa240ddbe9929,226776293af05331402bc00ae1c22a358059ee13,.php
C:\Users\dinht\Documents\RandomForest\test_file_benign_only\WmxSitemap.php,02/08/2025,4c5bce94fdc32994e4547587e1ecce8e,ca97f3d39ae1bd548b669cb06d706405f061c7de,.php
C:\Users\dinht\Documents\RandomForest\test_file_benign_only\WmxSitemapContent.php,02/08/2025,1b7b33c50281364fa105f9f9306ca691,0301dd8808446c42bb3caf55ea9d0e9487af482c,.php
C:\Users\dinht\Documents\RandomForest\test_file_benign_only\wo.php,02/08/2025,ee82597adae4ce713750653f52ccb217,c800fca0cd990f3bd303e289ff8594856856e7df,.php
C:\Users\dinht\Documents\RandomForest\test_file_benign_only\WolfCMSInstaller.php,02/08/2025,4c10c49cc2d24c05a6c8907234f2720b,66eed6fcf1c3acf132cd42b500bb7b4ae315c571,.php
C:\Users\dinht\Documents\RandomForest\test_file_benign_only\Word.php,02/08/2025,b81d4b01e3868dc229292071350678dd,900af908882d4ce74e7786e78405783f586bf0f6,.php
C:\Users\dinht\Documents\RandomForest\test_file_benign_only\WordArt.php,02/08/2025,a4471b14b70b4bcc5f031a6af89522f6,60f4e4f4b79f45adc2a447a7809828e844ea1f0c,.php
C:\Users\dinht\Documents\RandomForest\test_file_benign_only\WordCount.php,02/08/2025,bbe9c08a6f58fe301a6db499e75cc8f3,47f8f8d9a49fc4994c87a0dcec6abaee560dc9eb,.php
C:\Users\dinht\Documents\RandomForest\test_file_benign_only\WordCount_1.php,02/08/2025,b27022f180089c51dbc3aeb3737e2ce2,8e93a8f6dba21396b72268070c93980b2e4df3bd,.php
C:\Users\dinht\Documents\RandomForest\test_file_benign_only\WordCount_2.php,02/08/2025,f41bfdfa8ee1b57e23e517ae9bc9358f,0c4023e8c0bb66a272d90a73b6fab62f289ab63c,.php
C:\Users\dinht\Documents\RandomForest\test_file_benign_only\WordInfo.php,02/08/2025,bad51c5737ab5c6c1ba3a3f91fa72888,32e3c44efa473f6b6431353524c3430b074d0081,.php
C:\Users\dinht\Documents\RandomForest\test_file_benign_only\wordpress.php,02/08/2025,0bb2ce1495580d20f608394f31f040bd,1469773a607f07b4b9949d61981c1319001b6a74,.php
C:\Users\dinht\Documents\RandomForest\test_file_benign_only\WordPressInstaller.php,02/08/2025,e80a7807cf13dc5f8bf27371ed6dd130,fcfc43354004ca2c94129d805e0ae61f4b298a55,.php
C:\Users\dinht\Documents\RandomForest\test_file_benign_only\WordPressInstaller_1.php,02/08/2025,0ed581de55f2ab33e1d2bec950a8036d,7d0d2ab877e5f3b9f485ca0ece262eca6ff99d09,.php
C:\Users\dinht\Documents\RandomForest\test_file_benign_only\WordTag.php,02/08/2025,1ef81cb91afb9ae733a67454c988ea89,c5b1885a45c3a61045f5d8aa298820a8a31a2574,.php
C:\Users\dinht\Documents\RandomForest\test_file_benign_only\word_1.php,02/08/2025,21c930ba21c2a5ca57cf0362d8b68f62,03b9b3b40dae73f9b63fe6169f47f73611ddd537,.php
C:\Users\dinht\Documents\RandomForest\test_file_benign_only\WorkbenchController.php,02/08/2025,bf49d71a0ef6018cff37eb4b89b9283e,9d8a78f664a82d253e07373cd34d30d8f41bc3ad,.php
C:\Users\dinht\Documents\RandomForest\test_file_benign_only\Workbook.php,02/08/2025,028e7c3dbf1506b811f8c5db73ac7a4e,161443e836637390344933ce9d7dc287f1dfa378,.php
C:\Users\dinht\Documents\RandomForest\test_file_benign_only\Workbook_1.php,02/08/2025,7d7c115351a6931e1bb7ac7e86a4525a,5de64774285be7be1ea3ba0d982ce274263c341f,.php
C:\Users\dinht\Documents\RandomForest\test_file_benign_only\Workbook_3.php,02/08/2025,c20ba6ecad9f9c1d2a041c9aa59410f2,c2a1c823761692d7247b80f9cfd968f98f3c3f6b,.php
C:\Users\dinht\Documents\RandomForest\test_file_benign_only\WorkCommand.php,02/08/2025,372f2a50de99559bc1f4bb6aaa5691b3,f28007390008fe9e242fd16188dac87a0ef84af4,.php
C:\Users\dinht\Documents\RandomForest\test_file_benign_only\Worker.php,02/08/2025,bee6d76a0c420543e0fed8ed903a4163,a647d903505e87d944e64ef561bcda5b35cb8f7e,.php
C:\Users\dinht\Documents\RandomForest\test_file_benign_only\WorkerAssignedEvent.php,02/08/2025,d0838147f7cc00e9550efa6b071067ae,dbb294142f0e8ca6f904ebcc6e59e649ab9f2798,.php
C:\Users\dinht\Documents\RandomForest\test_file_benign_only\WorkerHealthReport.php,02/08/2025,3f5787c314f6b1cb0a0111ce59604dcc,bd34cca779bd9a29f2be92bd58ec36876d51d710,.php
C:\Users\dinht\Documents\RandomForest\test_file_benign_only\WorkerHealthReportResponse.php,02/08/2025,f9d3c10349c1cfbadf952c9786902dfa,097cd7e437f18d63b739a7225f922fdf3ab6b348,.php
C:\Users\dinht\Documents\RandomForest\test_file_benign_only\WorkerLifecycleEvent.php,02/08/2025,9509f4013b84928673462345cc450229,03c4b465fbe924a72391fb3cb2c99261352c76b8,.php
C:\Users\dinht\Documents\RandomForest\test_file_benign_only\WorkerListResponse.php,02/08/2025,20ad71f786abd927efe229d33b498605,214a5e56c420f62a1349599983f0ba75792f173a,.php
C:\Users\dinht\Documents\RandomForest\test_file_benign_only\WorkerMessage.php,02/08/2025,75519611f8fce0ea721affe3ef1da4f3,b4bc805ab1258df4253e01eb0a59db38b3eecffe,.php
C:\Users\dinht\Documents\RandomForest\test_file_benign_only\WorkerMessageCode.php,02/08/2025,c840f24a7f4bd05d2175b8f302e29482,cbbacaefd7f8f582a5ebada033eafbdd34a930b0,.php
C:\Users\dinht\Documents\RandomForest\test_file_benign_only\WorkerMessageResponse.php,02/08/2025,1839f5159d56fd4f1e1a2bb0fd011e40,6593e022593f5a9e670205f34dc7f3b463bac4f0,.php
C:\Users\dinht\Documents\RandomForest\test_file_benign_only\WorkerOptions.php,02/08/2025,fce1a803749d4acfbf5e6ea0a890ad3f,587c5233e6bdd7a578aab5fec0f2033c38d4ff0e,.php
C:\Users\dinht\Documents\RandomForest\test_file_benign_only\WorkerPool.php,02/08/2025,6ed9dd1f116cf85edd6001deab92945c,5242988adeb188f1cc233da25d8f6b2b2717ff63,.php
C:\Users\dinht\Documents\RandomForest\test_file_benign_only\WorkerReleasedEvent.php,02/08/2025,c5b097c699d41f51ac4bf9b5e6123f6c,5368c548e79cd72aaf5db0eb3d25947fd46efc30,.php
C:\Users\dinht\Documents\RandomForest\test_file_benign_only\WorkerSettings.php,02/08/2025,2993a77bdff1b671587748d214e90ba6,e63f1760abfc5bf3abc0fb1a37e70aa1142a90d8,.php
C:\Users\dinht\Documents\RandomForest\test_file_benign_only\WorkerShutdownNotice.php,02/08/2025,cab2a36c1834a9eef76cb363b7a29ae7,066dcd5c3be3282370772d9ff3387b6c664d1a8a,.php
C:\Users\dinht\Documents\RandomForest\test_file_benign_only\WorkerShutdownNoticeResponse.php,02/08/2025,efc7c99c3d7e7625548076460df843f7,784ab1ed85323232ed1a5e179c5e8f1df6b2ccca,.php
C:\Users\dinht\Documents\RandomForest\test_file_benign_only\WorkerStopping.php,02/08/2025,c2bfe522103129e006ddf430867c3ac6,94ed73ffce8ac8b96ea81f27627f9f5208e4c6c4,.php
C:\Users\dinht\Documents\RandomForest\test_file_benign_only\Worker_1.php,02/08/2025,8cd03425fb369b32a7223eb918592652,eaf1b92ad1d11a193712d9ed3c8f3db16db39aeb,.php
C:\Users\dinht\Documents\RandomForest\test_file_benign_only\Worker_2.php,02/08/2025,5a40d18e374bcb5a56418f4b41c26140,b012edd1a582aa1e318138726ee426700a0d8eb2,.php
C:\Users\dinht\Documents\RandomForest\test_file_benign_only\WorkflowController.php,02/08/2025,075948a0bff528975e9b15b9ed72e8e4,6a9d740fc236bb5679144299037e5add94018430,.php
C:\Users\dinht\Documents\RandomForest\test_file_benign_only\WorkflowEntry.php,02/08/2025,87cca0209c8c6a3332f1f1e18ec65cfb,1b265e3ac40b6342dddfdb87348ca7e80c108cdb,.php
C:\Users\dinht\Documents\RandomForest\test_file_benign_only\WorkflowEvent.php,02/08/2025,7d9b36773f80186f78b5abc247a83b0a,ec4d858018815af8f6f7abf39a81364b8aa7fe04,.php
C:\Users\dinht\Documents\RandomForest\test_file_benign_only\WorkflowKey.php,02/08/2025,d5e31f906f2a8006dbed007f8cb2f292,0986ba475d20a97c5ea82b901449e7b1565dc53c,.php
C:\Users\dinht\Documents\RandomForest\test_file_benign_only\WorkflowProgressListView.php,02/08/2025,e625ddbfd32da3a29eefe46c7125f9ce,8c5d29fed3aed58eaf6e5ac8e0eb5e448d33bfc4,.php
C:\Users\dinht\Documents\RandomForest\test_file_benign_only\WorkflowProgressType.php,02/08/2025,731fa877108e234b0ef9fe8bb56f54d1,9dd3574a68f7b86a4b8531dd82edd32466d7eadd,.php
C:\Users\dinht\Documents\RandomForest\test_file_benign_only\workflows.php,02/08/2025,0c3782872137684e53a2f7770bdaac05,4c187dc20603cf96c8bf8835172f4afa713d189f,.php
C:\Users\dinht\Documents\RandomForest\test_file_benign_only\workflows_enabled.php,02/08/2025,44be970575157aac52623e777463635d,2f8442d0a7735d112d28d8739222a819fb76ea4b,.php
C:\Users\dinht\Documents\RandomForest\test_file_benign_only\workflow_with_type_and_service.php,02/08/2025,64263d273cf701dc471b9bc00c872307,f3d6fc1579a27cf9cf35d9d3cebb0d341a66dfcd,.php
C:\Users\dinht\Documents\RandomForest\test_file_benign_only\working.html.php,02/08/2025,71e5ef5572662336c1295b2248971ce8,42a153ff22537264551a1191c5c6a1057e7f6c2a,.php
C:\Users\dinht\Documents\RandomForest\test_file_benign_only\WorkItem.php,02/08/2025,5d717cacdac7b90e265a3daf5a73cc83,91602376815c8c8a7cd1c78f6e112d418639eee8,.php
C:\Users\dinht\Documents\RandomForest\test_file_benign_only\WorkItemServiceState.php,02/08/2025,b030ff7e76ab4a488c7a4244b0f5eeb0,3747ef2fcbaa4ec43202682d620a7281f3f323ed,.php
C:\Users\dinht\Documents\RandomForest\test_file_benign_only\WorkItemStatus.php,02/08/2025,1ca0274889e019163af5454a415d3687,7a8eea4d757c2c2f9b7de89c3a3db08aa9c150c9,.php
C:\Users\dinht\Documents\RandomForest\test_file_benign_only\workload.html.php,02/08/2025,808ff3ad16f905fe0001d38abc0b42d2,31d2bb9c48c6b23830d34ec6881aa31c0e33a86d,.php
C:\Users\dinht\Documents\RandomForest\test_file_benign_only\WorksheetIterator.php,02/08/2025,fce62380fe6d16886b464fb74844d83b,a6cc61b1769279652d6673c9ba4a201f7a80c534,.php
C:\Users\dinht\Documents\RandomForest\test_file_benign_only\WorksheetIterator_1.php,02/08/2025,af897df7208934f59a4f5746db0f3e7c,c673a70feb571f47968be66ccb9c6592e060fdbf,.php
C:\Users\dinht\Documents\RandomForest\test_file_benign_only\Worksheet_1.php,02/08/2025,4a670202deca0fe67af9a6c50ef175df,85cfdd43980d0bab8f9a893d167dd2f82f62b1eb,.php
C:\Users\dinht\Documents\RandomForest\test_file_benign_only\Worksheet_2.php,02/08/2025,fe1075b4f6c7669b9355208aa3c35d24,e7742b8bc9a5ee3ec9428e8fac0721bdc34b5d68,.php
C:\Users\dinht\Documents\RandomForest\test_file_benign_only\Worksheet_4.php,02/08/2025,6e58f3763d79400efb63ce5c692dfdb4,99b38b6a107f6e3a0a7b97c991b62f5992f1dd96,.php
C:\Users\dinht\Documents\RandomForest\test_file_benign_only\Worksheet_5.php,02/08/2025,7a8bab6fc66b5d2ce4f152bcabb0acbc,eaa17e9819009f660dc8f86e83da29829ab35a18,.php
C:\Users\dinht\Documents\RandomForest\test_file_benign_only\Workspace.php,02/08/2025,ea5ff23795551776db119f9ea2d9e009,ddcaee63309ae1700e3d132f411ebcdd619b0acf,.php
C:\Users\dinht\Documents\RandomForest\test_file_benign_only\WorkspaceProposal.php,02/08/2025,6d6f1bcdfab1e189f65b89d122f95a19,4a6117371d8e959b5c72cda4164d3da854fe9eee,.php
C:\Users\dinht\Documents\RandomForest\test_file_benign_only\WorkspaceProposalHistory.php,02/08/2025,265928bd8b0da4385bfc8ee2a58887e5,1bd1806ac5089e8e1229104bd80346301743107d,.php
C:\Users\dinht\Documents\RandomForest\test_file_benign_only\WorkspaceProposalHistoryComment.php,02/08/2025,76c59577c05f207bbe8401b3096bc24b,6d4110b5afabd248b53e68ac979e97191adf8c54,.php
C:\Users\dinht\Documents\RandomForest\test_file_benign_only\WorkspaceProposalHistoryStatusChange.php,02/08/2025,5cefbb220675cd500ede1d3ff177e697,7176d7e35d2bb5b5371b3ea5ef76a0542179c442,.php
C:\Users\dinht\Documents\RandomForest\test_file_benign_only\WorkspaceProposalUser.php,02/08/2025,e93062c23d378605067740d0e573a164,ccc6e191fa4e4e3800271cb9fbbf26622d076ed5,.php
C:\Users\dinht\Documents\RandomForest\test_file_benign_only\world.php,02/08/2025,3c477c42a936ccf82b90965c48ab2c3f,386cf658939b9dbbc455a1f138b543967fcbeb18,.php
C:\Users\dinht\Documents\RandomForest\test_file_benign_only\WorldRow.php,02/08/2025,49eb52042e28db9107d7a4a72b119074,6dd20821d75a8d49e180a952cd0c54fdacecd54f,.php
C:\Users\dinht\Documents\RandomForest\test_file_benign_only\world_1.php,02/08/2025,c4b1265fbfc09c3c9b214ce4de8e3927,f1aafe00ce8f225f6f06d5d960161c329b386e06,.php
C:\Users\dinht\Documents\RandomForest\test_file_benign_only\WorseRegistrar.php,02/08/2025,bc0ac4a9bc1f75b4a0daa64aea8e5c1a,f24daa22de99a88b60bb185a9ad13c89357a5dac,.php
C:\Users\dinht\Documents\RandomForest\test_file_benign_only\wo_latn.php,02/08/2025,7ef9e0e40f2814347471744bff1bb7fd,85e6c5b49d0854e0fd69e826a24bdca5c2e39289,.php
C:\Users\dinht\Documents\RandomForest\test_file_benign_only\wo_latn_sn.php,02/08/2025,016d10c4e94ba218285c79159c1fcd30,4f4d34efc977a75eec2d64193b6c7b21bb64c8ea,.php
C:\Users\dinht\Documents\RandomForest\test_file_benign_only\wo_sn.php,02/08/2025,4a5de8895d3ee0137f8e02869e0f1cb9,039a684df9ac6858cd6980985e34dee7adf24fc6,.php
C:\Users\dinht\Documents\RandomForest\test_file_benign_only\wp-activate.php,02/08/2025,5c88f9b1e75f5db710c2dcfcdeab1d24,f5565f113f9922e9cb7d40f4d746ef8eef3f066f,.php
C:\Users\dinht\Documents\RandomForest\test_file_benign_only\wp-blog-header.php,02/08/2025,f3f43bcb755e7599abfd0cb56b710e81,6e63861589fce7c022a2faea42858bd25f333493,.php
C:\Users\dinht\Documents\RandomForest\test_file_benign_only\wp-comments-post.php,02/08/2025,4a98c020baeb9e82f5f577e737234f56,f7257e545987cbd3a20fcfa91749b9b45d159ea1,.php
C:\Users\dinht\Documents\RandomForest\test_file_benign_only\wp-config-sample.php,02/08/2025,3e42b983e0b6999d40027bada5f512e7,40991d3813f5aa0470af1f124401f567a210138e,.php
C:\Users\dinht\Documents\RandomForest\test_file_benign_only\wp-cron.php,02/08/2025,0f31e7fef84445fe4f4bf7c092ec6c10,93fae22d3e7b6a6b0e7fe6341562f700fafaccac,.php
C:\Users\dinht\Documents\RandomForest\test_file_benign_only\wp-customize.php,02/08/2025,6590a1bd13ae03fad489035e4f38d045,db4dbcb760e6c2b9710d5f6e1b062454950c6cc1,.php
C:\Users\dinht\Documents\RandomForest\test_file_benign_only\wp-db.php,02/08/2025,4a5647c80137235c600b1e6a4d3fa81d,cb387f082bddb5ba793c26590fc4bed38fc75163,.php
C:\Users\dinht\Documents\RandomForest\test_file_benign_only\wp-diff.php,02/08/2025,abf6a0e1e858409011d1457ac9f2df7d,bb0876c02077fc3d788f9df9472c3e15a3303b6d,.php
C:\Users\dinht\Documents\RandomForest\test_file_benign_only\wp-links-opml.php,02/08/2025,e5afa38ed5c796d43f301825975ab547,85cf7deff9e37a28e7fbd4f832bde1dcf0f9201c,.php
C:\Users\dinht\Documents\RandomForest\test_file_benign_only\wp-load.php,02/08/2025,b133347f6df56277b32a5405153bacb4,2832343b0e76db6ab1523032616f1409bd9de9c0,.php
C:\Users\dinht\Documents\RandomForest\test_file_benign_only\wp-login.php,02/08/2025,33cced08c9b8a24171f58fc3e2ae3cdc,079c7157da9f88d8af7da034b099ae320cd81436,.php
C:\Users\dinht\Documents\RandomForest\test_file_benign_only\wp-mail.php,02/08/2025,c25ef6fbf40fbc76be342d490c0e874b,8b3136086d67c13e771d7316e959b75374c00604,.php
C:\Users\dinht\Documents\RandomForest\test_file_benign_only\wp-session.php,02/08/2025,34c44b2b10fcaad6b7b78ff7fc97e823,502eeb4969f0979bd73023d255b58e2ec35227b2,.php
C:\Users\dinht\Documents\RandomForest\test_file_benign_only\wp-signup.php,02/08/2025,b7deb3dbd61d082b99db157ae02a5280,8323d41242998242a4538c330121bb470c86b29d,.php
C:\Users\dinht\Documents\RandomForest\test_file_benign_only\wp-tinymce.php,02/08/2025,4b5df6d77725973a2635f08e16e2603d,1776a9fad3bfc48996611b6fc27c90400f968023,.php
C:\Users\dinht\Documents\RandomForest\test_file_benign_only\wp-trackback.php,02/08/2025,d74b02cd709360ef78dc226cdbabce91,e0cbd833b1ac89c310ef6456a9c684ea3725be19,.php
C:\Users\dinht\Documents\RandomForest\test_file_benign_only\WP.php,02/08/2025,76003e743c4342d3fb41ff5c3aee0c0d,ec8e194e97b981834bd3fec250f12dfcfa634984,.php
C:\Users\dinht\Documents\RandomForest\test_file_benign_only\WPMail.php,02/08/2025,c2e825bf440eadc4df00818101e2d260,4c16cf28dd3f09c9d54edcc824c2b29b40baac1b,.php
C:\Users\dinht\Documents\RandomForest\test_file_benign_only\WP_Mock.php,02/08/2025,5cae1686a7ae14aa105e58ea8336c5cd,4f51d4547d82a9bfdda948e984a639b2adfe67c6,.php
C:\Users\dinht\Documents\RandomForest\test_file_benign_only\WrappableOutputFormatterInterface.php,02/08/2025,3f995ffe5b1dc5c1f7a9b7e83aae71cf,abacc9905c92f46c7e0c35b8441c61558b9d8d49,.php
C:\Users\dinht\Documents\RandomForest\test_file_benign_only\WrappedFunctionInfoCollectorVisitor.php,02/08/2025,842396d3c98cb4b0a348d625ca4ada5f,0489c6fb41e21308a05361933c465e25276b1f50,.php
C:\Users\dinht\Documents\RandomForest\test_file_benign_only\WrappedListener.php,02/08/2025,4f37329281c2c3b6eaa41637fb3e452c,cc47b5f70ab8d6cde10053721a1e5309a61bcec7,.php
C:\Users\dinht\Documents\RandomForest\test_file_benign_only\WrappedListenerTest.php,02/08/2025,b74c490001fc52de8d9ceab401a843a9,74d7e7ed46c04029f02605d262c93b532c0a847d,.php
C:\Users\dinht\Documents\RandomForest\test_file_benign_only\Wrapper.spec.php,02/08/2025,347e89013efb243ce32e7adf8ebc8c73,912dadf956d9a0fb013b849e17c8b42759754cd7,.php
C:\Users\dinht\Documents\RandomForest\test_file_benign_only\wrapper_1.php,02/08/2025,95c8c31ad390848f067de2413b28c08c,6f8a5326b4f961ddc2978d7a6ee97169a811581c,.php
C:\Users\dinht\Documents\RandomForest\test_file_benign_only\wrapper_4.php,02/08/2025,15fcd56c524b76c2e2470a2eed3426f4,090a21b1978975eae3eb41363419dc90debd78c2,.php
C:\Users\dinht\Documents\RandomForest\test_file_benign_only\WritableInterface.php,02/08/2025,371136ad7e6ca11714b09f08147371f1,2b9a01b1fdb2752815f75a14cc00fb60bc3ebb36,.php
C:\Users\dinht\Documents\RandomForest\test_file_benign_only\Write.php,02/08/2025,f2d6552f1ca6f7fc37be1d53616cab8c,043d4aae37710fbc16adbfc097d42660f8f05019,.php
C:\Users\dinht\Documents\RandomForest\test_file_benign_only\WriteCheckSessionHandler.php,02/08/2025,e7de650b71e55aa807590ab96caa5df0,56f5ca5d70425287cff0772d4e0cf3dc341f9674,.php
C:\Users\dinht\Documents\RandomForest\test_file_benign_only\WriteCheckSessionHandlerTest.php,02/08/2025,0a30ab066da55f76728497a290c4210e,5f7f20904025ad883e57c9161b2692ad6f3f1a75,.php
C:\Users\dinht\Documents\RandomForest\test_file_benign_only\WriteControl.php,02/08/2025,8cf85eed214e93136046b778e7559e3b,b48c407acdbd083578179a350793fa62cb5c80f1,.php
C:\Users\dinht\Documents\RandomForest\test_file_benign_only\WriteInstruction.php,02/08/2025,067564bcfd18191e6a0ca1588178c8f4,f6d9de7b42431e0d1b0407414a56f852b27aca17,.php
C:\Users\dinht\Documents\RandomForest\test_file_benign_only\WriteLogEntriesRequest.php,02/08/2025,25457203167fe7402c845bc8ecbf77b4,7149badf2102db2939294f904150533bf4320a1e,.php
C:\Users\dinht\Documents\RandomForest\test_file_benign_only\WriteLogEntriesResponse.php,02/08/2025,6b2a53b5040a058ec7a92f4fc73836de,1c3dfebf4219dd36530661520d849903f7c67f3d,.php
C:\Users\dinht\Documents\RandomForest\test_file_benign_only\Writer.php,02/08/2025,cd082af3d4ad6c96d328a1cd666142fa,637d8327d5f95d9ba9d5cd3273a966f8251a88fc,.php
C:\Users\dinht\Documents\RandomForest\test_file_benign_only\WriteRequest.php,02/08/2025,0f8a525c839642ed168d4d298a793b87,0bcd1fa8bdb3b4a7787bfb15777d56eb14e04517,.php
C:\Users\dinht\Documents\RandomForest\test_file_benign_only\WriteResponse.php,02/08/2025,d60f591b3aed061c65ceafb209b534b9,8a22779df60df8e889133f0586f26868afbce2ef,.php
C:\Users\dinht\Documents\RandomForest\test_file_benign_only\WriteResult.php,02/08/2025,0beeec035fbddb84bc674cd722d28c0f,0cbc5fdfa82548e03ffcab6ccf0dbb49a2e1ef98,.php
C:\Users\dinht\Documents\RandomForest\test_file_benign_only\WriteResult_1.php,02/08/2025,a0a0417fb3d4fda79d5bfe49d5aa6622,6fa3404570043b48ab3b8af77446e7fc13b9c75e,.php
C:\Users\dinht\Documents\RandomForest\test_file_benign_only\WriterException.php,02/08/2025,afe67973e61739cf593d3b2929fd8823,2468f3ed6f4b14df71370f1edf9cc1c26e27533c,.php
C:\Users\dinht\Documents\RandomForest\test_file_benign_only\WriterPart.php,02/08/2025,1cb9177bbb2d472d6ca090e2191e4bf1,3802b694a393b7e7bb3878ea46413ca59b5944ac,.php
C:\Users\dinht\Documents\RandomForest\test_file_benign_only\WriterPart_1.php,02/08/2025,dd5086e7770e3b5616ab053f1d3e10a1,e0c1cf17cfdcf3d0fdcb87844439a151a06e1091,.php
C:\Users\dinht\Documents\RandomForest\test_file_benign_only\WriterPart_2.php,02/08/2025,ed2e03a937832c0f36ef4ab568db8105,b3b36349ff60ea52c8c30568ffd36f55e3e1282f,.php
C:\Users\dinht\Documents\RandomForest\test_file_benign_only\Writer_1.php,02/08/2025,71a2eedd1d84c7487c9a826e091ee6c6,d77aa00bbb271d3654170aec36b089faeaf63a23,.php
C:\Users\dinht\Documents\RandomForest\test_file_benign_only\Writer_2.php,02/08/2025,8e759397c38caa824e3be17196fe1ce9,a5f265c8131b727bc0f879053984c77afa504cbb,.php
C:\Users\dinht\Documents\RandomForest\test_file_benign_only\Writer_3.php,02/08/2025,0a6e67e259847548ec13ef0de256053a,1e950697657c5bce8147dfed8b6617eee8ead5a6,.php
C:\Users\dinht\Documents\RandomForest\test_file_benign_only\Writer_4.php,02/08/2025,fb6e56ed761ac1ff15ca8f3c1f2c41fa,1b606491279f3470748479726e15ba9d6853e4c2,.php
C:\Users\dinht\Documents\RandomForest\test_file_benign_only\Writer_5.php,02/08/2025,f6880ee4b432acdb9966b460bf013d8b,4573925750cdab70158327fe019322092d89dcb9,.php
C:\Users\dinht\Documents\RandomForest\test_file_benign_only\WriteTimeseriesRequest.php,02/08/2025,281072cc0f312f96727ef9efc769d485,754108465500c2c9633bfdfdd8db306341e4daf9,.php
C:\Users\dinht\Documents\RandomForest\test_file_benign_only\WriteTimeseriesResponse.php,02/08/2025,5af68d38660a2fa7653e057a6e2e841e,ebe0326411357f542016818afb81061e7ccf24bb,.php
C:\Users\dinht\Documents\RandomForest\test_file_benign_only\Write_1.php,02/08/2025,0a8b4cbd72815e66eb25b7945d11dba3,a176cd2b8771bd96a450acab234d961b1670c12b,.php
C:\Users\dinht\Documents\RandomForest\test_file_benign_only\write_2.php,02/08/2025,6613bc369da0bb61f39be326958bd406,8b01bd1b39b566b286436f9886364219303d1eee,.php
C:\Users\dinht\Documents\RandomForest\test_file_benign_only\write_access.php,02/08/2025,e55a0fb0208edc7d33276402d66413a6,7fedb890a0fb30ec4de1b45d03fe59b0050e0e15,.php
C:\Users\dinht\Documents\RandomForest\test_file_benign_only\write_access_1.php,02/08/2025,9fbbc09b85f0c8137f7faac071f8ace4,1e679c05b6886faa253e80417e58a0d59c848078,.php
C:\Users\dinht\Documents\RandomForest\test_file_benign_only\WrongEndpointFormatException.php,02/08/2025,6da4199d08ab7b055d411c580efbda7e,c905ccd206547115cf963a37ae93c18ab35434e9,.php
C:\Users\dinht\Documents\RandomForest\test_file_benign_only\WrongTemplateVersionException.php,02/08/2025,090fbe533d6a7d8efd558a612d8c8a65,e1d3024f304352543736946a68444ca58ea41e0a,.php
C:\Users\dinht\Documents\RandomForest\test_file_benign_only\WtfCommand.php,02/08/2025,1ce35e9207bdaa565f77148ea38996d4,e47f43c3ad71770ec0b449a1494ef9cb6d010a82,.php
C:\Users\dinht\Documents\RandomForest\test_file_benign_only\WXBizDataCrypt.php,02/08/2025,dbd052b37e9724c0a8e5c25edab2cbb0,698e6999fd2f1cd44f8b8eaa8a5e1ca75b212096,.php
C:\Users\dinht\Documents\RandomForest\test_file_benign_only\WxPay.Api.php,02/08/2025,fa07bbf0768c592e3ec1cfccbfa21782,0bffdc2a996d45dc09d04f3dcde487e9f680e1c5,.php
C:\Users\dinht\Documents\RandomForest\test_file_benign_only\WxPay.Data.php,02/08/2025,1cf543b6ee358667d2865b1b0dfc5a70,b28e93ae5af799581094133ccbe2c40932d27f75,.php
C:\Users\dinht\Documents\RandomForest\test_file_benign_only\WxPay.Exception.php,02/08/2025,adfaaaaf9e750e734fb759bc95a15b7a,633059b2c53d6a9683ccded4be302050e93028c5,.php
C:\Users\dinht\Documents\RandomForest\test_file_benign_only\WxPay.JsApiPay.php,02/08/2025,f1239ac617dc7fc775c1d6102dc31ecf,cda537b8d3d5f98080ee30cec7b8c14db46ed801,.php
C:\Users\dinht\Documents\RandomForest\test_file_benign_only\WxPay.NativePay.php,02/08/2025,df91915e09086451dc68af007f4d1266,291807523bd3f614bd61518b672dcc2f8770d566,.php
C:\Users\dinht\Documents\RandomForest\test_file_benign_only\WxPay.Notify.php,02/08/2025,f83bca2694812920487386922ce7b932,ff896873b37e9bee4c1184351ba2bcbf54feeca1,.php
C:\Users\dinht\Documents\RandomForest\test_file_benign_only\wxpay_app.php,02/08/2025,50eac9292cf6d59320659c54db2a01cb,3b6d877e31d39f3866cf151a203a600b2308af59,.php
C:\Users\dinht\Documents\RandomForest\test_file_benign_only\wxpay_h5.php,02/08/2025,97bcb8bd17a870e86e3f2bbcef3128d9,2edf20c57e0cd9c1a9830fc54c8141ce3c1b72db,.php
C:\Users\dinht\Documents\RandomForest\test_file_benign_only\wxpay_jsapi.php,02/08/2025,de636c8535f7842a28818a88d5aa4494,5bf1bd558e0ef5600cca998d5218216a459a0722,.php
C:\Users\dinht\Documents\RandomForest\test_file_benign_only\wxpay_minipro.php,02/08/2025,a3721e2d98f31dd5940fe6a252e7a463,a821a2cf516bb891a0669d8c731a209d913eff44,.php
C:\Users\dinht\Documents\RandomForest\test_file_benign_only\wxpay_native.php,02/08/2025,a0701759e24623408063b0b52363d734,2aa8e03f2dea338afa1401f2fce316703a9e1bc6,.php
C:\Users\dinht\Documents\RandomForest\test_file_benign_only\wysiwyg.php,02/08/2025,336df579bbfd3c8cc7e21711d1fd0c17,f91456168638608645b20225de2e4b9fdf41583d,.php
C:\Users\dinht\Documents\RandomForest\test_file_benign_only\x.php,02/08/2025,876a865723c0b42cf223e0907dbd74d8,e0dc4ccd23d6396f51901cbb6ce13b0d55c27bd9,.php
C:\Users\dinht\Documents\RandomForest\test_file_benign_only\x00.php,02/08/2025,3f28a649e2e31ea5045fe49fb6bc9915,3e9a8516de3c4d50874472ddf9ef87af5f1f1e87,.php
C:\Users\dinht\Documents\RandomForest\test_file_benign_only\x01.php,02/08/2025,40011dbbbdefb591ca1f95b50586c2c3,5fab984f1a93ffa2043a966463f5c6c8565da346,.php
C:\Users\dinht\Documents\RandomForest\test_file_benign_only\x02.php,02/08/2025,eace160083aca4d1dce81afd02a5263f,fbffd1624e671372c6141f3131c0eafb4bb9b58a,.php
C:\Users\dinht\Documents\RandomForest\test_file_benign_only\x03.php,02/08/2025,5d4f6e10bfe2a233b3d97cf300d09e28,0931698b7b78f3780890c10b84689a2a9363e1b2,.php
C:\Users\dinht\Documents\RandomForest\test_file_benign_only\x04.php,02/08/2025,398f7a4c0e2ad0984df6619e850bb9d6,6b7974e44223d9a2ad1bf5b9f57acbc50b7aad11,.php
C:\Users\dinht\Documents\RandomForest\test_file_benign_only\x05.php,02/08/2025,4fc9e238d2e89d75cba0991ee0ad61f3,7efdac057460507c25f21889c7bf7ba7522a7076,.php
C:\Users\dinht\Documents\RandomForest\test_file_benign_only\x06.php,02/08/2025,572c84e62311b09be7f6d302cb077d33,bd286d3c53afe672ea848a2cf13cf365701ac251,.php
C:\Users\dinht\Documents\RandomForest\test_file_benign_only\x07.php,02/08/2025,90e560aad54f91aedd7e835fed32345a,228e779c7d9ecd9540c4f6eb4ed1f2d763b701a0,.php
C:\Users\dinht\Documents\RandomForest\test_file_benign_only\x09.php,02/08/2025,13d9982d0bacc28c28bea20abea7be13,2a5750373aa774c0c391c49cd6c703287a185ec8,.php
C:\Users\dinht\Documents\RandomForest\test_file_benign_only\x0a.php,02/08/2025,dcd906a9a45cb72d5f3c1bfc5080ea65,4ee35fd1e99b93b46245366751450a13316db466,.php
C:\Users\dinht\Documents\RandomForest\test_file_benign_only\x0b.php,02/08/2025,437081eed329626ab1dd4c24201cd427,dc90b7e59432916350863f97e3f048492aeeb035,.php
C:\Users\dinht\Documents\RandomForest\test_file_benign_only\x0c.php,02/08/2025,09a7974e7b54b87a95fefb37b43a55e8,01b679afb09aa9817ff70fa754c789445583df30,.php
C:\Users\dinht\Documents\RandomForest\test_file_benign_only\x0d.php,02/08/2025,44bedcbf8ba08f17d71437705e177894,30c49823c5acbae1b09dd9baef94c87948889c73,.php
C:\Users\dinht\Documents\RandomForest\test_file_benign_only\x0e.php,02/08/2025,f72e4946b332d76ca882e54eecd6ef1a,7c489e2a3fe841ba02860ac55ddf33fdbeb1bfb3,.php
C:\Users\dinht\Documents\RandomForest\test_file_benign_only\x0f.php,02/08/2025,f11b2d1a34ef1a65f8ecbcce619b789c,eef503c482a3cd97a24909d3868206446b0989d9,.php
C:\Users\dinht\Documents\RandomForest\test_file_benign_only\x10.php,02/08/2025,ec97cc98bcdc043495cc4cb60a198812,9324a6847991fb5c328213c32d4eccb530082e40,.php
C:\Users\dinht\Documents\RandomForest\test_file_benign_only\x11.php,02/08/2025,910658db3fd9cf022ceb711da9af9398,556fb2becc20226867c454576c5e069303588b52,.php
C:\Users\dinht\Documents\RandomForest\test_file_benign_only\x11_2.php,02/08/2025,aa39dc506203968a7ead44cc4470faf5,a8f740a83060b94f9025266654a9473a4b55744a,.php
C:\Users\dinht\Documents\RandomForest\test_file_benign_only\x12.php,02/08/2025,0464d4f9d1feaf3d994ac1f125ffac7b,579404306b34b8c6b47c9a069ab2f5ad6b3c5f65,.php
C:\Users\dinht\Documents\RandomForest\test_file_benign_only\x13.php,02/08/2025,baa10121b6c3cc926bcd9d281599a7b8,ee6d5a1ed02d41a1c3e05e58e2311aa1e1582371,.php
C:\Users\dinht\Documents\RandomForest\test_file_benign_only\x14.php,02/08/2025,26b05fded28e1b49ba1b256c4c90ecce,f9fa4336ecc83ba9d6a3e35bb930e8621190bcca,.php
C:\Users\dinht\Documents\RandomForest\test_file_benign_only\x15.php,02/08/2025,27513c81b0fdfb57f844fa980134a95e,1872ea4ae847e169bd8dfaac4c229bc6ed14bffd,.php
C:\Users\dinht\Documents\RandomForest\test_file_benign_only\x16.php,02/08/2025,5073533da6ae161b7b13509b8936d27f,59c982c9351f2f2fd3828581851ba6e498bd43ff,.php
C:\Users\dinht\Documents\RandomForest\test_file_benign_only\x17.php,02/08/2025,b9ee6c5ae771903b378658d743c90dae,e54527cfbc44cbf10973515212541ebc5c59dd0b,.php
C:\Users\dinht\Documents\RandomForest\test_file_benign_only\x18.php,02/08/2025,8cae6715e8a55563dcc91f3539362511,52df1f3c80285f8bbdb4ea1801f9693e7312ec7d,.php
C:\Users\dinht\Documents\RandomForest\test_file_benign_only\x1d4.php,02/08/2025,4e562a1fd86ca32b1b2ae7a3ac4a3d1b,3ebb68cde8dd2cd67db232f51b9251edbddd5a1a,.php
C:\Users\dinht\Documents\RandomForest\test_file_benign_only\x1d5.php,02/08/2025,5f1c3567e64ae2aed7e89ef3b2c706fa,af4c70fcc4018df89ee8d80b4385742835bbc846,.php
C:\Users\dinht\Documents\RandomForest\test_file_benign_only\x1d6.php,02/08/2025,81d238ba286b6d0c5e58f445780fac9f,d31541f8f8f0878260949712ec1af0fec0114930,.php
C:\Users\dinht\Documents\RandomForest\test_file_benign_only\x1e.php,02/08/2025,2235192d4982561096fbd00e4e30396d,2546ac637331839a91f6257d9122595ccbb356b6,.php
C:\Users\dinht\Documents\RandomForest\test_file_benign_only\x1f.php,02/08/2025,8605a7f09ffa5f2809d1db593bacbb7e,50047aa318fc83fe2612496fe5d991cf3ba11ab9,.php
C:\Users\dinht\Documents\RandomForest\test_file_benign_only\x1f1.php,02/08/2025,3fb9cc9e6694e504cdc4e297bbd3e937,2231042fd0587b5200bc47f13e9b111ee9cec736,.php
C:\Users\dinht\Documents\RandomForest\test_file_benign_only\x20.php,02/08/2025,26b7cd104120e25a3d647f5a932816fb,396860a74919728353c37e90861383f1291794db,.php
C:\Users\dinht\Documents\RandomForest\test_file_benign_only\x21.php,02/08/2025,ea7414feebf66eb2820a49966aa574d0,93436fb64f664b96c489c62be9772650ddcfc6f7,.php
C:\Users\dinht\Documents\RandomForest\test_file_benign_only\x22.php,02/08/2025,a03860f03922fb3e7f03001dc81687d7,d2ae22e1bf8c10d4dd60041ef8189625857b4a8a,.php
C:\Users\dinht\Documents\RandomForest\test_file_benign_only\x23_2.php,02/08/2025,afe172473ce85a93ebd58d88ff6e5b45,d6f15f2810580ea54b5a1e8d7ced5a62a2fa917f,.php
C:\Users\dinht\Documents\RandomForest\test_file_benign_only\x24.php,02/08/2025,9244513d219e1728306e8ea59558f68e,1118ae4c4905cf9e6f369328f01b4a042bf53384,.php
C:\Users\dinht\Documents\RandomForest\test_file_benign_only\x25.php,02/08/2025,0d73a58cffa5dbb2b34914e288c2e8b4,0f16c2030b92b9f165e7a47a94714d82de0d91bc,.php
C:\Users\dinht\Documents\RandomForest\test_file_benign_only\X25519.php,02/08/2025,0405dab862faf2af1039f41bb087b14d,b1a02f17a53fb144cd24402471dcd4b969606bfc,.php
C:\Users\dinht\Documents\RandomForest\test_file_benign_only\X25519_1.php,02/08/2025,705afa98a3cb02c43a03218419d9bcd1,02e69109be21715dceabceee002368b37d5f554f,.php
C:\Users\dinht\Documents\RandomForest\test_file_benign_only\X25519_2.php,02/08/2025,5b03d5a7bb47ad6978078d2313462205,ae942b52ef28438dc3fa2c0a547ea1ca54ddfec9,.php
C:\Users\dinht\Documents\RandomForest\test_file_benign_only\x26.php,02/08/2025,18139a094a67c8cadc04a72d5298c619,5ae0bbf3bdb3ad2ff2c29c282dbe55bb747ddd8c,.php
C:\Users\dinht\Documents\RandomForest\test_file_benign_only\x27.php,02/08/2025,f39d8a62c7ed39256358949aebc80ac1,1aeb5401ace198e90be65305cc96407a69ad8fa7,.php
C:\Users\dinht\Documents\RandomForest\test_file_benign_only\x28.php,02/08/2025,7d34c784ac1d5b1c6e694ef83d88594e,8cb9830a5da45d436b8bdff36cc6d5c671306f23,.php
C:\Users\dinht\Documents\RandomForest\test_file_benign_only\x2e.php,02/08/2025,bb63a793341c5789a3ba6ba32ac7034d,ac6311471bf9f383069d6e658618caf1ff2ac5da,.php
C:\Users\dinht\Documents\RandomForest\test_file_benign_only\x2f.php,02/08/2025,d147b34997bf8607fbcf54a16bcd6b3c,85f1b92bea2fb8036735f366625a5bf06cf918a6,.php
C:\Users\dinht\Documents\RandomForest\test_file_benign_only\x30.php,02/08/2025,1862107d5a05afb6de79c10873e0d64d,c3fbb009d7688fc7671e8cbb099e5a3b97cc900c,.php
C:\Users\dinht\Documents\RandomForest\test_file_benign_only\x31.php,02/08/2025,af5ed0e2098f869c0e6d4ddb4a7334fc,523a7d1ab5f13076f4205ac1746c636bed5d2264,.php
C:\Users\dinht\Documents\RandomForest\test_file_benign_only\x32.php,02/08/2025,9c7d924a844b00d876838230a19ecad8,fc9de07b39dfcd2e6cce165c889d63360487df0d,.php
C:\Users\dinht\Documents\RandomForest\test_file_benign_only\x33.php,02/08/2025,3717e61826ce3d944ff3d525c6a6a197,caf9d6971f4ea70bbc3c2e6a40ed5fdce4349fbe,.php
C:\Users\dinht\Documents\RandomForest\test_file_benign_only\x4e.php,02/08/2025,657ce68ed06794f1fbf9e56bade8ff5f,85399b0ca6e8e7cf97e919cb9e6c8d434d81494f,.php
C:\Users\dinht\Documents\RandomForest\test_file_benign_only\x4f.php,02/08/2025,ce75ac4d070dcc2d6a01db3ead8a2cbb,e47b44b36bd4ae1321984295ca3490dea5c4929e,.php
C:\Users\dinht\Documents\RandomForest\test_file_benign_only\x50.php,02/08/2025,de9d73dd224b3fd6f4637ffa09016bd4,32e8b79609ea5b9961e8c09e3c588dbf8e41314a,.php
C:\Users\dinht\Documents\RandomForest\test_file_benign_only\X509.php,02/08/2025,b1c6ed7a19714520d227eb9d951c0963,97c399eea190151e8fd2a0658eb7e0c80848a1fb,.php
C:\Users\dinht\Documents\RandomForest\test_file_benign_only\X509CertificateDetails.php,02/08/2025,6b7e385d018ea0d206d657cadc383321,944da101be75b763098c04365ccaa73d4441b246,.php
C:\Users\dinht\Documents\RandomForest\test_file_benign_only\X509_1.php,02/08/2025,d07dfa54c6f3e3b00f0a54f3ff6a5ff9,1b63cdc6a45227bbc2cf54e091ae275625c08ddd,.php
C:\Users\dinht\Documents\RandomForest\test_file_benign_only\x50_2.php,02/08/2025,b837bcec6b1546fb75ae28ce116b9278,73f27258cf6981e5e9d4ee010d382315d93c0c26,.php
C:\Users\dinht\Documents\RandomForest\test_file_benign_only\x51.php,02/08/2025,a089a781ffce765049666b32f8796043,4b7e4cdb1d42b0726ab1ff174377ef633d4f8032,.php
C:\Users\dinht\Documents\RandomForest\test_file_benign_only\x52.php,02/08/2025,67c26874034986550c3c0d26d2967e71,59bae74e733f6972289d4c74862d64e65d35f1ea,.php
C:\Users\dinht\Documents\RandomForest\test_file_benign_only\x53.php,02/08/2025,423c306765419213fe859692088f5d26,ba6b3a9d4f8035f1bd1d79867d266ac96680ef01,.php
C:\Users\dinht\Documents\RandomForest\test_file_benign_only\x53_2.php,02/08/2025,d5f21ab8f88a754d02748d808761c472,323db38882ab4cd4c5eb1e8501a2d913f13e79e0,.php
C:\Users\dinht\Documents\RandomForest\test_file_benign_only\x54.php,02/08/2025,a33be8287972e7dc27fa84f678292d9b,16c2166892bd029463555f7f5ebcf9377b1427b7,.php
C:\Users\dinht\Documents\RandomForest\test_file_benign_only\x55.php,02/08/2025,979bf9206e4da9f909b6baa9be2eaf03,18d5ea34c35f0886e1bd3f213f180fd7dd8b9555,.php
C:\Users\dinht\Documents\RandomForest\test_file_benign_only\x56.php,02/08/2025,3e3740ac8a20215adf8af96f58263d35,9ce021cba8d3e5302615a3d2bfcdf95132dc17fb,.php
C:\Users\dinht\Documents\RandomForest\test_file_benign_only\x57.php,02/08/2025,974f0c116de294c4486435337d2ab445,bba2320b541ff7f4534234938d44e0b4fbddcf89,.php
C:\Users\dinht\Documents\RandomForest\test_file_benign_only\x58.php,02/08/2025,618f3f36d6ea5790c85728375574ea9b,7bd157cca30bc287343ad28e7ca4c2110307b8f5,.php
C:\Users\dinht\Documents\RandomForest\test_file_benign_only\x58_2.php,02/08/2025,67fe496527b332ed9e1c3d95f7635976,d5d71f2e19e48f0e1607e13ea9ae1160e27c4ce2,.php
C:\Users\dinht\Documents\RandomForest\test_file_benign_only\x59.php,02/08/2025,46a61a6eb8197dac5357369f27dc3524,d0ad4a114e602b639cf1e8e5c353d1869a8e76f3,.php
C:\Users\dinht\Documents\RandomForest\test_file_benign_only\x5a.php,02/08/2025,e4b5438b27576dd669035620acbc05a2,70d30b23d4095703be46ee9549895d6de5266ead,.php
C:\Users\dinht\Documents\RandomForest\test_file_benign_only\x5b.php,02/08/2025,326edbd6da29e60dc2906a62425e44cb,f1e7e10aa402d3b7133f44e02748adaf8547a256,.php
C:\Users\dinht\Documents\RandomForest\test_file_benign_only\x5c.php,02/08/2025,5eb6e851cb4ab0554ee6c8ecfaf6f778,5004e562687d48caf27b502f1294e995c3003af0,.php
C:\Users\dinht\Documents\RandomForest\test_file_benign_only\x5d.php,02/08/2025,62fbd33a97fec982bd8f0d93239d97e7,9d49ad20a9fb279c6549f4e8bdcbdec242dd7077,.php
C:\Users\dinht\Documents\RandomForest\test_file_benign_only\x5e.php,02/08/2025,39184f68908e9b08f7bdd1005424e056,edf6c08b96a99d1217e2ed30b5a2610aa2635605,.php
C:\Users\dinht\Documents\RandomForest\test_file_benign_only\x5f.php,02/08/2025,b862bb9f468b3121159cb10394ff7a3c,9be487e2ba9d78801dfc1aa6adc0d62490858a8c,.php
C:\Users\dinht\Documents\RandomForest\test_file_benign_only\X5UJWKSet.php,02/08/2025,c26bfac38e673b901348e6804b477cc7,21a5568e184aa59867d4c02de76cca1652824ec9,.php
C:\Users\dinht\Documents\RandomForest\test_file_benign_only\x60.php,02/08/2025,016a3283c58e78ed2c82efb9121b5ba9,d7e118d9c24ba9c900a983ea73732af599d7d007,.php
C:\Users\dinht\Documents\RandomForest\test_file_benign_only\x61.php,02/08/2025,065507adb8c5af497006492abd4a4525,a0652767a482f484812a4ef91e3e1d7b20902d1e,.php
C:\Users\dinht\Documents\RandomForest\test_file_benign_only\x62.php,02/08/2025,8bcf7d176070c69132a738a60f9d4f6a,a9674bd8500077f33097a3cfc97ba4c56a329392,.php
C:\Users\dinht\Documents\RandomForest\test_file_benign_only\x63.php,02/08/2025,ea763a571f29e73f1da0f5997e108480,44df2e4ee1bb303788815f217b488dda07e585fb,.php
C:\Users\dinht\Documents\RandomForest\test_file_benign_only\x63_2.php,02/08/2025,45800d9cfaafe3e6be7047172e0ed342,039eecf70592afcf6c17c8a20f15e1afa5621f32,.php
C:\Users\dinht\Documents\RandomForest\test_file_benign_only\x64.php,02/08/2025,4d040d1e0979095a34d4e56ca6104699,c8e1a57a80a22faeec3b1a5814f89db9057bfbcc,.php
C:\Users\dinht\Documents\RandomForest\test_file_benign_only\x64_2.php,02/08/2025,2ae10c469b21bb60119f47b58f14d7d5,9bfb1c8ebcf63167640d3a5d2b672f400a89b85b,.php
C:\Users\dinht\Documents\RandomForest\test_file_benign_only\x65.php,02/08/2025,df67f9f474c9dbeb1e8af0f58969117e,259b6eb5d47a5be4d35dd6ae4aab2c4fd64863ba,.php
C:\Users\dinht\Documents\RandomForest\test_file_benign_only\x66.php,02/08/2025,4496b5049d05f1fe1fab8e56918b0e9c,26b0f4d59b54b1533a553b77328fd0cf024d6a50,.php
C:\Users\dinht\Documents\RandomForest\test_file_benign_only\x67.php,02/08/2025,0e977be26c99d6cbee006b0fe85a7eb3,9d3da90f8e2aa9849c5449214a6df63ff7dfc6df,.php
C:\Users\dinht\Documents\RandomForest\test_file_benign_only\x68.php,02/08/2025,4b9f05ef79ab1fa08f4383738e0c7b98,53e38345fdd3908030a0a824d6ffd0f1957285e2,.php
C:\Users\dinht\Documents\RandomForest\test_file_benign_only\x69.php,02/08/2025,3be42fc84356c5193cd03f5f90a11092,a0ba14efaf6a28d3700fe8a5d5096d244d549f2d,.php
C:\Users\dinht\Documents\RandomForest\test_file_benign_only\x6a.php,02/08/2025,26515eea9879a1f804412fb94ac9f251,58fca3315eb06fc39016a50d3d514d82610ab001,.php
C:\Users\dinht\Documents\RandomForest\test_file_benign_only\x6a_2.php,02/08/2025,57c1564c7cdf3bd50d22bfa2410b7c49,64fa88fc6c710679fd94078bd61f1fff9b95f36f,.php
C:\Users\dinht\Documents\RandomForest\test_file_benign_only\x6b.php,02/08/2025,6744687fe157c71babee1c98d716c1e0,61de90d597d541ecfb22c28c8f63298d151590bd,.php
C:\Users\dinht\Documents\RandomForest\test_file_benign_only\x6c.php,02/08/2025,949181a341ccb0304bf8c7c467de34f0,592c18e2132f2b2932baa1ed5ca7d4f2468c10b7,.php
C:\Users\dinht\Documents\RandomForest\test_file_benign_only\x6d.php,02/08/2025,6a8a2f2ca26967420724c59cf2e74303,9b8db87d425553d74e795637148a9bdc35be4a5b,.php
C:\Users\dinht\Documents\RandomForest\test_file_benign_only\x6e.php,02/08/2025,6e8f900f55601f296127191784393c49,c9f6efc26f20ddd809e8750ae1a0754f0e7685bf,.php
C:\Users\dinht\Documents\RandomForest\test_file_benign_only\x6f.php,02/08/2025,2ddcc3e703ec2e5f40c1e848158d1d40,52d403d8f775dd44ea46844b7fdf82e37e1e3c82,.php
C:\Users\dinht\Documents\RandomForest\test_file_benign_only\x70.php,02/08/2025,dd8893b35891e5169ddac4ed589b4bb0,7d4f7b6b281eb4463461dfb3438385927f752d61,.php
C:\Users\dinht\Documents\RandomForest\test_file_benign_only\x71.php,02/08/2025,40960d178fe8dd5463e6ab1c78309d51,cbaf7ca426f5e426a1af998140c99dcc5d523233,.php
C:\Users\dinht\Documents\RandomForest\test_file_benign_only\x72.php,02/08/2025,375673f91ff09e5d582783abb9cef5f6,4c1000d149e6ec92b424b052a6563e19ee8f9562,.php
C:\Users\dinht\Documents\RandomForest\test_file_benign_only\x73.php,02/08/2025,b13e3fb439f4a54b9211c429f50132eb,4d9297f0ea2115db9c87e7927df537877134f8ff,.php
C:\Users\dinht\Documents\RandomForest\test_file_benign_only\x74.php,02/08/2025,f85051476a81b1b593fdba6e77743e3a,3ad97d59e30474a1548d54b7d9f8217c21cc1ea5,.php
C:\Users\dinht\Documents\RandomForest\test_file_benign_only\x75.php,02/08/2025,d9b1a321380f0e510bc18bc7ddb60ca1,5a358b8850a8e614baf9abd6fd9a83a5286b30cd,.php
C:\Users\dinht\Documents\RandomForest\test_file_benign_only\x76.php,02/08/2025,4f8cfa84c6f308406cddded75b3d4941,d29b3d97bf3c91c70cb90a02d9af89fb18bdaf03,.php
C:\Users\dinht\Documents\RandomForest\test_file_benign_only\x77.php,02/08/2025,63bb92da3f234210b98e87a83eddbd71,48e10f75f05796b3bae130b2702d12ccca60da1a,.php
C:\Users\dinht\Documents\RandomForest\test_file_benign_only\x78.php,02/08/2025,8098294695b564b1d6edd07bfd081dd5,e79445505d9b98fdec195a9ba15aab361d5fc627,.php
C:\Users\dinht\Documents\RandomForest\test_file_benign_only\x79.php,02/08/2025,c6d35f4044caeb3e26a52294b7c08126,80a096b174e5ab4b6b61a2b4f31c53e93d9b2985,.php
C:\Users\dinht\Documents\RandomForest\test_file_benign_only\x7a.php,02/08/2025,f238a01ebdcf16fb67b489d49dbe369b,5fdb7b2f4534c75d30912a4a30a140008a31c907,.php
C:\Users\dinht\Documents\RandomForest\test_file_benign_only\x7b.php,02/08/2025,a76746deeb2bf976963ec1d2267d46a5,9a6b6d32088372d843f206d1f3cbe9e624e4192d,.php
C:\Users\dinht\Documents\RandomForest\test_file_benign_only\x7c.php,02/08/2025,9b3226cb057628cf4d0ed7d491526b7a,ca7e89bc320d0c3cea1f57531c0cff4ccc6d3d7c,.php
C:\Users\dinht\Documents\RandomForest\test_file_benign_only\x7d.php,02/08/2025,fb175890ddbb649a75d4d3913547ef28,4aae72d82c8e456191507afca38072c6219c87a9,.php
C:\Users\dinht\Documents\RandomForest\test_file_benign_only\x7e.php,02/08/2025,8d8af901138c2ebb438dfda89e8ff31c,f65ac623e95784a5ecbc6192d40252d19697733c,.php
C:\Users\dinht\Documents\RandomForest\test_file_benign_only\x7f.php,02/08/2025,8b2a95e4abf16260384423f9312cad00,b68cb52ee47a685c493a1d29ea9a306fff576be0,.php
C:\Users\dinht\Documents\RandomForest\test_file_benign_only\x80.php,02/08/2025,a36d49f1111928e51ae9952c4a7fc767,d462a830e132385033e539ecd6b30acdd281e4e4,.php
C:\Users\dinht\Documents\RandomForest\test_file_benign_only\x81.php,02/08/2025,40854afe9d124ab00de5de559790bf3e,44833d0749d74f29fcdc6a1b1e18c56d35cd5cc7,.php
C:\Users\dinht\Documents\RandomForest\test_file_benign_only\x81_2.php,02/08/2025,3e80681214dac7d0831c6ef41fc7205b,3680e4d279d65d3b9c6dbc2fb616587b394ed5fc,.php
C:\Users\dinht\Documents\RandomForest\test_file_benign_only\x82.php,02/08/2025,039c64f448b302b0032cbbbdb42724ee,78044a1336d77092e7e1116a9f79c8ba37959546,.php
C:\Users\dinht\Documents\RandomForest\test_file_benign_only\x83.php,02/08/2025,e742c42f767d26caa2817588aa6789c7,f49809293eb933091bd59a2d3d6452ef61af0849,.php
C:\Users\dinht\Documents\RandomForest\test_file_benign_only\x84.php,02/08/2025,54c96a2ff7290f5eab9d02b673b09ee3,a561b229b269b200a644e4fcae048296155d43c8,.php
C:\Users\dinht\Documents\RandomForest\test_file_benign_only\x85.php,02/08/2025,a7bab1ee3cf7f1983a54b2f0f3dc6b88,0b1200cac3a95b45954a0d51fa99102d4bf36731,.php
C:\Users\dinht\Documents\RandomForest\test_file_benign_only\x86.php,02/08/2025,eb12430a5710ba6ad3bd84a3497b301e,391a5e97f9a84ec072c992f4957d8b5ec3d507e1,.php
C:\Users\dinht\Documents\RandomForest\test_file_benign_only\x86_2.php,02/08/2025,fd4850604c3681539b0f56800910eec8,7662bc7eea8cb35754302ea5f20e1b04e822b6c8,.php
C:\Users\dinht\Documents\RandomForest\test_file_benign_only\x87.php,02/08/2025,4b464d9e2b94e7d89e13049582b78f8e,6f93dece6b1feb7df896c954baa87cb73afa6a04,.php
C:\Users\dinht\Documents\RandomForest\test_file_benign_only\x88.php,02/08/2025,b6d1a3eeb0f0dc861d4b981e5a8231df,6f8c9cafae19fe40d32a2613fd31098b7f3b8c4c,.php
C:\Users\dinht\Documents\RandomForest\test_file_benign_only\x88_2.php,02/08/2025,47c8c407dd33c0f14e064e89f4e06a0c,7c68d55d86a3a31edc65e5ba03af8ab5a78ab3ce,.php
C:\Users\dinht\Documents\RandomForest\test_file_benign_only\x89.php,02/08/2025,8ee90c145fc34cba4b368e5d87fc02f3,703329cec598e0930895205994412ce8173b1c4a,.php
C:\Users\dinht\Documents\RandomForest\test_file_benign_only\x8a.php,02/08/2025,f50856bb166e657540aca09c5dc4ddfa,d504c82603fce95ef787062bf8e732902ddfe1cb,.php
C:\Users\dinht\Documents\RandomForest\test_file_benign_only\x8b.php,02/08/2025,c7af254f70089dd2e292e227729fa529,0c6d05440d08ad330646696555feade987e6b2b2,.php
C:\Users\dinht\Documents\RandomForest\test_file_benign_only\x8c.php,02/08/2025,b61ff0c3b7d430c1e21e89f5c7eeb4c6,37c6873c52717e52359e2e07b738f37323022b08,.php
C:\Users\dinht\Documents\RandomForest\test_file_benign_only\x8c_2.php,02/08/2025,6cc256af9d4113de2e7073b0c7ce8064,41eb5bf907ae8c5a06dbd6e74f142d965badd729,.php
C:\Users\dinht\Documents\RandomForest\test_file_benign_only\x8d.php,02/08/2025,572efbe1f36a6d9743067afc4c01921a,d2a348978be14dce284ead7c51846b4c0d5ee68e,.php
C:\Users\dinht\Documents\RandomForest\test_file_benign_only\x8e.php,02/08/2025,9d39c7ea09c2c6b8b6eae83d0a4ef027,131598b463b6955399b8d1fbeb237267ddfa8218,.php
C:\Users\dinht\Documents\RandomForest\test_file_benign_only\x8f.php,02/08/2025,d8ecfd8402b7c9e8a6bbe420150ac622,dffb0ec32dba41a781c442a39c2d433c46ba6443,.php
C:\Users\dinht\Documents\RandomForest\test_file_benign_only\x90.php,02/08/2025,717983d9840ee67bbef4e54d76ae33dd,05ccf02e4b416572b57207201011cc52c95a3e02,.php
C:\Users\dinht\Documents\RandomForest\test_file_benign_only\x91.php,02/08/2025,6f87ae31e1fe09c180ac3bfe70ca9c1c,14c64ff5f51a622072b47def50c551a256ee2268,.php
C:\Users\dinht\Documents\RandomForest\test_file_benign_only\x92.php,02/08/2025,7fcad39bf27a7efb5bcc0c5bc012c59f,228566e2c9a88e461bc0b339dfe849b6edaf823e,.php
C:\Users\dinht\Documents\RandomForest\test_file_benign_only\x93.php,02/08/2025,e17f5b0a834f037b673630eec2af0ac6,bfceb9c7163ffee7611160b9a582e9f479853e36,.php
C:\Users\dinht\Documents\RandomForest\test_file_benign_only\x94.php,02/08/2025,95e12bf408da4d0b8caafa98355bfc4c,7d6078268d12f29c478c2f318573ac0751bd5142,.php
C:\Users\dinht\Documents\RandomForest\test_file_benign_only\x94_2.php,02/08/2025,35f74ba20227d93e4ea1a019135756b1,6082c0a040a3340de0bad2f2de36041ccb44cb40,.php
C:\Users\dinht\Documents\RandomForest\test_file_benign_only\x95.php,02/08/2025,532bae8451911a82c6a099fa8991e69c,001b5f2f3bc1013dc51dd7a811a75c228843c9ce,.php
C:\Users\dinht\Documents\RandomForest\test_file_benign_only\x96.php,02/08/2025,9669ba585ca3301bbff2a26de4e152d8,a0e300a1f686a95c2f56fbfe31e07336a1329e26,.php
C:\Users\dinht\Documents\RandomForest\test_file_benign_only\x96_2.php,02/08/2025,b4139d162876247534f8c23f7594f59e,852f5fdd0e11eddf4c9dcd0acf8261f754b69c58,.php
C:\Users\dinht\Documents\RandomForest\test_file_benign_only\x97.php,02/08/2025,d69f2a0cff9db160f3cee5d489fd47d2,321401ee56fa42451852041d5a0b49fa9dad3ad0,.php
C:\Users\dinht\Documents\RandomForest\test_file_benign_only\x98.php,02/08/2025,8c9eccc8e612e02f39da41338a0bb18a,87b19ed0031bbc74d48f4aa6851004be5240f844,.php
C:\Users\dinht\Documents\RandomForest\test_file_benign_only\x99.php,02/08/2025,0e2b3277af24d8c8bb54f11d18ab6cb3,c288972132fd766d5bd732eccee0c757b4ea9e0c,.php
C:\Users\dinht\Documents\RandomForest\test_file_benign_only\x9a.php,02/08/2025,f34becd6431800a8f9ab7243c2db166b,a45885ad4b92d962871f72b85cd7e90c65fc753e,.php
C:\Users\dinht\Documents\RandomForest\test_file_benign_only\x9b.php,02/08/2025,b75936afa03a7ee34a0f93b2a81c682f,fa790202532b0f710c5ff2cd341704993ca64bed,.php
C:\Users\dinht\Documents\RandomForest\test_file_benign_only\x9b_2.php,02/08/2025,ea00d6826724411f0eb961ee3f121f5c,b97e374fa7480450c277af7df407d618504dcc3e,.php
C:\Users\dinht\Documents\RandomForest\test_file_benign_only\x9c.php,02/08/2025,b2886b385195f8a9e42940dce987bc1b,23def1dd849f8ca26fa65b4274e580828f787dec,.php
C:\Users\dinht\Documents\RandomForest\test_file_benign_only\x9d.php,02/08/2025,e0931d66316f5ae9a1b8d8834c8a16ee,cf1b30858521c80a7d30af4e63a5b407197f9ec2,.php
C:\Users\dinht\Documents\RandomForest\test_file_benign_only\x9e.php,02/08/2025,a4672b8338992550871a791d59cb9d75,0d5ca51b12afa5a1a20a5494ceb61b2aea872065,.php
C:\Users\dinht\Documents\RandomForest\test_file_benign_only\x9f.php,02/08/2025,c81746047d49761fd1f97ca0e13c723f,ecde835e0a037a254d2ef2db5638aeee130203e2,.php
C:\Users\dinht\Documents\RandomForest\test_file_benign_only\xa0.php,02/08/2025,7f7980b20a1c561974869eafbe7c9751,5a34f9c349db02bdda94ad23dad83e5ea53255c0,.php
C:\Users\dinht\Documents\RandomForest\test_file_benign_only\xa0_2.php,02/08/2025,c4a1b7b68033a210524de5b2dd697ecd,b26c02f8a0b368e4209b20acacef7cfafa7eddb3,.php
C:\Users\dinht\Documents\RandomForest\test_file_benign_only\xa1.php,02/08/2025,e9af3d0951562d5db2fb49ec61715c4e,dcd19159d3d482fea89994c6c9fce753354439d3,.php
C:\Users\dinht\Documents\RandomForest\test_file_benign_only\xa1_2.php,02/08/2025,a39edbf830ce4565db03e6fad69b85a7,2751443735255be89ab8788c2369e0a2c7877c0f,.php
C:\Users\dinht\Documents\RandomForest\test_file_benign_only\xa2.php,02/08/2025,907b0f29d2a01266d838ed787be5f140,c9e282437aef06be4bdf5c6fe3e0561e9fb77a0f,.php
C:\Users\dinht\Documents\RandomForest\test_file_benign_only\xa2_2.php,02/08/2025,3bc85aca4cc38d4b27f279fca312c073,67332ff0c1f8fd09047793397f403379c9cd79a3,.php
C:\Users\dinht\Documents\RandomForest\test_file_benign_only\xa3.php,02/08/2025,3e21c0dd7fbc33b8d800f45547012799,f2b37287a08cc60b904d7c9c8ae559e0ed42c288,.php
C:\Users\dinht\Documents\RandomForest\test_file_benign_only\xa4.php,02/08/2025,56519ddaabb4419ce3cb7cce090743b0,6836370d530509fa2b722a0b4ba37775243a85cc,.php
C:\Users\dinht\Documents\RandomForest\test_file_benign_only\xac.php,02/08/2025,44ca795b520cdec6c21577da2aec20e7,2d3cb9695c9f985055583f2d4675e45fa9a3c0ef,.php
C:\Users\dinht\Documents\RandomForest\test_file_benign_only\xad.php,02/08/2025,4ef684f24764a4841c1ea97b16f9c557,7f17d89af3441976518661a1d2ce7407664158dd,.php
C:\Users\dinht\Documents\RandomForest\test_file_benign_only\xae.php,02/08/2025,69184841ee8cde15d7e8dc3ba02ab274,c7b4068d4abc4aa417d854544a3b29fd54e4c158,.php
C:\Users\dinht\Documents\RandomForest\test_file_benign_only\xaf.php,02/08/2025,bc6ccc9c9825d41491661723c814869a,17df1e0019a6c033ca2ceca9bdf43c5bce19f554,.php
C:\Users\dinht\Documents\RandomForest\test_file_benign_only\xb0.php,02/08/2025,5bea9d0bc86998a9c9a26d720ea4b5b4,004b42d72d1e5904f5b507217b6a48b6783af9b8,.php
C:\Users\dinht\Documents\RandomForest\test_file_benign_only\xb1.php,02/08/2025,cd6998d338441756c434fcc90dd506b6,6eb081734264ce165e3f176f1dcb348a195f78bb,.php
C:\Users\dinht\Documents\RandomForest\test_file_benign_only\xb2.php,02/08/2025,70e1edcb09f440275e385246a43f20a1,dcf4cc997d7a45b10c2aa3257af58a48d2efc476,.php
C:\Users\dinht\Documents\RandomForest\test_file_benign_only\xb2_2.php,02/08/2025,097e025c373eb37087d24581e95e4b39,ee17ba8f539022396f9f1056debcc363634474ed,.php
C:\Users\dinht\Documents\RandomForest\test_file_benign_only\xb3.php,02/08/2025,d506533ea8b5a22271bb04c1459c29b8,b687dd7a6e717c08d4b3c28cf99274f92ec04a59,.php
C:\Users\dinht\Documents\RandomForest\test_file_benign_only\xb4.php,02/08/2025,3e25bd2ccd0ad4e9b7fe856308b48c05,00847049dd805540611e7ffb5351655b6d8440b4,.php
C:\Users\dinht\Documents\RandomForest\test_file_benign_only\xb5.php,02/08/2025,9b967f74c42d026e2e4cb2060530523e,3b723cf46ae2afbce5a9468b38fd76d0a5d4ade6,.php
C:\Users\dinht\Documents\RandomForest\test_file_benign_only\xb6.php,02/08/2025,546209aabb96bc1630411d7bb3bb9a1a,55e9f62667df1370fd83859871ab9a331f2ee79f,.php
C:\Users\dinht\Documents\RandomForest\test_file_benign_only\xb7.php,02/08/2025,aeefb586e43385f818755ff8bf04a3ad,3c2440bc7321064e6286826c0ed8159743cd9664,.php
C:\Users\dinht\Documents\RandomForest\test_file_benign_only\xb8.php,02/08/2025,a5efa12f394a1ea88ed2af9c7d603104,183450d9f42cc52f1c2afce0bbf8d3941aca198b,.php
C:\Users\dinht\Documents\RandomForest\test_file_benign_only\xb9.php,02/08/2025,3527b2d2fba21984407dc7078fa1e890,e9e4b88593a2a5bb76148112f9948e80860e9af2,.php
C:\Users\dinht\Documents\RandomForest\test_file_benign_only\xba.php,02/08/2025,613ab6c5cc805074333d0e639f833743,d83c67d7894889d193085a0361797e71626f72c9,.php
C:\Users\dinht\Documents\RandomForest\test_file_benign_only\xbb.php,02/08/2025,66bf0a611eb04631138344f553a5b70b,9c78f330748837461e74cde104785ac2e68141ac,.php
C:\Users\dinht\Documents\RandomForest\test_file_benign_only\xbc.php,02/08/2025,5775cc09777e747ce0e8978f6b1d896e,8f0fcabe667f881c559459c0b3addb62572709e2,.php
C:\Users\dinht\Documents\RandomForest\test_file_benign_only\xbd.php,02/08/2025,aebd79bd4ac5a7665533b734b79eb8a1,507f22e6cd5b8b860a4e7507cc6f5d0eaaa7efc3,.php
C:\Users\dinht\Documents\RandomForest\test_file_benign_only\xbe.php,02/08/2025,186bc1a99e998fff9598efcfa60a3839,c39d29750bdad8871044d0e0ee23cbec17234c07,.php
C:\Users\dinht\Documents\RandomForest\test_file_benign_only\xbf.php,02/08/2025,c2192d3575228556162a01b226ce829d,fea0973e9bdc0a701ad4918e6b00fac0099ec5e5,.php
C:\Users\dinht\Documents\RandomForest\test_file_benign_only\xc0.php,02/08/2025,cb80f8f74ad122916143fdd79ab4e5b1,9d896cf1185bfca3ccbaecc51714edb37c7f1ae4,.php
C:\Users\dinht\Documents\RandomForest\test_file_benign_only\xc1.php,02/08/2025,e51cd27b128f33e21858967d3aeafb2f,a3e921c164b545c6e1fc7be453512b1ee31db87f,.php
C:\Users\dinht\Documents\RandomForest\test_file_benign_only\xc2.php,02/08/2025,efcd5c3e6d868f01f183b59c93dc790b,1354fa079be665454b8d6621c7fa379f811e47ed,.php
C:\Users\dinht\Documents\RandomForest\test_file_benign_only\xc3.php,02/08/2025,bfc3621f1da22ce42d765ebf130ded02,2e370e0af78cb648a42672842b7bba4cb0ae41b1,.php
C:\Users\dinht\Documents\RandomForest\test_file_benign_only\xc4.php,02/08/2025,b380d77423c07c0c23cf9a9fd3b34e61,ebdfdeac8116a74b45cbd0e1890e5d46e3862b5a,.php
C:\Users\dinht\Documents\RandomForest\test_file_benign_only\xc5.php,02/08/2025,57b3abf4a513bb9f0d1f32ce2e8a0418,4403c9bced935ccf77ba9e7ab2d5ec78170d95ab,.php
C:\Users\dinht\Documents\RandomForest\test_file_benign_only\xc6.php,02/08/2025,0be1677c07d8cd65a0662594c759ac6c,5cb9fb257b9cc7ff66bea6fe3998e7d1fa9174fa,.php
C:\Users\dinht\Documents\RandomForest\test_file_benign_only\xc7.php,02/08/2025,eaa959613bf1977ecaeaa80b87be7949,b01a1da9e8fdd5db6adc3de52d1cb7a4c11a79aa,.php
C:\Users\dinht\Documents\RandomForest\test_file_benign_only\xc8.php,02/08/2025,2452e46ca0969a3241cc02fe9b27e380,020c2082f25255b1323ff8aca5c4fe9cc07c5a34,.php
C:\Users\dinht\Documents\RandomForest\test_file_benign_only\xc9.php,02/08/2025,08b9371d39f17793bf93999f5f5278c4,3a0eede1d3f96dea2056463dabae3b9cb0918f30,.php
C:\Users\dinht\Documents\RandomForest\test_file_benign_only\xca.php,02/08/2025,784821645788e6f105b9daeea088b564,19382b7ca7e75dde290ffe0041e1f9ebc8825b27,.php
C:\Users\dinht\Documents\RandomForest\test_file_benign_only\Xcache.php,02/08/2025,5b2775ef26624bbbbd4cd04894a16561,5a200e2b94042a9944ff20f256a9e902cccb3e38,.php
C:\Users\dinht\Documents\RandomForest\test_file_benign_only\xcache.test.php,02/08/2025,784aa4b24edcfb9bbf2671578a4af81a,5315021f77d6cf2efa25e5f5a26a4901e8ec6718,.php
C:\Users\dinht\Documents\RandomForest\test_file_benign_only\XcacheCache.php,02/08/2025,7bb6d247fd3010c037562b16195f0943,6bf8a29761343a52bab9b013151c2d9772e103f6,.php
C:\Users\dinht\Documents\RandomForest\test_file_benign_only\XcacheCacheTest.php,02/08/2025,d7cf93e40266b31ec828862bd28e9f0c,f153ed636771bd54fa743ec13ac95e4586e513ca,.php
C:\Users\dinht\Documents\RandomForest\test_file_benign_only\XcacheEngine.php,02/08/2025,a6df742d8427821abbcd10e3397face9,e5d1eb4fb59f30f20a89d4474a36fa4e35a590e7,.php
C:\Users\dinht\Documents\RandomForest\test_file_benign_only\XCache_1.php,02/08/2025,a3239040e672955a8a520eef6e251d68,f25c4f272580b9e4d6fef6a28e1584e95386281c,.php
C:\Users\dinht\Documents\RandomForest\test_file_benign_only\xcache_2.php,02/08/2025,6a0e6ad6f56110832373c491e60537fa,f66b3e905a6a4e6dc37b95d6f5804c4089920275,.php
C:\Users\dinht\Documents\RandomForest\test_file_benign_only\xcb.php,02/08/2025,cb3d1d9c4beacae935e591c6c7322fa7,a517686acce78f5aac599b2ec069c50b51848022,.php
C:\Users\dinht\Documents\RandomForest\test_file_benign_only\xcc.php,02/08/2025,c5d35a82b5ae3b2552b308c4cb9608e6,b2f188a9691c68074f10b5a7f7fb1e54423b95a9,.php
C:\Users\dinht\Documents\RandomForest\test_file_benign_only\xcd.php,02/08/2025,b7bc53195dbb80e6913a2fa5cae05390,89d4b8bc4ed626ccf605499a6cb13f397fba6c9e,.php
C:\Users\dinht\Documents\RandomForest\test_file_benign_only\xcd_2.php,02/08/2025,d5eb46a81b036cbcf52ec190dde22f55,3dc96d030f86105ac941418ffa94d04454444b3c,.php
C:\Users\dinht\Documents\RandomForest\test_file_benign_only\xce.php,02/08/2025,54d44e9d69c1b66f143c8585be616b8d,f0bc9665d5cd79bb127b7aee908b2ab8038721e6,.php
C:\Users\dinht\Documents\RandomForest\test_file_benign_only\xcf.php,02/08/2025,2f4e0a852487bfc02899705843fd3b7a,dfcaace1294682beda3dc7d1f6ab144d306157ae,.php
C:\Users\dinht\Documents\RandomForest\test_file_benign_only\XChaCha20.php,02/08/2025,901e68df0c8bd51b6760c9b83ada955e,27f45a2523c207b747cc11a2512d203e8ce407be,.php
C:\Users\dinht\Documents\RandomForest\test_file_benign_only\XChaCha20_1.php,02/08/2025,42b96aa969e44f1e12e6a36b8fd8d6e1,201cfa31b2062f4367c15f953e75a6da08bf995b,.php
C:\Users\dinht\Documents\RandomForest\test_file_benign_only\XChaCha20_2.php,02/08/2025,0d8d2ad2756e95726475be67bced01f4,569c42ebf910519b4396965fbf076993759bffe9,.php
C:\Users\dinht\Documents\RandomForest\test_file_benign_only\xd0.php,02/08/2025,f92d6a845f6e700c1eced9011b79c5e2,e151005c8440c3dbb10fdb81501243a58b73ea9a,.php
C:\Users\dinht\Documents\RandomForest\test_file_benign_only\xd1.php,02/08/2025,b1a5875638fc5cfce4cd25aeb1e76033,288a1883f1ba7b8d51d655d5569bcdb9e336b98b,.php
C:\Users\dinht\Documents\RandomForest\test_file_benign_only\xd2.php,02/08/2025,b06746854b5ab14a20aa6a964b56c35a,e5f3ef475ef58bf243700634d37726e9f7504873,.php
C:\Users\dinht\Documents\RandomForest\test_file_benign_only\xd2_2.php,02/08/2025,47e650b33634342f84548306be6dc144,becdc5d0876587e913aba83303e0812a8a6ab383,.php
C:\Users\dinht\Documents\RandomForest\test_file_benign_only\xd3.php,02/08/2025,da8016bbb1a188eac209080fd1f9ca37,d45f1fcdba8fc02d4501a2dfec45991bb4eb4507,.php
C:\Users\dinht\Documents\RandomForest\test_file_benign_only\xd4.php,02/08/2025,9a777cebb0e201677660b434ed45fad4,5df2692e2fe910b69ad1078e43a14d94f1652638,.php
C:\Users\dinht\Documents\RandomForest\test_file_benign_only\xd5.php,02/08/2025,11a4197ac196bf5039f0f748513754d8,f79121ef4ec28bdf1cdd441a050318d8c7fc68c9,.php
C:\Users\dinht\Documents\RandomForest\test_file_benign_only\xd6.php,02/08/2025,6c57febcd7d8f85767d47f660644aafc,f958ce19a912169dc4699ae4cdb455f7beeda027,.php
C:\Users\dinht\Documents\RandomForest\test_file_benign_only\xd7.php,02/08/2025,157ecd1abf1ba06a992fe21a0b38a8d4,a347b3af2b9f1fb9b155bba2e6376382ac30ab9c,.php
C:\Users\dinht\Documents\RandomForest\test_file_benign_only\XDebugExtension.php,02/08/2025,37a98e989dca44d78f1ab2492c00ae4a,a7bfec16e9ac7424f77682729b8454de7e425a67,.php
C:\Users\dinht\Documents\RandomForest\test_file_benign_only\XdebugHandler.php,02/08/2025,b96af4d19750b4c96377d0f5169e504a,2c2c668922f4f8b1d24382ec3f0e4db3e03c08c9,.php
C:\Users\dinht\Documents\RandomForest\test_file_benign_only\Xdg.php,02/08/2025,c8777825ddef740c77d4b2d66fea4f3c,661d57340317a92cdb84ac58d4e68a50ef7d6f2a,.php
C:\Users\dinht\Documents\RandomForest\test_file_benign_only\XdgTest.php,02/08/2025,16d8786f61c15a50170c6a8272ed8192,c2f0d7c9db59275ab9578e14dfb551f5944ac897,.php
C:\Users\dinht\Documents\RandomForest\test_file_benign_only\xdiff.php,02/08/2025,709f66791c9bf3356d77dcefae45fa7b,5c7e667008d0bb2b59bc021507d808d2ed771265,.php
C:\Users\dinht\Documents\RandomForest\test_file_benign_only\xdiff_1.php,02/08/2025,d6b91fc8628a0c0474ad58389a475815,09b106975efeb8735a0d934b813af309f12e62bc,.php
C:\Users\dinht\Documents\RandomForest\test_file_benign_only\XEEValidatorTest.php,02/08/2025,21256aac28633c03c0cc8b0e8f9d1ece,c9dc003bd1cfede2209fec1399186e9cedbdc576,.php
C:\Users\dinht\Documents\RandomForest\test_file_benign_only\Xf.php,02/08/2025,e4efbcbaaa44f8e3f363314692c5cd6b,c37f3be993e795b7167a09f427f2e936def57d67,.php
C:\Users\dinht\Documents\RandomForest\test_file_benign_only\xf9.php,02/08/2025,471eb00553ee33405b6f141640c34ca1,163980b3f6042b7a3d6a1e714fa48de5a9c7a68b,.php
C:\Users\dinht\Documents\RandomForest\test_file_benign_only\xfa.php,02/08/2025,dafbaa491cdff2764427020364bbc286,065f3b8237bd8d289b28c036366afa4e18849c33,.php
C:\Users\dinht\Documents\RandomForest\test_file_benign_only\xfb.php,02/08/2025,32ae91193905f7e316db4c4e530789a4,c5d4ba440b3e0d92db0ab9d90fdf7ca524a506fb,.php
C:\Users\dinht\Documents\RandomForest\test_file_benign_only\xfc.php,02/08/2025,2923b8ed337feaff633035ccc9497a13,5cd4211a58d832720576d98d3dec79ae2f1fa071,.php
C:\Users\dinht\Documents\RandomForest\test_file_benign_only\xfd.php,02/08/2025,e500f0d3c141f74f5f166babc2684c33,f83ac7a9300a57690e3b6dafcef9e9492e71b1f6,.php
C:\Users\dinht\Documents\RandomForest\test_file_benign_only\xfe.php,02/08/2025,ba31a52542d9e0e7c64fc81b45e4fe87,ca4cee1b7fbf2167d3d3e887176f84a04b0ac339,.php
C:\Users\dinht\Documents\RandomForest\test_file_benign_only\xff.php,02/08/2025,3ffedb308e9e518b84154add433b4f72,1df874bf73ac6bad0456b35ce4786639b810e567,.php
C:\Users\dinht\Documents\RandomForest\test_file_benign_only\Xf_1.php,02/08/2025,c5b833c89e8077c9a61ff61d82cda36b,a7f8e367d189683f77e59f74666be246a6e21041,.php
C:\Users\dinht\Documents\RandomForest\test_file_benign_only\xh.php,02/08/2025,60243c5b66d23c36b75c6ee2b1878fdb,5f590842e17cfdc8e1b66b8ec9bf12dabcdd88df,.php
C:\Users\dinht\Documents\RandomForest\test_file_benign_only\Xhtml(1).php,02/08/2025,437edcc088a985eacb4ee09f7326cb1c,4fdea2607519ac6bffe1e53768fbb41dfcce656e,.php
C:\Users\dinht\Documents\RandomForest\test_file_benign_only\xhtml(2).php,02/08/2025,3e82146fd797e353be3c3a65e1871499,f6dadfa08d7f437024383b8b1a6dff2dc6d9e3a0,.php
C:\Users\dinht\Documents\RandomForest\test_file_benign_only\XHTML.php,02/08/2025,e70e28fd965b30f218dac80e1339f7d3,a0156e7e6083e73aef12cf2ba31d36f2c63b7b19,.php
C:\Users\dinht\Documents\RandomForest\test_file_benign_only\XHTMLAndHTML4.php,02/08/2025,7a553f04b7d091a36513662c8fba9def,3f7ae5054b0a65c129874392d3516a69ac70250e,.php
C:\Users\dinht\Documents\RandomForest\test_file_benign_only\XHTML_1.php,02/08/2025,6d524caec79bafacb717f5318a6cb32d,9d0138a7b50ddb76ddd157a42d29172b2824d5f9,.php
C:\Users\dinht\Documents\RandomForest\test_file_benign_only\xh_za.php,02/08/2025,3778b791638984c673e7d042200e547e,1fe7c25d24f3fa49635c3069d0ecb456d953dcac,.php
C:\Users\dinht\Documents\RandomForest\test_file_benign_only\XliffFileDumper.php,02/08/2025,b57dd07eb1cc30ce218d10c5df823b2a,b75976ecb5c519c61ac7cc9dfd738029fb765358,.php
C:\Users\dinht\Documents\RandomForest\test_file_benign_only\XliffFileDumperTest.php,02/08/2025,81adc3fdf6a6189250187c2cbe6bfc35,75e4534d2246241c9fd54248d028abec7c7f53a8,.php
C:\Users\dinht\Documents\RandomForest\test_file_benign_only\XliffFileDumper_1.php,02/08/2025,e7cf7fc33b292f6324b66548b888bd89,b1e82acb5ddb7e11b481534fecbcaf06a09fc2df,.php
C:\Users\dinht\Documents\RandomForest\test_file_benign_only\XliffFileLoader.php,02/08/2025,85928f27e4cd78afa7ab923717312217,e567caf7356f20a1c99fd98e5e0908817fc1bcfe,.php
C:\Users\dinht\Documents\RandomForest\test_file_benign_only\XliffFileLoaderTest.php,02/08/2025,2aecef95f1805786f2f1c1fdc7159ea4,c00c6f4de9322ae0b55e5731176e9ca1359caab3,.php
C:\Users\dinht\Documents\RandomForest\test_file_benign_only\XliffFileLoader_1.php,02/08/2025,dd192a0f4b8e22960c10bde537927698,1d03558023e11c0bd3238c675e792154f052ce85,.php
C:\Users\dinht\Documents\RandomForest\test_file_benign_only\XliffLintCommand.php,02/08/2025,ec176f489d227698d964e6569962de61,1f6d3c0012607fa5bb9a1082e53862be8fa63582,.php
C:\Users\dinht\Documents\RandomForest\test_file_benign_only\XliffLintCommandTest.php,02/08/2025,c660f1613792652409052b098f5a2bc6,9961e269084f3f49f9376e8ef88596fd69e14af9,.php
C:\Users\dinht\Documents\RandomForest\test_file_benign_only\XliffUtils.php,02/08/2025,391c9b3a6cdaece3b660f220039125a5,93b2f700bcaee2611c12045a7a790f066aaf768e,.php
C:\Users\dinht\Documents\RandomForest\test_file_benign_only\xlsxwriter.class.Test.php,02/08/2025,1e83ecb234c83b3e33f718a4f5add9e7,ae0c3a542da38133f3ca2d0d38011bbffc3caf35,.php
C:\Users\dinht\Documents\RandomForest\test_file_benign_only\xml.group.php,02/08/2025,e09bbcac0d35a3d963f621007f0648e6,791718b2e0f0fab016f34a2b26dcc711ed46e2bb,.php
C:\Users\dinht\Documents\RandomForest\test_file_benign_only\Xml.php,02/08/2025,ad98e47f04a926710c8e29905bc7f533,39e04cb29754e8355f28d702ce2ec6d8545f7ada,.php
C:\Users\dinht\Documents\RandomForest\test_file_benign_only\XMLCommonAttributes.php,02/08/2025,67769a6e39a2d813b56ea9bfc4ae79fc,c940deef891d82bc85d3e1a4c27d9273a59bcc33,.php
C:\Users\dinht\Documents\RandomForest\test_file_benign_only\XmlConfigurationHelper.php,02/08/2025,98d223bc94f077a3f291ba41d377e954,2feb026bdc58a25f0d6c6eef4d19faba1ffa090d,.php
C:\Users\dinht\Documents\RandomForest\test_file_benign_only\XmlDescriptor.php,02/08/2025,2ebc629fc11ee76c2dc391fc43f240d5,bf3f9c46ec0e0be020f5f068a0c1e020869dbadf,.php
C:\Users\dinht\Documents\RandomForest\test_file_benign_only\XmlDescriptorTest.php,02/08/2025,aa6b0e47cc2693587024ee3d9b2efc6c,4533e7f01e2eefcab5250830c98ce276971c04b8,.php
C:\Users\dinht\Documents\RandomForest\test_file_benign_only\XmlElement.php,02/08/2025,49966c538fb214f73718c26945682549,4bc34a36e54de014c9499c87482565bd9681aebd,.php
C:\Users\dinht\Documents\RandomForest\test_file_benign_only\XmlEncoder.php,02/08/2025,abdbdfeb007acd3812e800446b280cf1,83100cb675345c9ab284758a1e8564f602845af0,.php
C:\Users\dinht\Documents\RandomForest\test_file_benign_only\XmlFileLoader.php,02/08/2025,89852d85cd12068348ff9df79b39c914,ca6febc82049ded3b4f08893985c8af385ea44c3,.php
C:\Users\dinht\Documents\RandomForest\test_file_benign_only\XmlFileLoaderTest.php,02/08/2025,e523f572863da03fc7054d91c75aecaf,154394b58680aeb3ac4fcb686f3448a98dd9ee10,.php
C:\Users\dinht\Documents\RandomForest\test_file_benign_only\XmlParserTest.php,02/08/2025,c07dd3c8a129f532a55d35fc531d0d71,1018cef64b0ccb94e08437e8b8b54ae1595ddb30,.php
C:\Users\dinht\Documents\RandomForest\test_file_benign_only\XMLReader.php,02/08/2025,1a42dbacf6e61af634991689d26854d2,8a31c31c44fb16d2ff5a599f5db1c0931b001ed7,.php
C:\Users\dinht\Documents\RandomForest\test_file_benign_only\XmlReaderCaster.php,02/08/2025,7b81934f66cb2c20ca331027a5caab42,b296dac5210080322d7703b3983c04af0ad975aa,.php
C:\Users\dinht\Documents\RandomForest\test_file_benign_only\XmlReaderCasterTest.php,02/08/2025,43fac69aa468c8b2ab26126c3d3ea176,6715977a069cbbc7471bbce035795bfa3ca8a7c3,.php
C:\Users\dinht\Documents\RandomForest\test_file_benign_only\XmlResourceCaster.php,02/08/2025,c0ddf522427ae1a3d79b9155d4c5224a,c94084e458094ab242f7c6a67a35ee999e3693da,.php
C:\Users\dinht\Documents\RandomForest\test_file_benign_only\XmlResponseHandler.php,02/08/2025,32eab7d429740baeaea8d71fb900192c,6fe82049b22c7ef8e4d4c65f33b2e2d7aeeda7b5,.php
C:\Users\dinht\Documents\RandomForest\test_file_benign_only\xmlrpc.php,02/08/2025,ec0319c65e8096c460fe78feee8b2288,054c44db802fee2d25cd34b9e44dfc33b2e7578f,.php
C:\Users\dinht\Documents\RandomForest\test_file_benign_only\XMLSerializer.php,02/08/2025,1a0c1d04f8766b9b03368e5eff0ff9d2,18d2c40c5ac2e05acabc22afd39bf7f286daedb2,.php
C:\Users\dinht\Documents\RandomForest\test_file_benign_only\XMLSerializerTest.php,02/08/2025,5ce0f9ae8282d3303a3aa8698f3fcbe5,9d2a6f80d40b1255b3fb15b5f65cc902c76e189b,.php
C:\Users\dinht\Documents\RandomForest\test_file_benign_only\XMLTest.php,02/08/2025,5af4cbfdf411e0dba39349f812927d78,430f5e19ed21ec501c1bba9f36dc7b1832a41012,.php
C:\Users\dinht\Documents\RandomForest\test_file_benign_only\XmlWriter.php,02/08/2025,2d5a5e04e033434aa8bf547361069024,19d4a9a3c60baaf23b86acdb6ee9ac2993ae4be3,.php
C:\Users\dinht\Documents\RandomForest\test_file_benign_only\XMLWriter_1.php,02/08/2025,66fa546dd53eacf695017500d4dd6d4f,49c391784dfd4993edca556ab3ecf44049e1d844,.php
C:\Users\dinht\Documents\RandomForest\test_file_benign_only\XMLWriter_2.php,02/08/2025,cfe68492dea5ba16eaa85ff232bafdb6,0dd926a988536ed7faa7756467b05b2e43963334,.php
C:\Users\dinht\Documents\RandomForest\test_file_benign_only\Xml_1.php,02/08/2025,25819127bd3180829b57af28fe041f00,6c1d92030bc1b1684de00960ccdaa479b5bf1697,.php
C:\Users\dinht\Documents\RandomForest\test_file_benign_only\Xml_2.php,02/08/2025,47fa3def33b8f0a3399ce77e5d669d53,8097f7f57e90a4291e42c0b6a03d8217c14157a6,.php
C:\Users\dinht\Documents\RandomForest\test_file_benign_only\XML_3.php,02/08/2025,cfd921758b2e18c64fcc4a2aa2c30f45,d971cec8bae1531e2ca07d7618daf84418956b2c,.php
C:\Users\dinht\Documents\RandomForest\test_file_benign_only\XML_4.php,02/08/2025,cc84a15b435f55517f5a492f9e7ee8b6,c9f17b729f7a4b25a26c9719ff11791bfeadc25c,.php
C:\Users\dinht\Documents\RandomForest\test_file_benign_only\XML_5.php,02/08/2025,0219a52d20b646d80087fb57b0977917,5f4657875889d7e7d82a7f16ebe6744b6c6bf76e,.php
C:\Users\dinht\Documents\RandomForest\test_file_benign_only\XML_6.php,02/08/2025,36a1841f0f9328f97069794f7f291488,e90bae34feee007a024b51a133d7428d4e402248,.php
C:\Users\dinht\Documents\RandomForest\test_file_benign_only\Xml_7.php,02/08/2025,0c1548b616955a3b1e1cc8f74bb21206,93143e9c02c799ce32ceebef63c017e5521800f6,.php
C:\Users\dinht\Documents\RandomForest\test_file_benign_only\XOAuth2Authenticator.php,02/08/2025,5026541e411478e6321a6eb195047d8d,7f5dcdff1f8af4f5477f4d23a9fd5293d0503b4b,.php
C:\Users\dinht\Documents\RandomForest\test_file_benign_only\xog.php,02/08/2025,74af251956df81a83644dd1a9881a1dc,2bff4c2dac10e54d9b91678297cc7e15a408d1ea,.php
C:\Users\dinht\Documents\RandomForest\test_file_benign_only\xog_ug.php,02/08/2025,456820df18a6fdf18d31780f8bf9a1bf,f6afe8c4d1b6a931596e10e979dd8d6c4cb9f4c4,.php
C:\Users\dinht\Documents\RandomForest\test_file_benign_only\XPathExpr.php,02/08/2025,d679be7c435750a029342251ebe5dbf5,4afeb349c1ac05f61e276522f7170618b46d0729,.php
C:\Users\dinht\Documents\RandomForest\test_file_benign_only\XPathExpr_1.php,02/08/2025,31ec4541a408bbb3064ccb5f63b7e6ff,f20641aa4b5c28443f8e3bf73ee78552a2f1d1ad,.php
C:\Users\dinht\Documents\RandomForest\test_file_benign_only\xpdomemcached.class.php,02/08/2025,86eee044ad163daed84ebaffb7a92445,f965d4c8d0ce63c5d1b49a094b2c07ebe768f11c,.php
C:\Users\dinht\Documents\RandomForest\test_file_benign_only\xpdorevisioncontrol.class.php,02/08/2025,c6b64933f9eb70ea9277e7b189211b9f,5e22e45c03adb609228b7fcd3ff544aab63fb8d2,.php
C:\Users\dinht\Documents\RandomForest\test_file_benign_only\xpdovalidator.class.php,02/08/2025,149ab583f2dc36d03e770853d210b329,222a65bfc658dcf46d42cbb1bf635a6a643a3061,.php
C:\Users\dinht\Documents\RandomForest\test_file_benign_only\XpnHostList.php,02/08/2025,c4839844c7677ee0ce9847d9ee0c9eb5,3aa16d6a195bbe7be21c9e59beb41079dec89079,.php
C:\Users\dinht\Documents\RandomForest\test_file_benign_only\XpnHostListWarning.php,02/08/2025,7e00610ec3aeaee722af645c383950a6,4b04f6276ebcf4a05c52e58fbaedcf8c4d715367,.php
C:\Users\dinht\Documents\RandomForest\test_file_benign_only\XpnHostListWarningData.php,02/08/2025,29917dae93c3d311328d12ceecb2c2e6,0b2324a50dab439efda7c773f89328d1610ff156,.php
C:\Users\dinht\Documents\RandomForest\test_file_benign_only\XpnResourceId.php,02/08/2025,dcc64a10f949b89c5f900276defd0c36,1c2b63cfc2c8ed3593bcf31d7e3bb84eda4507b4,.php
C:\Users\dinht\Documents\RandomForest\test_file_benign_only\XS.php,02/08/2025,994a65c3cf49036f4ee04065c657fc23,f54cbb50ffad8d2ca1f76ce70ee8317c4d2ceb7d,.php
C:\Users\dinht\Documents\RandomForest\test_file_benign_only\Xsalsa20.php,02/08/2025,c5d68455123f65011b590ee049460e78,c4993c8091f6f7140059a25f97c11b26a36f191d,.php
C:\Users\dinht\Documents\RandomForest\test_file_benign_only\XSalsa20_1.php,02/08/2025,70f7a6c6aeb975af847f026f373b7e7a,d8c43941df129334543e4960fcac84c52f505d3f,.php
C:\Users\dinht\Documents\RandomForest\test_file_benign_only\XSalsa20_2.php,02/08/2025,dc5c999dae94f1f5e03a520e2fe22b05,294ee488ab6fb167ef0de893da8250b9f619998a,.php
C:\Users\dinht\Documents\RandomForest\test_file_benign_only\Xss.php,02/08/2025,eec9dbc3468d3bb121d4dae778319cc8,606281f0f6566704355f205d958da488c1787b40,.php
C:\Users\dinht\Documents\RandomForest\test_file_benign_only\xss_1.php,02/08/2025,24cd4a9aad488ce3a1d476e6ebea5d66,60c5a48ccbc18ad1e570c7467a4c6bd9e2b1ba1f,.php
C:\Users\dinht\Documents\RandomForest\test_file_benign_only\xTest.php,02/08/2025,961a4366ed50ed0b5c6c609869274aa6,3cef9307a903b4b914c6df59d55d00d80eb87005,.php
C:\Users\dinht\Documents\RandomForest\test_file_benign_only\xuanxuan.class.php,02/08/2025,fff832cef504e9d13ed692e8b8313c2d,44a3323041fb4b9305b44dde415d6f7b8a2f4904,.php
C:\Users\dinht\Documents\RandomForest\test_file_benign_only\xuanxuan.class_1.php,02/08/2025,c649df249e384e847c6f79d697bd2205,39432e243a68011be38cb25f8e9a563515fcc712,.php
C:\Users\dinht\Documents\RandomForest\test_file_benign_only\xuanxuan.class_2.php,02/08/2025,bd3b27f8a7724bbb1fa0f7c9073ced00,7492b44ce842ed1da3daeac08debd53ff2fb13e2,.php
C:\Users\dinht\Documents\RandomForest\test_file_benign_only\xuanxuan.html.php,02/08/2025,35c7af1778280ed5eda780aad96d88f8,394fd107992294b030e0a34d1a3da3d5e577d0f4,.php
C:\Users\dinht\Documents\RandomForest\test_file_benign_only\xuanxuan.php,02/08/2025,20c35508f01cafc4ebf3391acd94fe73,6ecb950ff90f0cf7365b3e18080ece38332afeaa,.php
C:\Users\dinht\Documents\RandomForest\test_file_benign_only\xuanxuanfilter.php,02/08/2025,7f550a99745b1ebe6b3f3fd1589360e6,95e59a046058aae699287a497f0a826c123dd183,.php
C:\Users\dinht\Documents\RandomForest\test_file_benign_only\xuanxuan_1.php,02/08/2025,cbcf50561d7cc290a36ab642f85c4a44,94d6eb2146c93398dfb69bffc5ca86f1b77e9c84,.php
C:\Users\dinht\Documents\RandomForest\test_file_benign_only\xuanxuan_10.php,02/08/2025,a6c8ead705855615f5c74bff9c11292a,756c6fe8f6292c3842284311093f7a34e3adce95,.php
C:\Users\dinht\Documents\RandomForest\test_file_benign_only\xuanxuan_11.php,02/08/2025,d331348d58b693b2201eb425e395deec,15964af0f51d11cdc89855fd7407392b76249c67,.php
C:\Users\dinht\Documents\RandomForest\test_file_benign_only\xuanxuan_12.php,02/08/2025,f3cf4c2a8a16008180b27053f41d019a,4f00ffa24d91370ae86f2bb9035ac2fe71670f3c,.php
C:\Users\dinht\Documents\RandomForest\test_file_benign_only\xuanxuan_13.php,02/08/2025,36370903c52fb87d24499df327f9a861,8ec9af8e905a06ceb22d8382d63f64fddd3b1c6c,.php
C:\Users\dinht\Documents\RandomForest\test_file_benign_only\xuanxuan_14.php,02/08/2025,39c15675a3f49da90d827a390a595669,c7a16df6576588aa402acf6f78ac7bdf50e6e0f7,.php
C:\Users\dinht\Documents\RandomForest\test_file_benign_only\xuanxuan_15.php,02/08/2025,fbb7d2dd762e829492a30b34b3fe7e15,8487074c83fe8bfb0a5fc0625ee9e22051bb1277,.php
C:\Users\dinht\Documents\RandomForest\test_file_benign_only\xuanxuan_16.php,02/08/2025,21b53d0365658b4495220e19506ecce4,77e2ce463850001b3e32dda1e506db4d4e1886c9,.php
C:\Users\dinht\Documents\RandomForest\test_file_benign_only\xuanxuan_19.php,02/08/2025,294e28fffd7f5055fa247cbf367e6d52,bf4e7debadc0b7a3425a01cd09137822f96088cf,.php
C:\Users\dinht\Documents\RandomForest\test_file_benign_only\xuanxuan_2.php,02/08/2025,235184c6f29bb8e32e081d66fbf75bde,9b53cf20095876920bbe429cfb49a38c84be6323,.php
C:\Users\dinht\Documents\RandomForest\test_file_benign_only\xuanxuan_20.php,02/08/2025,15529a96b6d4e27f681b9f95f47c8b8b,325050d31cadf93699b1183847a08c4e5019dd29,.php
C:\Users\dinht\Documents\RandomForest\test_file_benign_only\xuanxuan_21.php,02/08/2025,1ccad22da53c279967d34e0aa96333be,bbdbb3576f477e55bd701321dc6b1dae7c520d47,.php
C:\Users\dinht\Documents\RandomForest\test_file_benign_only\xuanxuan_22.php,02/08/2025,0184a13f37958881b0deb21b52348f3e,bce0ede4c0b9a3adb199c2221e06243eac635544,.php
C:\Users\dinht\Documents\RandomForest\test_file_benign_only\xuanxuan_23.php,02/08/2025,9f16616e94d481bde970a3d7a244a28b,02469f91fe8d4bdfdd97baaa0382007f814489d5,.php
C:\Users\dinht\Documents\RandomForest\test_file_benign_only\xuanxuan_24.php,02/08/2025,4e6465e6fffec5358541a43f3c6686d3,9da5fb00d139785684ea6560d9fd6e188de72889,.php
C:\Users\dinht\Documents\RandomForest\test_file_benign_only\xuanxuan_25.php,02/08/2025,910ead26cca0c4c38408d357c9aed41a,9ca24ced7f2984d92aa87e404c3b17f16102d1e4,.php
C:\Users\dinht\Documents\RandomForest\test_file_benign_only\xuanxuan_3.php,02/08/2025,de12aac2bc6d91f0bc611e64f028e03f,cb982c1ceb764df15f94e63b9d01601f4eddced0,.php
C:\Users\dinht\Documents\RandomForest\test_file_benign_only\xuanxuan_4.php,02/08/2025,9e3daa7fb1adb9433356d80117721308,df937b5854cc0e35d217d0a0fd4dd14b25df663c,.php
C:\Users\dinht\Documents\RandomForest\test_file_benign_only\xuanxuan_5.php,02/08/2025,09b966e5441d6c05738bb5748a0a3ce1,2529ba0dabedf8cbedda1264a5c102a45dc2d9d0,.php
C:\Users\dinht\Documents\RandomForest\test_file_benign_only\xuanxuan_6.php,02/08/2025,cfb6d50606a83597dd16099b306816b2,9b0951c5e03fee408300f808c8a4a67156a269ff,.php
C:\Users\dinht\Documents\RandomForest\test_file_benign_only\xuanxuan_7.php,02/08/2025,785c45728279940d23bf8b8d9083e705,6cacab88e2c8759e2fc2a59661c58e127602cd0c,.php
C:\Users\dinht\Documents\RandomForest\test_file_benign_only\xuanxuan_9.php,02/08/2025,8493a7e46c3c24833036d826f8bdbb02,a3a41342fc4ccb8f99df07ceaf4a307f0b449fae,.php
C:\Users\dinht\Documents\RandomForest\test_file_benign_only\YamlFileDumper.php,02/08/2025,0cedcac896d0eba1cc2ab96a3cda532a,4306cbb38f869a035332f3e11d2ff940b5ce6b00,.php
C:\Users\dinht\Documents\RandomForest\test_file_benign_only\YamlFileDumperTest.php,02/08/2025,de68ae9d314354fc02442ab2ea32d8ff,aece06b11a857c3fcc212afa1d23a23f14b21e24,.php
C:\Users\dinht\Documents\RandomForest\test_file_benign_only\YamlFileDumperTest_1.php,02/08/2025,0cba094e6ee4e2b0510fec059c45e5c4,55c97f888b01e211756c86089771506ddc9c540d,.php
C:\Users\dinht\Documents\RandomForest\test_file_benign_only\YamlFileDumper_1.php,02/08/2025,89448db032aa5a54a4e78be766869e39,416ae9f5ec98aea21513d7e97becde4796ea9360,.php
C:\Users\dinht\Documents\RandomForest\test_file_benign_only\YamlFileLoader.php,02/08/2025,7f667e85146b63184c009c2b88daffd8,029d60e9e2a6ca4fd2f0e34cdea5ba57b54f1a5f,.php
C:\Users\dinht\Documents\RandomForest\test_file_benign_only\YamlFileLoaderTest.php,02/08/2025,baf5e3c365b2cf6d53ebd9fb694d245b,4e4e3e98092483cd728e3840924da8824ac8961d,.php
C:\Users\dinht\Documents\RandomForest\test_file_benign_only\YamlFileLoaderTest_1.php,02/08/2025,e0070997ee071e5b941802da65ff4365,48a36efdbbbc0e7ad1a024b1f6a138d2ab8c06b6,.php
C:\Users\dinht\Documents\RandomForest\test_file_benign_only\YamlFileLoader_1.php,02/08/2025,0db33c2617032bdca0b3539fb12d4976,290e1c612d12be52a94a2b0795b6a5f90af59a58,.php
C:\Users\dinht\Documents\RandomForest\test_file_benign_only\YamlFixtureTest.php,02/08/2025,9a559bf7294579c8936880c6f4fe3e86,ca22afa4ceff80cddfd440d50444ac46d8c0d50a,.php
C:\Users\dinht\Documents\RandomForest\test_file_benign_only\YamlReader.php,02/08/2025,6129216d3304e71411f1022696310913,8f21200d42c3867d09d63f4c52d781eefc4ed9df,.php
C:\Users\dinht\Documents\RandomForest\test_file_benign_only\YandexController.php,02/08/2025,82cc9d0c4568d5865c43aeeacaebdba2,9501ed84f5ee5fe165ef8cf7af5e3bedc5f48ca6,.php
C:\Users\dinht\Documents\RandomForest\test_file_benign_only\Yar.php,02/08/2025,0da81374bd2c66b8b43ee90d538bf678,412d6ca7bfa46ddf26fdf11e8a729c804eded784,.php
C:\Users\dinht\Documents\RandomForest\test_file_benign_only\YarnApplication.php,02/08/2025,31bfb252dac96624754d18f4f8bbbf48,5c1f23d7786feab9ec614fb8853555b0ad5fb57a,.php
C:\Users\dinht\Documents\RandomForest\test_file_benign_only\yav.php,02/08/2025,dfe84e49503a0641a5c81b75cdd9bbe1,5657789d81cbedaf0c393053d1c3d156c3f59853,.php
C:\Users\dinht\Documents\RandomForest\test_file_benign_only\yav_cm.php,02/08/2025,e1311295ee1b19f1a884ad97acb44508,620edc8350338b8c7d40e4519472801ee3f743fb,.php
C:\Users\dinht\Documents\RandomForest\test_file_benign_only\YawikInstaller.php,02/08/2025,555229b8b37df1672918769aa4cb5773,576bff942a50e0ee0f13609fb961f5f31f4dfcd5,.php
C:\Users\dinht\Documents\RandomForest\test_file_benign_only\YearTransformer.php,02/08/2025,2634b0f9f6a554b3e11bfa36fea4e8a8,b1f1013339089a7095561ed08e4e05a4b5ca2732,.php
C:\Users\dinht\Documents\RandomForest\test_file_benign_only\yes-no.php,02/08/2025,8fac28cc267bbbcca60a490e9ae1bd00,35626458ff1e08ada3258d153369e7a437afdc88,.php
C:\Users\dinht\Documents\RandomForest\test_file_benign_only\yesNo_defaultvalue_widget.php,02/08/2025,404d914114b9a6bb189ef68a9848dfbb,10fe5d584d09c183e7745e9d41d67773075a5c11,.php
C:\Users\dinht\Documents\RandomForest\test_file_benign_only\YieldFrom.php,02/08/2025,b96c22ddf6cfc67dbb25f9d58bd66d5f,c57583a3e1fddf5b1c96bbd57edf285386e6c590,.php
C:\Users\dinht\Documents\RandomForest\test_file_benign_only\Yield_.php,02/08/2025,fd6ffa49c5b182919e4d100f80e7fd20,1b8da8dd4ca62e739b817c5c132448138f944810,.php
C:\Users\dinht\Documents\RandomForest\test_file_benign_only\yii.php,02/08/2025,8122615f017d1d5ce7007e3826a5459b,2dcfabe371921943a6753ce07b5d721169a740be,.php
C:\Users\dinht\Documents\RandomForest\test_file_benign_only\YiiBase.php,02/08/2025,dce3b1ce61403b841aa564e9a3653828,3f372e8163cc25b3e24f0990f9db437f1a604266,.php
C:\Users\dinht\Documents\RandomForest\test_file_benign_only\yiic.php,02/08/2025,4cd3a1f9c88a66a23da26ff20274ab62,d3cef82889fd08c0ec4b16725aa47fb6c5d931ca,.php
C:\Users\dinht\Documents\RandomForest\test_file_benign_only\yiic_1.php,02/08/2025,f03106187af6779a378aecfac40905af,7f891c6780bee20fc2e5dee009a70b25fa6fb2e2,.php
C:\Users\dinht\Documents\RandomForest\test_file_benign_only\yiit.php,02/08/2025,405a6a9353a2dd004c4bc0a7ee38f76f,036973a0380d567dd4c61eaf273b2c2fe39ccbe2,.php
C:\Users\dinht\Documents\RandomForest\test_file_benign_only\YiiWheels.php,02/08/2025,309a99448dd113464a7e88829aeaa1d2,80a3989a95e8fdde3edc27baa199e65b068ba8f9,.php
C:\Users\dinht\Documents\RandomForest\test_file_benign_only\yii_1.php,02/08/2025,b78950d4c67c5319f95f2b54bda08a0f,18c9301b900ce0e06896b9f106cdc178756a985f,.php
C:\Users\dinht\Documents\RandomForest\test_file_benign_only\yii_10.php,02/08/2025,7bbe94811520a57f61c979107f533492,a49a76c7cdaa69625cadc5e12edad30d68b64c41,.php
C:\Users\dinht\Documents\RandomForest\test_file_benign_only\yii_11.php,02/08/2025,e1ecca4a32303ce2ba4bcede57a61129,66279eb9998160124a135b93681cce5686ea8e35,.php
C:\Users\dinht\Documents\RandomForest\test_file_benign_only\yii_12.php,02/08/2025,9e62834be42c8e824ef480b8ad27cb2d,543803ca56604b19f72314799820fa8d6609ed23,.php
C:\Users\dinht\Documents\RandomForest\test_file_benign_only\yii_13.php,02/08/2025,ca06bd40b43a639d2e47bfe49cea6d32,a279ed11c02a833ec6ba89982a6fe2bb5162048b,.php
C:\Users\dinht\Documents\RandomForest\test_file_benign_only\yii_14.php,02/08/2025,bfc53372379e61a021901fcf3821ffbf,6666022769bc98c6aefd9f2216ae1fb784e81d8b,.php
C:\Users\dinht\Documents\RandomForest\test_file_benign_only\yii_15.php,02/08/2025,cf069c66772bd1da72a81e69f9c6bfcb,dead1ff4bdd145c755be4da278830c80eb1090e6,.php
C:\Users\dinht\Documents\RandomForest\test_file_benign_only\yii_16.php,02/08/2025,9d78999c654b27c5443a22613c1df554,d2c3f4af5958fecf70f2a773f8dd57ea77e0c454,.php
C:\Users\dinht\Documents\RandomForest\test_file_benign_only\yii_17.php,02/08/2025,fee3e41dd597aea3ea48363d3d302f96,dc3ccc488c881d40559649e2f160d064aea22c3b,.php
C:\Users\dinht\Documents\RandomForest\test_file_benign_only\yii_18.php,02/08/2025,ed8e64c26f6ee8279fe67a4cef3f033d,d2805edbce5d93fb02d6b3f4578eeb30658caafa,.php
C:\Users\dinht\Documents\RandomForest\test_file_benign_only\yii_19.php,02/08/2025,2fe3ce1183ec88914fc7c4dcbb5a640b,36e0e2e988de4b3659d79f9ab6c1de1266ef7755,.php
C:\Users\dinht\Documents\RandomForest\test_file_benign_only\yii_2.php,02/08/2025,8e7cc6c69cf0728b233a500fe6505b8f,f04b53bce3ea9680e9e0db36fcc155cbed65186c,.php
C:\Users\dinht\Documents\RandomForest\test_file_benign_only\yii_20.php,02/08/2025,c1743aa6f9020a3c132dc29615c0001b,6e2cc96390cda5b31b88f6d6f65f6af2430d41bd,.php
C:\Users\dinht\Documents\RandomForest\test_file_benign_only\yii_21.php,02/08/2025,e85f8d8ef8c11303c68a99c9ea1eb97f,24b561f18448bbd1c1a72b2e36656d471b83c884,.php
C:\Users\dinht\Documents\RandomForest\test_file_benign_only\yii_22.php,02/08/2025,7e21707b57ed6178ad549501b333e8c0,3f17fcf8c9e74beda75203e105ca290c5d941ffb,.php
C:\Users\dinht\Documents\RandomForest\test_file_benign_only\yii_23.php,02/08/2025,d00e6f3660cae64a9513309fa5cdb4be,4d54b299fa39f7b8a38b6e232a85c0f8db611cd5,.php
C:\Users\dinht\Documents\RandomForest\test_file_benign_only\yii_24.php,02/08/2025,4fc70cb104d395d024b6575f31fdf300,d2f582880aabbed484d662ca0eb9aa4915c6c49b,.php
C:\Users\dinht\Documents\RandomForest\test_file_benign_only\yii_25.php,02/08/2025,fa46e6ac66817aab8a10e767c2c40767,9ec43653d342ee651c10dba3c3fa007d690ee32a,.php
C:\Users\dinht\Documents\RandomForest\test_file_benign_only\yii_26.php,02/08/2025,0144bedf5cc70742b1f8248e0b443576,e1fe1ed8a0d6bc47cd180172de6f2c94b31acbd9,.php
C:\Users\dinht\Documents\RandomForest\test_file_benign_only\yii_27.php,02/08/2025,90c32a7001687db6139edd0a7e0fc5f3,abf85192a22572857184ddadcb3116e1003d34a8,.php
C:\Users\dinht\Documents\RandomForest\test_file_benign_only\yii_28.php,02/08/2025,970f6dea9607d89d4d3d18c153056409,714174fb03e34b92a12b2a239a5f9ff07131dd54,.php
C:\Users\dinht\Documents\RandomForest\test_file_benign_only\yii_29.php,02/08/2025,d7fa6c455e006c7f125207e075978407,75ac08cdf7cc86b02b7f117b45d43a9ca5c63e9e,.php
C:\Users\dinht\Documents\RandomForest\test_file_benign_only\yii_30.php,02/08/2025,7e36bdee836a2e462537ce08ae1a18db,9c15e224fcd6cf7d28576e7252befda2bdbbc48f,.php
C:\Users\dinht\Documents\RandomForest\test_file_benign_only\yii_31.php,02/08/2025,ca41adf758a42b859d44efe87f75ed86,35a109a41a6c0606e3fe8e7f4fb478a677247ada,.php
C:\Users\dinht\Documents\RandomForest\test_file_benign_only\yii_32.php,02/08/2025,996723cb95224938154c29f42c376fcb,90015845b8214b5623d487a20b353ca99f5dad8e,.php
C:\Users\dinht\Documents\RandomForest\test_file_benign_only\yii_33.php,02/08/2025,0a7d1bcf4163fe39eda83d3aeef51506,56727dd82ac4ce181586e66158980c0f58845db2,.php
C:\Users\dinht\Documents\RandomForest\test_file_benign_only\yii_34.php,02/08/2025,574f617bb860fd7890a7395a067d2a15,11aa994b81f164905c56a77223da679f9ac990b5,.php
C:\Users\dinht\Documents\RandomForest\test_file_benign_only\yii_35.php,02/08/2025,9582c9f2a5c0db9ffeed5736902b51d6,11dbff95403ae92429542d030da31bb31a70bc84,.php
C:\Users\dinht\Documents\RandomForest\test_file_benign_only\yii_36.php,02/08/2025,add0aad637f9420798cb2f7fda4178bb,e23b0e1dc696873e0936d8734d63e8aa491bbe88,.php
C:\Users\dinht\Documents\RandomForest\test_file_benign_only\yii_37.php,02/08/2025,092109f4937c8f08f5988af2cfee3516,fe73916df7fe2ec15b1602b4d255234095c119ea,.php
C:\Users\dinht\Documents\RandomForest\test_file_benign_only\yii_38.php,02/08/2025,e904eb0c16fdfa3d9bda2a8cccc8d9b7,cbc1de15571411c49162c95e1f47d7bce6e8129d,.php
C:\Users\dinht\Documents\RandomForest\test_file_benign_only\yii_39.php,02/08/2025,611349ad37376cbcbb2b368540304dda,17df14c9d46886373f20f9907bf53d2807383b94,.php
C:\Users\dinht\Documents\RandomForest\test_file_benign_only\yii_4.php,02/08/2025,8febf704aece12a474d4e871b5038bd2,b11bff990c0c6e8419998853a15e3cc4799d6c96,.php
C:\Users\dinht\Documents\RandomForest\test_file_benign_only\yii_40.php,02/08/2025,7f3bf383fddc74e5193f86449089796e,fe9708ddd08455dd1d146d026d3f0ce06cf2ff03,.php
C:\Users\dinht\Documents\RandomForest\test_file_benign_only\yii_5.php,02/08/2025,3eaedfc4a06fc199e2139e7bcfaec0be,ee5b6a1ce7c6ef0cc778ec7289e2cef124c95a41,.php
C:\Users\dinht\Documents\RandomForest\test_file_benign_only\yii_6.php,02/08/2025,a4d689a81542f37a24709779189f1da5,68b8ce8e7d2932766cbd8103e4ec8411d32ad408,.php
C:\Users\dinht\Documents\RandomForest\test_file_benign_only\yii_7.php,02/08/2025,5ff01c6042df55050a2f671010fa86b3,ec45613f3f6fb6f616d2d4a10ebbdb9cb3bbade5,.php
C:\Users\dinht\Documents\RandomForest\test_file_benign_only\yii_8.php,02/08/2025,ff21a5e44cc034dcd4f65f49b373b21f,8c6d7f70245f60d1a8084da6882db7eeec05c79b,.php
C:\Users\dinht\Documents\RandomForest\test_file_benign_only\yii_9.php,02/08/2025,493d1e147ba00a35f2bfa56d8cd239ce,7474945699aa840d75dc112f40e51ae7099e3623,.php
C:\Users\dinht\Documents\RandomForest\test_file_benign_only\Yml.php,02/08/2025,dd3aab0dab5152819c782d0d5ea94ecc,f5eef48ee9bbc57ea0b212bc10323f673bb295c6,.php
C:\Users\dinht\Documents\RandomForest\test_file_benign_only\yo.php,02/08/2025,b6b38690699818f36c8d0b36417ada13,2d5b2e944e4f0891063b2fb186694abaaa879771,.php
C:\Users\dinht\Documents\RandomForest\test_file_benign_only\youke.inc.php,02/08/2025,30335ef8c04037ed0a529355bd28fb62,fc66c05f010790c04f1775a32591546e46d2a1c9,.php
C:\Users\dinht\Documents\RandomForest\test_file_benign_only\Youke.php,02/08/2025,3fbd3b7f7407879ca661a53f246419f4,e312fdce90b39088cb13684cab4ac6b41ebfc45c,.php
C:\Users\dinht\Documents\RandomForest\test_file_benign_only\youtube-responsive.php,02/08/2025,5207abe97a317abc52210c5c8190b42b,440b9d1aaf91403353add7a82ca649098fb7868e,.php
C:\Users\dinht\Documents\RandomForest\test_file_benign_only\youtube.php,02/08/2025,464daec7a5521bb252eda9dbd1fc5e3f,fa58de84752f09259da28bc7b8836e5a958ff135,.php
C:\Users\dinht\Documents\RandomForest\test_file_benign_only\YouTubeAnalytics.php,02/08/2025,c3fe0b417d63fa8a1f3c217b97a3ad03,1a2186d36bc400410954a2bbf93109845807df4f,.php
C:\Users\dinht\Documents\RandomForest\test_file_benign_only\YouTubeReporting.php,02/08/2025,6b799d40da932e886a90e1f273a7140f,183968794eb9c7a24125c557d345f13291b2cdba,.php
C:\Users\dinht\Documents\RandomForest\test_file_benign_only\YoutubereportingEmpty.php,02/08/2025,76c05a97347f224fd75741c16b593f2f,18549a364ff03c7602c065cd0ee14d3c5e25c1a3,.php
C:\Users\dinht\Documents\RandomForest\test_file_benign_only\YouTubeVideo.php,02/08/2025,d36a4b2409679d6ede6811a86581c5ad,b5d47d4b3f58ee2c311315eacda980951551462f,.php
C:\Users\dinht\Documents\RandomForest\test_file_benign_only\YouTube_1.php,02/08/2025,dd0196d56dc2801710d1940bca2df18d,84e7a0c5c212d40b1f493e4907df30484f95088a,.php
C:\Users\dinht\Documents\RandomForest\test_file_benign_only\YouTube_2.php,02/08/2025,55e74bac11f0cfab63e7c8967d194eff,4600fcd38ebd9dca02d90d6889a514aef2722362,.php
C:\Users\dinht\Documents\RandomForest\test_file_benign_only\YouTube_3.php,02/08/2025,f81bc6f7150ea7f0efe2d251f1bc9f3b,2044a172e2d6b9f6013333d6ce4b36cb1d2d5150,.php
C:\Users\dinht\Documents\RandomForest\test_file_benign_only\YouTube_4.php,02/08/2025,96f8c46f15c745940174b3b1fca25b4b,bda8a6061466ff0b25b8f9b65ccdb685cbd6302f,.php
C:\Users\dinht\Documents\RandomForest\test_file_benign_only\yo_ng.php,02/08/2025,0dec67a07fce8b2d3941df0738aaac04,20bd767fe5ffa411353f329aa8fbe03f96ef6c88,.php
C:\Users\dinht\Documents\RandomForest\test_file_benign_only\YUICompressor.php,02/08/2025,3ada081677d0cf118bba1f4b533b97cf,5e49512928ef447cd83c4a250b796056e6e3fb9a,.php
C:\Users\dinht\Documents\RandomForest\test_file_benign_only\yzmlog.hook.php,02/08/2025,e940476ab659085a81dbb848c5078e18,f836260aeeff41608cdaff699969799f82f5c33d,.php
C:\Users\dinht\Documents\RandomForest\test_file_benign_only\Zan.php,02/08/2025,18fa9eacbb0bbc39a97a0ccd89b259c7,3325da68ccf51e96b3955783fd9e42d64d79b5c0,.php
C:\Users\dinht\Documents\RandomForest\test_file_benign_only\zapfdingbats.php,02/08/2025,191b3c2e856e750c06c0ba7987f902fb,140c1b781d5dfbef8a2ba19ac3b23499cc87e48d,.php
C:\Users\dinht\Documents\RandomForest\test_file_benign_only\ZapfDingbats_1.php,02/08/2025,2e1f736d90f12035b9746f889145d40d,fcc77f7479a587b2c82ffee4cf2721f3ca552597,.php
C:\Users\dinht\Documents\RandomForest\test_file_benign_only\zdb.class.php,02/08/2025,51baf54d3e4859865d81ed35a9a8739d,0cab96afc02056327ad58c0b125fe6b581e2c2e0,.php
C:\Users\dinht\Documents\RandomForest\test_file_benign_only\ZendDataCache.php,02/08/2025,ea438b0409996d058d562326a737dade,dd89527a5dddfb2323b998b710d0553aebb6a525,.php
C:\Users\dinht\Documents\RandomForest\test_file_benign_only\ZendDataCacheTest.php,02/08/2025,9bd6ada0f1afe789cf352641783f9cf7,7bd3273c465ed758be0eb7b7a79c016a29e14154,.php
C:\Users\dinht\Documents\RandomForest\test_file_benign_only\ZendFrameworkPaginatorAdapter.php,02/08/2025,62ecd2f979903e75eda97c28edd06ebd,9bc94bee1a3f4bcbebe9034743f8d463b08e2b36,.php
C:\Users\dinht\Documents\RandomForest\test_file_benign_only\ZendInstaller.php,02/08/2025,953c54820395f1108c573c6c1830d3b5,3f844ef3b8487dfa31fbf073ec447bcb99e97611,.php
C:\Users\dinht\Documents\RandomForest\test_file_benign_only\ZendLdapClient.php,02/08/2025,1e2daeed281022a7d3bf9a5dd4951a5f,16170f5f98fec0e51d4c6cd2f512185ea39d0cc1,.php
C:\Users\dinht\Documents\RandomForest\test_file_benign_only\ZendMonitorHandler.php,02/08/2025,dc2ee6716c9dee2ef3d420c41ac0dc2b,f86afe77cbd054f360333dc00a3d8e180b4cf3fc,.php
C:\Users\dinht\Documents\RandomForest\test_file_benign_only\ZendMonitorHandlerTest.php,02/08/2025,42fd05e970dcc02f9c1c99c914d98b84,4dbab5bcfdb0fa72ccc58f169f2a415318d2692d,.php
C:\Users\dinht\Documents\RandomForest\test_file_benign_only\ZendPlatform.php,02/08/2025,a20755bc554cfef6733ac64574c4f90e,a6a2512519bd406b10bd3ae91d3c713dd95fa7f8,.php
C:\Users\dinht\Documents\RandomForest\test_file_benign_only\ZendStorageCacheFactory.php,02/08/2025,6e4235c8c71ae8325bc005f428f6a71b,c6cb284715ab2e62ff12b1ff01f2958f5184a36c,.php
C:\Users\dinht\Documents\RandomForest\test_file_benign_only\zentaopms.php,02/08/2025,844ecc78fcc4a9d535a0101d6979030a,970d5b51c17c4d31607e0e10726e0986fbbe0e58,.php
C:\Users\dinht\Documents\RandomForest\test_file_benign_only\zerocase.html.php,02/08/2025,53f6d5cf7130996e1bec76a5c92d4694,7c977ac44ae250263338f3b6832e3a275ce89869,.php
C:\Users\dinht\Documents\RandomForest\test_file_benign_only\zfile.class.php,02/08/2025,aefd4438b9e43293a7268e98b3b0cd40,4d0b35dbda201241b0a21ea42f153bc133da4260,.php
C:\Users\dinht\Documents\RandomForest\test_file_benign_only\zh-cn.php,02/08/2025,744a581128b0fb343b0e012224c0703a,d35e5323f4646db765cd0529a06fe49659dc98b0,.php
C:\Users\dinht\Documents\RandomForest\test_file_benign_only\zh-cn1.php,02/08/2025,cf801720bb83000d21f9e107613ba606,04aec4d0708a297f02397f832b9f8504c2a8c48a,.php
C:\Users\dinht\Documents\RandomForest\test_file_benign_only\zh-cn2.php,02/08/2025,f241083e095d66e8eba3883a2a21ef9d,8309a581fbb47a6c36aa15fbb5de9def3c5a4ed0,.php
C:\Users\dinht\Documents\RandomForest\test_file_benign_only\zh-cn_1.php,02/08/2025,47305ba09134eb6af9bf1f4f64ffff56,05baee18e6f040ccf5ffbdc65580d5af375c518b,.php
C:\Users\dinht\Documents\RandomForest\test_file_benign_only\zh-cn_10.php,02/08/2025,c39f9d522c59212d0aa20c2e82508da7,283a48d3b30c6f7425732d6746489a8238a0ee9d,.php
C:\Users\dinht\Documents\RandomForest\test_file_benign_only\zh-cn_11.php,02/08/2025,bb09aad1fd523323ba6b7c635ad156c1,2ac027e5d43e19e11d2a1ad1fe7f43b13512abfd,.php
C:\Users\dinht\Documents\RandomForest\test_file_benign_only\zh-cn_12.php,02/08/2025,bd0e1e4f0c412a02122d6c0e4edfc729,b3942b4c276442b28d4711a67ce013329de119a9,.php
C:\Users\dinht\Documents\RandomForest\test_file_benign_only\zh-cn_13.php,02/08/2025,d6c4a01b43bf12ff435188c1970071a0,1698b71aaf2bf48067075fc8dab14c72bb189a6b,.php
C:\Users\dinht\Documents\RandomForest\test_file_benign_only\zh-cn_14.php,02/08/2025,b6a1aaa085cbd09fa5ea6150b4074f02,848e13bd89704074a5af298e5e8e2616914ed8f2,.php
C:\Users\dinht\Documents\RandomForest\test_file_benign_only\zh-cn_15.php,02/08/2025,60563c8393b267f64889e041dbe43068,307d01b6925af0b29c3b0f173d991321df0b00ef,.php
C:\Users\dinht\Documents\RandomForest\test_file_benign_only\zh-cn_16.php,02/08/2025,95391e1dc4783907d06cb19247dd9ca2,9e360b51e869da9be15874f7f22d4fba3e66eaa9,.php
C:\Users\dinht\Documents\RandomForest\test_file_benign_only\zh-cn_17.php,02/08/2025,ab4a92d52907e37f58c9acfb4dedbcd4,a81878e7372654098c8a58b868564e2e7c92cc7b,.php
C:\Users\dinht\Documents\RandomForest\test_file_benign_only\zh-cn_18.php,02/08/2025,0ef8b153a215fb61d943295b0805a624,c20838414306a8b68da4d953df895d9574fa2894,.php
C:\Users\dinht\Documents\RandomForest\test_file_benign_only\zh-cn_19.php,02/08/2025,a9241348955c47315d9471c67ca86ad7,b741ba5e1f456b4b2dd40f093754efa8274ff998,.php
C:\Users\dinht\Documents\RandomForest\test_file_benign_only\zh-cn_2.php,02/08/2025,192f34db97715c7f443d93eb3acd968e,5565c6d2047cf82f9862315e76e7d4170b4496aa,.php
C:\Users\dinht\Documents\RandomForest\test_file_benign_only\zh-cn_20.php,02/08/2025,23206a2eb050a9604879824e4d69020f,1d98d9fa7b9a20d4b3215450d77d40f04eae9827,.php
C:\Users\dinht\Documents\RandomForest\test_file_benign_only\zh-cn_21.php,02/08/2025,ce00ae08140667879b04506b19256749,b8d25b0f43bc249d1fe94006c4e0ede91e7be810,.php
C:\Users\dinht\Documents\RandomForest\test_file_benign_only\zh-cn_22.php,02/08/2025,8801214db4e4ecdd0eff2c680d163384,1ae1eb82c352fee6d21b92674736a6a9dc81b2df,.php
C:\Users\dinht\Documents\RandomForest\test_file_benign_only\zh-cn_23.php,02/08/2025,b70759c048bb8776bcd3251f9fb7c535,42f902943c08148e94ea88af0e70bbcd22052b14,.php
C:\Users\dinht\Documents\RandomForest\test_file_benign_only\zh-cn_24.php,02/08/2025,4dec816078c05fcd46dda85f7ba4d518,d906e2fa2ca65fcddc6d6b7c2249d14a8759c3b2,.php
C:\Users\dinht\Documents\RandomForest\test_file_benign_only\zh-cn_25.php,02/08/2025,6a810299a47784703f89de93c799f32a,145aa0cfc788430f43ab1b34eda73927c66b4ab2,.php
C:\Users\dinht\Documents\RandomForest\test_file_benign_only\zh-cn_26.php,02/08/2025,377ff7e3e01f14b7d5ba6169e54e7e43,47fb7920c2d7ccb763c69055eafa5ad22241e707,.php
C:\Users\dinht\Documents\RandomForest\test_file_benign_only\zh-cn_27.php,02/08/2025,cef03be493a26f290ea48d1ca22f8a50,9dd5e5b805471f9bd8a59d02cf4e22e0fc77108d,.php
C:\Users\dinht\Documents\RandomForest\test_file_benign_only\zh-cn_28.php,02/08/2025,8a34bb8cdaa7b7037161e2d664a97008,5b248c4af7182686f7f6369885fcc3bae59bebe4,.php
C:\Users\dinht\Documents\RandomForest\test_file_benign_only\zh-cn_29.php,02/08/2025,8fd8ec8380106e2f65b552b8f9eb63a6,30112c9681d37c14bad061c455cf822e63f48dd7,.php
C:\Users\dinht\Documents\RandomForest\test_file_benign_only\zh-cn_3.php,02/08/2025,36d9c5ee0ccf8016b7e5b7cbc4e1d884,ed259e672fba200afb5539f751ca5f86eb7a8b1e,.php
C:\Users\dinht\Documents\RandomForest\test_file_benign_only\zh-cn_30.php,02/08/2025,94078a12d5cd3fb87b0ea1fb2782a851,7fbd0eb4faa268063bead8f363e8bedc103e67b6,.php
C:\Users\dinht\Documents\RandomForest\test_file_benign_only\zh-cn_31.php,02/08/2025,2df12672414e205031b7ad367b3c4bf4,1d177d16168a20a294f4115ffb2ca53f39f38b96,.php
C:\Users\dinht\Documents\RandomForest\test_file_benign_only\zh-cn_32.php,02/08/2025,2547fe1befe3f18207a579dea372ce79,894cfc6cb21befa3259058f7a6281074e6e42872,.php
C:\Users\dinht\Documents\RandomForest\test_file_benign_only\zh-cn_33.php,02/08/2025,7560a217b37e333072f745e6bb87c870,ab19fe3e6e0612e0bc6a57bdf63ca4e2a72ec1e8,.php
C:\Users\dinht\Documents\RandomForest\test_file_benign_only\zh-cn_34.php,02/08/2025,1ce6a3d576d439e5ad7b4ed8419dfd85,750a31a9dd88af49696441aa705ca84be394479f,.php
C:\Users\dinht\Documents\RandomForest\test_file_benign_only\zh-cn_35.php,02/08/2025,95ea97d73596f7788e124a0148f025d0,5ddc323b5859cc149cf7396cd88c15badf2f1505,.php
C:\Users\dinht\Documents\RandomForest\test_file_benign_only\zh-cn_36.php,02/08/2025,92a4dac47bfb153b8d587653bc4c37be,9a86add3d5951317694cab064e002f1475bf0173,.php
C:\Users\dinht\Documents\RandomForest\test_file_benign_only\zh-cn_37.php,02/08/2025,8bd9fb170d822f4ef7469a86df6942e3,e709838194027f26993829011e6278772eab830c,.php
C:\Users\dinht\Documents\RandomForest\test_file_benign_only\zh-cn_38.php,02/08/2025,4e6fd390f15cd535c76380b837938613,aeb7d529c2d2c866e0756790f7ad58c48a0970f5,.php
C:\Users\dinht\Documents\RandomForest\test_file_benign_only\zh-cn_39.php,02/08/2025,906264a320e161eae0b4e58ba682673f,db0632a293d3b96f77ed417d6320511c0ef39bfe,.php
C:\Users\dinht\Documents\RandomForest\test_file_benign_only\zh-cn_4.php,02/08/2025,ca8c5ad90809b58d6f5ea17c0e977085,c7ac9530b2d47a79ad09f85b0799b3f6dac237a4,.php
C:\Users\dinht\Documents\RandomForest\test_file_benign_only\zh-cn_40.php,02/08/2025,567b2d64ba4812db9428886a6780dd63,7e7912ba4895539991978dae9d65b67d2f0a5ed2,.php
C:\Users\dinht\Documents\RandomForest\test_file_benign_only\zh-cn_41.php,02/08/2025,c081a7261334d88e0d7754ebd15f29a2,1c1edcb4b772ed597527ffb2a0a9b4bd4bcff548,.php
C:\Users\dinht\Documents\RandomForest\test_file_benign_only\zh-cn_42.php,02/08/2025,8e745a074fdbfa3683e460ed3fb412d8,16eaf972668796719d944fdd49a0f2512e26a02a,.php
C:\Users\dinht\Documents\RandomForest\test_file_benign_only\zh-cn_43.php,02/08/2025,fa441b4a63c7ecf2001526338aaa5281,ff7662367991683bc4beb3abbe84394e7c47bb0d,.php
C:\Users\dinht\Documents\RandomForest\test_file_benign_only\zh-cn_44.php,02/08/2025,b04145c9d79d9300d7ce2bd8ec8e27e7,22579517c7c4a33942b3b75bb99d0711099ebb8b,.php
C:\Users\dinht\Documents\RandomForest\test_file_benign_only\zh-cn_45.php,02/08/2025,461a9d2fd23a8ecefd94f0aa4ce8e975,11cd91208253e8273e6e03f7efaf33179b53ce59,.php
C:\Users\dinht\Documents\RandomForest\test_file_benign_only\zh-cn_46.php,02/08/2025,7589b9119cf7d09db4404382a146da02,f57d34c2802be05d771e8c6a994081b55963aa92,.php
C:\Users\dinht\Documents\RandomForest\test_file_benign_only\zh-cn_47.php,02/08/2025,993fbe314ef889707f3745d18ed28c77,7ebc227cf6665d59b709154c07728b8d89a8fbcd,.php
C:\Users\dinht\Documents\RandomForest\test_file_benign_only\zh-cn_48.php,02/08/2025,ceafbc29bc6a2a00ee185e2e7509b5ff,dc074d72f942ddb99e2fcdfdb03e02c3b9ae3efa,.php
C:\Users\dinht\Documents\RandomForest\test_file_benign_only\zh-cn_49.php,02/08/2025,98a627b480c3dfb7cc1968175cdb0075,a4f10b2136e4feb2957d754fcb11d31c8a496984,.php
C:\Users\dinht\Documents\RandomForest\test_file_benign_only\zh-cn_5.php,02/08/2025,82301e2c6263ac7aaef5860314e2a4e3,f91d32806868e026696c05f41fecc008f07098ce,.php
C:\Users\dinht\Documents\RandomForest\test_file_benign_only\zh-cn_50.php,02/08/2025,20ab8085bf9c3746c9437c5cd557dbf0,a4917aa56a0f5f51a5291f52b48d71a5f7b8e19e,.php
C:\Users\dinht\Documents\RandomForest\test_file_benign_only\zh-cn_51.php,02/08/2025,eda9932d0f52f4e7b560ef79d91a5bfc,58b852e92ede5033bb862dccb7cc86f43fda8a32,.php
C:\Users\dinht\Documents\RandomForest\test_file_benign_only\zh-cn_52.php,02/08/2025,ff31f57381f9eaaa9bd3a95bb377c918,404af0664d9c676b4889a59528ca723b58b354ec,.php
C:\Users\dinht\Documents\RandomForest\test_file_benign_only\zh-cn_53.php,02/08/2025,93b3cd874f1dadbb70af5a50236671c3,6d64cc7a2b38f13f467421d15919cba5e17251aa,.php
C:\Users\dinht\Documents\RandomForest\test_file_benign_only\zh-cn_54.php,02/08/2025,4c6134a2b3d89e06b5ec807b86b5a30e,5d3cdf6542b73df8d35e4ef121929f0eabfe767f,.php
C:\Users\dinht\Documents\RandomForest\test_file_benign_only\zh-cn_55.php,02/08/2025,972929a4b519823ec067f3b5c26c49ad,3ac1a9b621527e6e4647a32f05f42dffe7024443,.php
C:\Users\dinht\Documents\RandomForest\test_file_benign_only\zh-cn_56.php,02/08/2025,7d5fbdeeeac1fd633c9cd6c6411a761b,2b42d588446aa4942e8a453b8a03c50c871d56c1,.php
C:\Users\dinht\Documents\RandomForest\test_file_benign_only\zh-cn_57.php,02/08/2025,ec7abdb15edfb4e6d08b89fd60b5e641,ce8a00b01fc1a1246c9073c30a1bf966dfa4cc25,.php
C:\Users\dinht\Documents\RandomForest\test_file_benign_only\zh-cn_58.php,02/08/2025,7918ba2e98d771f1fbc46d79cb3df23b,72d47c958e382c16a7545c3b8fbca2c829d74da1,.php
C:\Users\dinht\Documents\RandomForest\test_file_benign_only\zh-cn_59.php,02/08/2025,31fbbbb67e9cd517b783a4bd62000b8b,5a87d5701c8454854fd374c615ee04f24bb4d438,.php
C:\Users\dinht\Documents\RandomForest\test_file_benign_only\zh-cn_6.php,02/08/2025,aab4c2aefdff3f616ba0bc94698670b1,1b935e68625f43d57d6b2927ec82ffb07da6ad17,.php
C:\Users\dinht\Documents\RandomForest\test_file_benign_only\zh-cn_60.php,02/08/2025,c9a6b55aea7b39254791c777ad63429f,8b6ace68a5d182e990205b0bfbfdd27769424227,.php
C:\Users\dinht\Documents\RandomForest\test_file_benign_only\zh-cn_61.php,02/08/2025,6eb6bf55ded66296bac572869397af41,06eabf21fb995e56c2ae8edd7c5db98851166932,.php
C:\Users\dinht\Documents\RandomForest\test_file_benign_only\zh-cn_62.php,02/08/2025,4c15a3682af5f0a59da30034bb0b3270,a7ba14ffa3e810d1b0f174611dff2b5c2ddee7e1,.php
C:\Users\dinht\Documents\RandomForest\test_file_benign_only\zh-cn_63.php,02/08/2025,2491c9f90d2b10c6f5aa2b766ca16848,7e1f8b149c8183051bb8ba32d0c56f29591a112b,.php
C:\Users\dinht\Documents\RandomForest\test_file_benign_only\zh-cn_64.php,02/08/2025,ea410676a61ca236f2b24c88486fb386,dc711e818d7e1d123259a103aa612416c272b1d3,.php
C:\Users\dinht\Documents\RandomForest\test_file_benign_only\zh-cn_65.php,02/08/2025,1dad93bbfec22f7f33589a4e01146ee7,b32e832fc58204f047d1eb1d47e5a532f47967d6,.php
C:\Users\dinht\Documents\RandomForest\test_file_benign_only\zh-cn_7.php,02/08/2025,114e34b4994ccaf07fccca0f2fc505a4,977ee42a50f71d4c011088bf027b8eb0d1bed06c,.php
C:\Users\dinht\Documents\RandomForest\test_file_benign_only\zh-cn_8.php,02/08/2025,9f989799f7802f58b60b13018fc5fa4c,c30ac9ea90e0a3e6f19750d280db3a052bd39ae7,.php
C:\Users\dinht\Documents\RandomForest\test_file_benign_only\zh-cn_9.php,02/08/2025,435e52ca89c049e72c420270cbdc67c7,3c44365af915589fee790de2a45a78289b25477e,.php
C:\Users\dinht\Documents\RandomForest\test_file_benign_only\zh-hk.php,02/08/2025,3e4733745953d6960cbcef55c17086f1,2cb272a218e369d01b387282289c64a50e3730c7,.php
C:\Users\dinht\Documents\RandomForest\test_file_benign_only\zh-hk_1.php,02/08/2025,31ee4b23f04906ea890d86ad15941927,de7b8c474ab660311ca5efc7f215719ecf78ecef,.php
C:\Users\dinht\Documents\RandomForest\test_file_benign_only\zh-hk_2.php,02/08/2025,b8d6ddac9ad637df27a387a0aafd367c,722c416e223e610c22f83002e7652179d0335553,.php
C:\Users\dinht\Documents\RandomForest\test_file_benign_only\zh-hk_3.php,02/08/2025,ecd467db3e924b1f21cd22c31e7a7e05,02491f771e8541e3905e70118bce596120c7b426,.php
C:\Users\dinht\Documents\RandomForest\test_file_benign_only\zh-hk_4.php,02/08/2025,ea6f6416618d87f12d394426bcb4f0fe,a7e958e22ccc9bc952e322273734c610e9cad0fb,.php
C:\Users\dinht\Documents\RandomForest\test_file_benign_only\zh-hk_5.php,02/08/2025,6d112ff12e893961209d8cebf26d806c,3fddef1937e305e0b6d5a831f68f634077e6cd3c,.php
C:\Users\dinht\Documents\RandomForest\test_file_benign_only\zh-hk_6.php,02/08/2025,67f831c0017ff9338db7307828ba2566,0058eecb7f3559c4cbe5c8b434a32103176d8ea1,.php
C:\Users\dinht\Documents\RandomForest\test_file_benign_only\zh-hk_7.php,02/08/2025,3967600825c0dca3ac5dd2a99872a627,cba1fa9d5bc355bcf927334a8414d4540fdba791,.php
C:\Users\dinht\Documents\RandomForest\test_file_benign_only\zh-tw.php,02/08/2025,2804a70d979a6ecc609b05b48a22c447,671e39403c05b50e14652a6b27f2b728010864e6,.php
C:\Users\dinht\Documents\RandomForest\test_file_benign_only\zh-tw_10.php,02/08/2025,e65d0c579dc75d3d52cc5dde694ef161,0bd2cf719a3802cfa630eabd9a7eed24e9702946,.php
C:\Users\dinht\Documents\RandomForest\test_file_benign_only\zh-tw_11.php,02/08/2025,eff6631dbb9a930f431985d91e8d9f47,b4db3730cfad2952ba223f1c3c52845930de5042,.php
C:\Users\dinht\Documents\RandomForest\test_file_benign_only\zh-tw_12.php,02/08/2025,66cd3f07eb77e126686019fb68c66bfd,ed17c14909b85d0a332e32fc19c0c352ce1463b3,.php
C:\Users\dinht\Documents\RandomForest\test_file_benign_only\zh-tw_13.php,02/08/2025,e94ca5bb1be7a3f359e7cf06d2913f13,787f9e65227005f54ac91acb0ad28b03dd875ca5,.php
C:\Users\dinht\Documents\RandomForest\test_file_benign_only\zh-tw_14.php,02/08/2025,3ddcaf1efa9f7845303915278ef4f278,35b00f1e4937366e1df0d28f84d2802a916d7b03,.php
C:\Users\dinht\Documents\RandomForest\test_file_benign_only\zh-tw_15.php,02/08/2025,7997b47f176dcf290642b34db5e7ba2f,d30435f0369df63e3c2bb8f36650cb0d54f44db1,.php
C:\Users\dinht\Documents\RandomForest\test_file_benign_only\zh-tw_16.php,02/08/2025,e221685ea29faa2e66f0f405c7a6cca4,9293bb36715365c2a45b3f41ffb80b828c91a704,.php
C:\Users\dinht\Documents\RandomForest\test_file_benign_only\zh-tw_17.php,02/08/2025,fc151f481afead3cc76cb20f36f3d660,45e8df4d6b56ebdd3032be8979631a2c75c9575a,.php
C:\Users\dinht\Documents\RandomForest\test_file_benign_only\zh-tw_18.php,02/08/2025,06c75e3f34056185c62f292b9bb4bb72,0a4b78fc5e2681fefa742c135b9b76f99b6e8b1c,.php
C:\Users\dinht\Documents\RandomForest\test_file_benign_only\zh-tw_19.php,02/08/2025,210e8a4d4dfec3e3a69df7d02ac6ff34,ef0351b6daa9d8bb66460a4d9bb6e78d86bba3a6,.php
C:\Users\dinht\Documents\RandomForest\test_file_benign_only\zh-tw_20.php,02/08/2025,3577c8e6464a6bd448da346f374e3457,91ed796cc6c3b635eefa459cd09fc919b5b7f59c,.php
C:\Users\dinht\Documents\RandomForest\test_file_benign_only\zh-tw_21.php,02/08/2025,0a03d3e84de2318546e23c352c49bf49,757132321456aaa318ee78ced43dae783a7ec569,.php
C:\Users\dinht\Documents\RandomForest\test_file_benign_only\zh-tw_22.php,02/08/2025,e86c74cff2cf7f1aef2adfeef2fd5fac,de63feeb7b398ef2ba5549f42250518790809b78,.php
C:\Users\dinht\Documents\RandomForest\test_file_benign_only\zh-tw_23.php,02/08/2025,2620d9e598ec4b05aa8316885e8656b0,75ca7555e2427abbe13079709605690cdc4d17bf,.php
C:\Users\dinht\Documents\RandomForest\test_file_benign_only\zh-tw_24.php,02/08/2025,38f9495880ee65b1853aca0ee46f83f1,9c8a35e3152b5b32680a3a8e93272fd8db0a22c6,.php
C:\Users\dinht\Documents\RandomForest\test_file_benign_only\zh-tw_25.php,02/08/2025,7a576639710420fabaa44180d6c53f74,6a8ce05fee13c5620bd605ae9b02cd7131577f36,.php
C:\Users\dinht\Documents\RandomForest\test_file_benign_only\zh-tw_26.php,02/08/2025,c0c807a64733a75d2fee07e1989e33c6,5ed3405c9af17ff7912678b5e245fbe8e42b2032,.php
C:\Users\dinht\Documents\RandomForest\test_file_benign_only\zh-tw_27.php,02/08/2025,63f1d582f3ba1395a3d6b64c878af112,1308b3e439bafcd99dd08973faa426e4c1ad72ea,.php
C:\Users\dinht\Documents\RandomForest\test_file_benign_only\zh-tw_28.php,02/08/2025,18d1d832aa238b1804af917d695003c8,36e079cba27211460a5dfc5524a1343536d23858,.php
C:\Users\dinht\Documents\RandomForest\test_file_benign_only\zh-tw_29.php,02/08/2025,fae50a430dc38fd63aed953de98b4b8c,256f2061e7507dcd693cf51aa7f4f76102478df2,.php
C:\Users\dinht\Documents\RandomForest\test_file_benign_only\zh-tw_30.php,02/08/2025,979d6d0bfaa873102e6361e92a8cfa09,fd2ef27634d9767802ae023e9364cbda333dc4c9,.php
C:\Users\dinht\Documents\RandomForest\test_file_benign_only\zh-tw_31.php,02/08/2025,1c159bd8fc84cbf17d60c11f63cf473a,7d7088794f6e4b0061ee498baab4a5fb9e659530,.php
C:\Users\dinht\Documents\RandomForest\test_file_benign_only\zh-tw_32.php,02/08/2025,fa639b0d5fc05dec2f353c6fffa7aaf0,86368fe32190d4e5afe9a8dc149c56c881cc4a41,.php
C:\Users\dinht\Documents\RandomForest\test_file_benign_only\zh-tw_33.php,02/08/2025,963db6d36302d9a3d1adf71967db2157,1863588644cc384158274a82c6c87cd1cd6ff485,.php
C:\Users\dinht\Documents\RandomForest\test_file_benign_only\zh-tw_34.php,02/08/2025,47ba689252a67d2a02549fbf706c99cc,57ecda3570c6761fab4999e388dacf6268be713e,.php
C:\Users\dinht\Documents\RandomForest\test_file_benign_only\zh-tw_35.php,02/08/2025,954580ce76ee7924107fb32004ddbaaf,e1c4a2c6e87ba4d19fba25fbec6c94e269a33031,.php
C:\Users\dinht\Documents\RandomForest\test_file_benign_only\zh-tw_36.php,02/08/2025,5154ddcf839b51856794295720498956,a7acfe0c19b1566be9800ce7c3f24e65f7c369d2,.php
C:\Users\dinht\Documents\RandomForest\test_file_benign_only\zh-tw_37.php,02/08/2025,500043f5956c9ff68c8cf639517e3835,c952695ffac75c505f5f88f1a55195738eb7a55d,.php
C:\Users\dinht\Documents\RandomForest\test_file_benign_only\zh-tw_38.php,02/08/2025,662fe1854021ab5c2ec6f9e6ed55a5fb,b338d3193ca00b8d64d2c0082ab56ea20c032026,.php
C:\Users\dinht\Documents\RandomForest\test_file_benign_only\zh-tw_39.php,02/08/2025,218fdcc0d6fd9f533e0b7d697b6b773c,86a5a631007f65c303b97b79aafea101103c0636,.php
C:\Users\dinht\Documents\RandomForest\test_file_benign_only\zh-tw_40.php,02/08/2025,f4dfb8e1c8315e9db83cb115713095f5,dc7601546bb3e3e267fc31fd2d693f93ab04f107,.php
C:\Users\dinht\Documents\RandomForest\test_file_benign_only\zh-tw_41.php,02/08/2025,51dfafa18f1d2466794d1d9296516612,47a31ed88bd1f46335ec30267486d949df6d3dfb,.php
C:\Users\dinht\Documents\RandomForest\test_file_benign_only\zh-tw_42.php,02/08/2025,e5076da00704ce50a6067bfccbabf073,22383dc3ec54f6a76e955213bce193493de0e239,.php
C:\Users\dinht\Documents\RandomForest\test_file_benign_only\zh-tw_43.php,02/08/2025,218a3db9f93e112845d3b8f568f4f0ff,26790edc3d653a05693ab7a26f2c4ae7f8947828,.php
C:\Users\dinht\Documents\RandomForest\test_file_benign_only\zh-tw_44.php,02/08/2025,8821c299a4fb63a43978a7a5a7b882f3,e7de38fed04e9e16401db02e43967c72b6a05d0e,.php
C:\Users\dinht\Documents\RandomForest\test_file_benign_only\zh-tw_45.php,02/08/2025,bf693342eacf63a50833b6fd61ddc277,633d8f3b2d474f4c2abde6e7c7cda916b88df859,.php
C:\Users\dinht\Documents\RandomForest\test_file_benign_only\zh-tw_46.php,02/08/2025,7d5a96b5bbb153ea4ceffda6543812af,051ef8701a65813464d5e93e51afa932990c738c,.php
C:\Users\dinht\Documents\RandomForest\test_file_benign_only\zh-tw_47.php,02/08/2025,de644c1cf9cd634d00a9be7ab61a4c20,bee7a4c90811df5b02f26b7db0c0a575fc660cef,.php
C:\Users\dinht\Documents\RandomForest\test_file_benign_only\zh-tw_48.php,02/08/2025,4765583a66b7c4c83b43a2695965bf3a,dd2fcab45830576de9e312c99808493a6f234860,.php
C:\Users\dinht\Documents\RandomForest\test_file_benign_only\zh-tw_49.php,02/08/2025,504456287a707657dfc2146bcc31231e,01fc112058da4a6f685fb7a8dd7fa4cfb2bdcb54,.php
C:\Users\dinht\Documents\RandomForest\test_file_benign_only\zh-tw_50.php,02/08/2025,7e72d19265a7f09a7ec1d9926b329053,7c32c30969ba23fd9f12fa742b3b0c0c92f59af5,.php
C:\Users\dinht\Documents\RandomForest\test_file_benign_only\zh-tw_51.php,02/08/2025,35d3c987c4ec77933ffe64608625e565,88e1831de81ddf04b8e8ce560a596640e2e0ae49,.php
C:\Users\dinht\Documents\RandomForest\test_file_benign_only\zh-tw_52.php,02/08/2025,799f33a2d5e55053bbd9d7f9469c47f7,1946a7b464c8f9b5119254913f7bda6f082bd709,.php
C:\Users\dinht\Documents\RandomForest\test_file_benign_only\zh-tw_53.php,02/08/2025,73c409a4a7933c36077f3911fd7423ed,afd86ab302ed4a919cab7607bc00bbb83f171143,.php
C:\Users\dinht\Documents\RandomForest\test_file_benign_only\zh-tw_54.php,02/08/2025,f6c958efa2741e07428096934765c297,cfba81c6ba3f459594184bd4df162eb0222448f2,.php
C:\Users\dinht\Documents\RandomForest\test_file_benign_only\zh-tw_55.php,02/08/2025,fa1b32218b98b3c71014d65624271f42,a882bc572742c9d506344bc32042b04c92f1c74d,.php
C:\Users\dinht\Documents\RandomForest\test_file_benign_only\zh-tw_56.php,02/08/2025,57b857f7175cd4675e30754cc8d9bf3f,86e58b71e52df08f6f548b1248ac2a1f2bfe937a,.php
C:\Users\dinht\Documents\RandomForest\test_file_benign_only\zh-tw_57.php,02/08/2025,275f21af52dca980a9fe4340df0585cd,e6772c1c0c60c73a021c623c6dbcc2185beda7c8,.php
C:\Users\dinht\Documents\RandomForest\test_file_benign_only\zh-tw_58.php,02/08/2025,2e20239d363752c54fb25f68afde6c7e,5daba340830acce34144768e114eb8c89dd97455,.php
C:\Users\dinht\Documents\RandomForest\test_file_benign_only\zh-tw_59.php,02/08/2025,ca9cbe6baa0869aa32548ae5d7228e36,8051d74ba44a4c25228d691fc817267721113177,.php
C:\Users\dinht\Documents\RandomForest\test_file_benign_only\zh-tw_8.php,02/08/2025,9a2ae52f013c81c36a48fce065f49954,2446ee7cfbebdc7fd473647fb4288625e3dd04b4,.php
C:\Users\dinht\Documents\RandomForest\test_file_benign_only\zh-tw_9.php,02/08/2025,9dafe1113458bc1371dd9852ea0e9335,f2d9ba17bd9a20a12350f908d8ecb15adafd853b,.php
C:\Users\dinht\Documents\RandomForest\test_file_benign_only\zh.inc.php,02/08/2025,2468bb4eeb26a93f35934b81e687c173,34c823126542e7ec1a5169c8ddba1a61dee1815e,.php
C:\Users\dinht\Documents\RandomForest\test_file_benign_only\ZhimaAuthInfoAuthqueryRequest.php,02/08/2025,835f3ade6e28a8287b42f381b79c95f1,9b025ce1828ad6335c97eeafdc665bc788c75d57,.php
C:\Users\dinht\Documents\RandomForest\test_file_benign_only\ZhimaCreditAntifraudRiskListRequest.php,02/08/2025,d7d82851b2d91e5f49a0058fc1b566a1,da2a9196bccc966682e0f2c4a8a1b1ea327ed1ca,.php
C:\Users\dinht\Documents\RandomForest\test_file_benign_only\ZhimaCreditAntifraudScoreGetRequest.php,02/08/2025,e1344696489969311000ca4b85feaa4f,17d5e553fee673175523cb788a7535952b41cfcc,.php
C:\Users\dinht\Documents\RandomForest\test_file_benign_only\ZhimaCreditAntifraudVerifyRequest.php,02/08/2025,4fe53b2364bb78196c723062e3156af7,c37073a9bfa07a910986641d10180e5a73cf21b9,.php
C:\Users\dinht\Documents\RandomForest\test_file_benign_only\ZhimaCreditEpInfoGetRequest.php,02/08/2025,f73c8bbb93006462db5b6b724f3ab525,35a70e0e6a7459536c4f5aac6d5d9ad91b77bec2,.php
C:\Users\dinht\Documents\RandomForest\test_file_benign_only\ZhimaCreditEpLawsuitDetailGetRequest.php,02/08/2025,143468960488826be40f72d5c319be78,7018ac17feff142506f901883495eaba450ec85a,.php
C:\Users\dinht\Documents\RandomForest\test_file_benign_only\ZhimaCreditEpLawsuitRecordGetRequest.php,02/08/2025,55f77e1d0ce2328997bb3413ed0f64af,4f04eac35a5dd5bcc0ccd0598c2fdbde897e6ab8,.php
C:\Users\dinht\Documents\RandomForest\test_file_benign_only\ZhimaCreditEpScoreGetRequest.php,02/08/2025,2722825d73856b9d64a480d32b3536e8,0f9c77acd68dac39dd872729cd815f091ff74689,.php
C:\Users\dinht\Documents\RandomForest\test_file_benign_only\ZhimaCreditPeLawsuitDetailQueryRequest.php,02/08/2025,1348aff1232828d03e0cdc93a49702d5,3390a2c2e551b79e3be84b7026a4deecd40199d5,.php
C:\Users\dinht\Documents\RandomForest\test_file_benign_only\ZhimaCreditPeLawsuitRecordGetRequest.php,02/08/2025,77f869547846c9afa14df0a3dddca353,637c770b11417aa832d36422d26c23e60d93d4f5,.php
C:\Users\dinht\Documents\RandomForest\test_file_benign_only\ZhimaCreditScoreBriefGetRequest.php,02/08/2025,878edfa2f757404f77a7d0302b5d7750,e047064dd14d5d79a81eb2baaaf6cdbe0e5923b3,.php
C:\Users\dinht\Documents\RandomForest\test_file_benign_only\ZhimaCreditScoreGetRequest.php,02/08/2025,cedabf359869019d0c50ae12cea0d15f,984b91cc34af160666db1759506e0618b7cb5ab9,.php
C:\Users\dinht\Documents\RandomForest\test_file_benign_only\ZhimaCreditWatchlistBriefGetRequest.php,02/08/2025,3f975909e7ce5c1d486c5c6d10f38989,eeb8a97414e1f18eba99057f6ce4ee96ac55e15e,.php
C:\Users\dinht\Documents\RandomForest\test_file_benign_only\ZhimaCreditWatchlistiiGetRequest.php,02/08/2025,3f6abb5c0d97ccf4618095a83cd606e1,676ecb4009835f787db0c7e0b86599422b890916,.php
C:\Users\dinht\Documents\RandomForest\test_file_benign_only\ZhimaCustomerCertificationCertifyRequest.php,02/08/2025,0130359316862d1277a8dc6c99c5125b,441fa535bfd4899df7cd924a8b02f1afcdf11a14,.php
C:\Users\dinht\Documents\RandomForest\test_file_benign_only\ZhimaCustomerCertificationInitializeRequest.php,02/08/2025,c093a7595c4c4e9e05c2e6c2bb9fae9d,85a82a0bb714c6185028a6150fda46d58a8847c1,.php
C:\Users\dinht\Documents\RandomForest\test_file_benign_only\ZhimaCustomerCertificationMaterialCertifyRequest.php,02/08/2025,f6f042d82a535aaa37ec7e1300eaec99,7aa1b04fa33691f47c77adbebd1c6b27065ceefa,.php
C:\Users\dinht\Documents\RandomForest\test_file_benign_only\ZhimaCustomerCertificationQueryRequest.php,02/08/2025,a8434eaf8d03c7cc5c3c94fce41f6b8c,c200655bd7f7c8214e6e4c3f7bec870080d85dff,.php
C:\Users\dinht\Documents\RandomForest\test_file_benign_only\ZhimaCustomerContractInitializeRequest.php,02/08/2025,e744631d23febe756e63ae4b440fa5e5,639e40919e5f840c5ba308c152507f1374b5324e,.php
C:\Users\dinht\Documents\RandomForest\test_file_benign_only\ZhimaCustomerEpCertificationCertifyRequest.php,02/08/2025,e160a9b630051ca756c5d154fcb22d9a,9c384ea83a7635689b9ee974a17aedae7fdb0019,.php
C:\Users\dinht\Documents\RandomForest\test_file_benign_only\ZhimaCustomerEpCertificationInitializeRequest.php,02/08/2025,0eb40b17cbf1849987f1f7d27b6f7248,d06c0662f31b27c823ad90488ece562ca4d23c75,.php
C:\Users\dinht\Documents\RandomForest\test_file_benign_only\ZhimaCustomerEpCertificationQueryRequest.php,02/08/2025,46a6c20ac858d30ff74771c3541c5455,807b6e127f9a9efcfeda5ddadb4f17436e0730b4,.php
C:\Users\dinht\Documents\RandomForest\test_file_benign_only\ZhimaDataBatchFeedbackRequest.php,02/08/2025,ccb508c68055844955b047ee70a5db00,06354687d84bf3bbbd39a19f8650f008deea529d,.php
C:\Users\dinht\Documents\RandomForest\test_file_benign_only\ZhimaDataFeedbackurlQueryRequest.php,02/08/2025,9f62d8cab28bacd97f32e98c0c77debf,2b8df10b0ae853529926063dad856bdd70080d88,.php
C:\Users\dinht\Documents\RandomForest\test_file_benign_only\ZhimaMerchantBorrowEntityUploadRequest.php,02/08/2025,318fa78fe607b69df6c94be171f7fa1d,106dead38c90dba33cb0dba59aaf83cd7718626f,.php
C:\Users\dinht\Documents\RandomForest\test_file_benign_only\ZhimaMerchantCloseloopDataUploadRequest.php,02/08/2025,bdaaedff893fcb2f8e4951cc5560d674,d7b08fc09e6820e55ba750c466b9cc5646ff86ca,.php
C:\Users\dinht\Documents\RandomForest\test_file_benign_only\ZhimaMerchantDataUploadInitializeRequest.php,02/08/2025,50ebf6b43d7b9010986ab948d0fc8889,db461223f157090275d1a77d128c36c2c1e1bbca,.php
C:\Users\dinht\Documents\RandomForest\test_file_benign_only\ZhimaMerchantOrderRentCancelRequest.php,02/08/2025,0146cb1ebcde5953637174a0f81e2bd8,1a3d41bfa02ad4f9108496ba5479a2d821b38cb7,.php
C:\Users\dinht\Documents\RandomForest\test_file_benign_only\ZhimaMerchantOrderRentCompleteRequest.php,02/08/2025,60cc3670df0b1545756c8d4e2ebc93b1,f9e0b541fdfda6257f758a7a2c05e7a70592a7d5,.php
C:\Users\dinht\Documents\RandomForest\test_file_benign_only\ZhimaMerchantOrderRentCreateRequest.php,02/08/2025,de91229471726a89cd0c508ad617cd93,86e87f9dd44061ae14ec39fa559fb3f0ddd69737,.php
C:\Users\dinht\Documents\RandomForest\test_file_benign_only\ZhimaMerchantOrderRentModifyRequest.php,02/08/2025,04574d5626bdcdcaa247187124c5653d,0e733e46fd48dd1de9a220670ff78d600cfc073f,.php
C:\Users\dinht\Documents\RandomForest\test_file_benign_only\ZhimaMerchantOrderRentQueryRequest.php,02/08/2025,1f5b9f0d983683ac4438d4cf8dd4d967,0f16f01a5fcab34d88a2c4fe434773023e56777f,.php
C:\Users\dinht\Documents\RandomForest\test_file_benign_only\ZhimaMerchantSingleDataUploadRequest.php,02/08/2025,025849f83e6a91946ca09d64c39949dc,6020f12370b1d0f1685f1979c73553d407624751,.php
C:\Users\dinht\Documents\RandomForest\test_file_benign_only\ZhimaMerchantTestPracticeRequest.php,02/08/2025,e1edf4569f3d92a7ae3458a70ebaa8c9,627b0300aa256fda992014a27ff2e13b1c440c4e,.php
C:\Users\dinht\Documents\RandomForest\test_file_benign_only\ZhimaOpenAppKeyanLqlCreateRequest.php,02/08/2025,a04e130ab9698315f03d1019c7b03e63,f8df6295045754ff0b4d40b1409690925927aaba,.php
C:\Users\dinht\Documents\RandomForest\test_file_benign_only\zh_1.php,02/08/2025,ec99746c98a24aa3cb6715e92a8fd6ba,e6a1ed7d899ed90ca3e4adbea42aef3c75cf1782,.php
C:\Users\dinht\Documents\RandomForest\test_file_benign_only\zh_2.php,02/08/2025,7919c3fdb66a3395355e3fb5c1eb9697,b267d7b602ddc5c94ce4d3ee5abc20425822e111,.php
C:\Users\dinht\Documents\RandomForest\test_file_benign_only\zh_cn.php,02/08/2025,4d960cb60ee113d25ead0b0f2797fa84,6cc3781db1d4f53206a9abbc5fa8cb6eb5da6079,.php
C:\Users\dinht\Documents\RandomForest\test_file_benign_only\zh_cn_1.php,02/08/2025,2fba967f6ec5b05e740a55b13eed859a,b888d95d71cee0c83cd829f4c4be5850b8ccec15,.php
C:\Users\dinht\Documents\RandomForest\test_file_benign_only\zh_hans.php,02/08/2025,aa794193d358ec929c9e2711736379e4,03c5d8bcd4a7000f2a7786d163a17be66d56b2da,.php
C:\Users\dinht\Documents\RandomForest\test_file_benign_only\zh_hans_1.php,02/08/2025,f56fde335ba1f93c1a4b412887bafa6c,ad2becda951b337bf2072a734dd4085c127f7303,.php
C:\Users\dinht\Documents\RandomForest\test_file_benign_only\zh_hans_10.php,02/08/2025,6917b794feebe2476dd11a88f2dbde74,630b716a99f0d136814520daa8c1f675a10ba092,.php
C:\Users\dinht\Documents\RandomForest\test_file_benign_only\zh_hans_11.php,02/08/2025,db00444b22a63100c4c7a3e16bc966aa,40d4a684df6fd053fced5a78de29c7887ed09912,.php
C:\Users\dinht\Documents\RandomForest\test_file_benign_only\zh_hans_12.php,02/08/2025,1462bcd63597648e0876492e3eedb5c1,14ada758623d573b1870fa20bb9f0be36f0558bd,.php
C:\Users\dinht\Documents\RandomForest\test_file_benign_only\zh_hans_13.php,02/08/2025,b7391565b53707bea75d1524c99ce426,905e905a53cee0d9ea9d102d6d38f4462052bce0,.php
C:\Users\dinht\Documents\RandomForest\test_file_benign_only\zh_hans_16.php,02/08/2025,7729219509fae68910d6644263c10ad4,3ba2488aa860018f23c28012bc2517778435b67d,.php
C:\Users\dinht\Documents\RandomForest\test_file_benign_only\zh_hans_17.php,02/08/2025,42581196b111bbbe248073705dfc7b72,a631017b8aa186260a9eaac2bc603749bb5d5d41,.php
C:\Users\dinht\Documents\RandomForest\test_file_benign_only\zh_hans_18.php,02/08/2025,42284a01045baf41864e6626b1da1092,41ab98518bc849d79382228c020c053dad31f8c1,.php
C:\Users\dinht\Documents\RandomForest\test_file_benign_only\zh_hans_19.php,02/08/2025,0594786b59eca5e6fc5eb13214aacb39,f4ae2976f44b9339300fd7a6d9325ed314ee9657,.php
C:\Users\dinht\Documents\RandomForest\test_file_benign_only\zh_hans_20.php,02/08/2025,5f6bcccdf0f06f511c07e6f3ba868376,d0a090c7f7f5a126769717e84e6923963353b737,.php
C:\Users\dinht\Documents\RandomForest\test_file_benign_only\zh_hans_21.php,02/08/2025,2d56b8610339801af5dd04c3c5dcbf87,bd6fda7420f981486564eea0f8809425fab93869,.php
C:\Users\dinht\Documents\RandomForest\test_file_benign_only\zh_hans_22.php,02/08/2025,f8b57308eb7e86bdea6e0b1fc5954cf0,1e0a395d7570efb6a4ed31417843b1b4c7a2048d,.php
C:\Users\dinht\Documents\RandomForest\test_file_benign_only\zh_hans_23.php,02/08/2025,252a011bc8c58b746eaab061004b7ab4,4d1f0d25e1129fae0ab54e17fe9396bf0ab1384e,.php
C:\Users\dinht\Documents\RandomForest\test_file_benign_only\zh_hans_28.php,02/08/2025,44245abc3649b0a18ba6c11b2d6de1b2,87adb69f23ca5e57450b54a3d26fecd630ca3324,.php
C:\Users\dinht\Documents\RandomForest\test_file_benign_only\zh_hans_29.php,02/08/2025,e95cf0766f543c5f1c016eb1a274a678,0dddd4e2fd89cf87ae4a8a6a571ee21b72e9dc4d,.php
C:\Users\dinht\Documents\RandomForest\test_file_benign_only\zh_hans_cn.php,02/08/2025,2923d13c43b55a254102005c27334121,5d0052ad65e189b53d9180ca68264daba688e80a,.php
C:\Users\dinht\Documents\RandomForest\test_file_benign_only\zh_hans_hk.php,02/08/2025,966f70fe30e5d64fb043dedd735a85ac,c5f9af56f4e668b0a09b64122a00b2a6c19878f0,.php
C:\Users\dinht\Documents\RandomForest\test_file_benign_only\zh_hans_mo.php,02/08/2025,359dd5a1c398f5ac96b1be9d24dfc34a,66c334b8819d16900a52440b5d9d334aa2d83543,.php
C:\Users\dinht\Documents\RandomForest\test_file_benign_only\zh_hans_sg.php,02/08/2025,66f450bc508dc6464ac0fa1779cee71b,2ef23595e60cbe097afe172eb689a37cc4925c48,.php
C:\Users\dinht\Documents\RandomForest\test_file_benign_only\zh_hant.php,02/08/2025,dd83db2132da2ea7353f8102adbe2ef9,78b063c09220ad4cbd8e5f3cf62b249af7446735,.php
C:\Users\dinht\Documents\RandomForest\test_file_benign_only\zh_hant_hk.php,02/08/2025,0f66b624fa30f89505545bc7b9867189,0426fc213edaeabf959e39ac4a25be1660259096,.php
C:\Users\dinht\Documents\RandomForest\test_file_benign_only\zh_hant_mo.php,02/08/2025,26eff1e4d18953f3ad4b429dd955784b,c0953edccae7598cac90587f001c94e53d94942c,.php
C:\Users\dinht\Documents\RandomForest\test_file_benign_only\zh_hant_tw.php,02/08/2025,1ab70857a56c92940ac145a656441d6e,11c09f944fcf7480275dbc62b06024f31fde74b5,.php
C:\Users\dinht\Documents\RandomForest\test_file_benign_only\zh_hk.php,02/08/2025,54af1c54bafbd2c7c1e9580c77e51cc4,2a1d496f1e8b6bb6e9ca0e65b07e9644f1836028,.php
C:\Users\dinht\Documents\RandomForest\test_file_benign_only\zh_mo.php,02/08/2025,eee6657f35f3803486d3e4c363cb7d10,bfc507722c267e6b467f56e9b398735f8dbc71f6,.php
C:\Users\dinht\Documents\RandomForest\test_file_benign_only\zh_sg.php,02/08/2025,fe8bc483a414cf9a00ce76e71e4c4c00,5bbc84dfc8626410872ca626a49b9bfe953045a4,.php
C:\Users\dinht\Documents\RandomForest\test_file_benign_only\zh_tw.php,02/08/2025,1d3c3f87ee6793d5b85e342f654c9af5,ae47961f2cadf684de34b92bc408dca1cd7316e0,.php
C:\Users\dinht\Documents\RandomForest\test_file_benign_only\zh_tw_1.php,02/08/2025,0dbfdcad443cb843cfa4dc6a9b270871,7e024285862ef880f120e731e58d400ccf18c384,.php
C:\Users\dinht\Documents\RandomForest\test_file_benign_only\zh_TW_2.php,02/08/2025,4b8799d43fef4aa6c2701e69a840d6ed,e88521d11003d9206829b62be6ece0c4ec646b1c,.php
C:\Users\dinht\Documents\RandomForest\test_file_benign_only\zii.php,02/08/2025,d7916f613e88104f863c5ca404116bb3,6f646b036d04d6e43b0384acb59fb177e99d68a4,.php
C:\Users\dinht\Documents\RandomForest\test_file_benign_only\zii_1.php,02/08/2025,5799ebeefa1e3d836be6c3d1e146e85e,64859b5babf9ea2b1e1eed1bf3a52d5d73578ac5,.php
C:\Users\dinht\Documents\RandomForest\test_file_benign_only\zii_10.php,02/08/2025,09f8c9548ec653c64d3301e70cb3dda5,94fb880709674bb9d31f098f1019145da34efa2f,.php
C:\Users\dinht\Documents\RandomForest\test_file_benign_only\zii_11.php,02/08/2025,3dda08f7ab7b615028fa6a541a83639b,04ce6e3a44ac8b0befb428360fee43f995b7d0b0,.php
C:\Users\dinht\Documents\RandomForest\test_file_benign_only\zii_12.php,02/08/2025,ba961abc8c08fb589f79b1fabbbba332,c22579586a1a72e8aa6cbaa7a8f6f10d2d7ca32f,.php
C:\Users\dinht\Documents\RandomForest\test_file_benign_only\zii_13.php,02/08/2025,3dd0f41f8942d9bf3f872f58fdc86cb7,29fd50e215930e71c9761180552d721cbf5045c0,.php
C:\Users\dinht\Documents\RandomForest\test_file_benign_only\zii_14.php,02/08/2025,d8ddac9e3cb419bdbbec53454e70d0c7,2a884855da0183674d13730b2c1bfe36637537f9,.php
C:\Users\dinht\Documents\RandomForest\test_file_benign_only\zii_15.php,02/08/2025,07fc2162abb3c24cea7f2640867b460a,069a8eb19e7eb03af32c627faa296ac3f5b6166f,.php
C:\Users\dinht\Documents\RandomForest\test_file_benign_only\zii_16.php,02/08/2025,8ecd8b11d5ca7421146ee1e1c2e6ad3d,f8c3a4ec98d7c1300411471292f05e7551bdf04a,.php
C:\Users\dinht\Documents\RandomForest\test_file_benign_only\zii_17.php,02/08/2025,ba5cdc43ca8d7c4a1e06d92c59fbf9d0,a8c00b01cc08136994bf2e6ba621058fedfc028f,.php
C:\Users\dinht\Documents\RandomForest\test_file_benign_only\zii_18.php,02/08/2025,b6b336b0f553fee77010fe58d3eef5c7,343a08b95bf54d1b8e7a3b1010d2684dfafe255a,.php
C:\Users\dinht\Documents\RandomForest\test_file_benign_only\zii_19.php,02/08/2025,70391732b7249e2d8e4f67b54b586fe7,ec2ed97312ebc2eb56c9e0d642e7e547f7bab5f6,.php
C:\Users\dinht\Documents\RandomForest\test_file_benign_only\zii_2.php,02/08/2025,18d9eeabcda1bde40d8cb1e515438eda,b8cb60e6ea8932b984aef96b5b233f5c86120ab9,.php
C:\Users\dinht\Documents\RandomForest\test_file_benign_only\zii_20.php,02/08/2025,2883e2c48bb71fc8eec92bbf0835b4f9,0c4d0b537fd1261e82f87f33a0fdc323b7c2a536,.php
C:\Users\dinht\Documents\RandomForest\test_file_benign_only\zii_21.php,02/08/2025,2a081f5844ccb3a95bb44a4edf92ad1e,88a8fd1be13c15ac625490a6bdb5d4ca69d090a7,.php
C:\Users\dinht\Documents\RandomForest\test_file_benign_only\zii_22.php,02/08/2025,2c410d37dda691231e15f051c3dde130,e56c0ba5945687d0c9ea892f7faff97e04a6ebfa,.php
C:\Users\dinht\Documents\RandomForest\test_file_benign_only\zii_23.php,02/08/2025,4f714a0beb09cb11a634c9323670822c,cca8dc6c2494f0d13525689dc37923a18027b79e,.php
C:\Users\dinht\Documents\RandomForest\test_file_benign_only\zii_24.php,02/08/2025,ed04c2121a936dff565f3d583e1fd780,1628f60e4642ccb500fb465ebc8bbb501d765f9c,.php
C:\Users\dinht\Documents\RandomForest\test_file_benign_only\zii_25.php,02/08/2025,30dfbd9ec3c2aaa478eca259e918cc23,077dbdd79d200ee06e8062faa6e42e961b903918,.php
C:\Users\dinht\Documents\RandomForest\test_file_benign_only\zii_26.php,02/08/2025,64b2dfd3e76b280258ae8c16c409fc95,696594c75119b37ea39e9e72e6909ce1ae9baf75,.php
C:\Users\dinht\Documents\RandomForest\test_file_benign_only\zii_27.php,02/08/2025,8be8dd26aaf99a6d68bf939d6163e1a9,7b4e134fbf499573954af5b5da2121d04f694ac2,.php
C:\Users\dinht\Documents\RandomForest\test_file_benign_only\zii_28.php,02/08/2025,3c201f8ade107d123aee07c9ce596dc3,7923e11706bcc8b0458ddb2fe4c78be4915b3ab9,.php
C:\Users\dinht\Documents\RandomForest\test_file_benign_only\zii_29.php,02/08/2025,6cc60a1cf8412be1d027e587c821d416,01a532639a4da26ed61cff50ca0cb5f76601cb65,.php
C:\Users\dinht\Documents\RandomForest\test_file_benign_only\zii_3.php,02/08/2025,b7dc06233b012a6557d1c8e41d38a7b2,3cc4a6c9c4b3b1f97de001aeed99546c92e8c540,.php
C:\Users\dinht\Documents\RandomForest\test_file_benign_only\zii_30.php,02/08/2025,7ae6efa130c0f337e7584672bdc5b277,d7c9132b3e2e352de77a49cb496e2d3c381a6ca1,.php
C:\Users\dinht\Documents\RandomForest\test_file_benign_only\zii_31.php,02/08/2025,b7879a5a9191c9446934a7022c810b48,ac218d2d628a7fc52f558401dee9d693d35dbc06,.php
C:\Users\dinht\Documents\RandomForest\test_file_benign_only\zii_32.php,02/08/2025,78307d63bf383c84f2ba6cdc68b53ce6,f75908a85eef7d68e53f5b1efeca5e461bb9d487,.php
C:\Users\dinht\Documents\RandomForest\test_file_benign_only\zii_33.php,02/08/2025,ef273997d6e458015cb65639cb836547,9f9b1efd3e172e77857209378948d4c61cee6c4b,.php
C:\Users\dinht\Documents\RandomForest\test_file_benign_only\zii_34.php,02/08/2025,a2edcf24643f59897a13e9cc8963c0c0,6691aa3df46dfc87f4b083b794cb71472277a599,.php
C:\Users\dinht\Documents\RandomForest\test_file_benign_only\zii_35.php,02/08/2025,f36ac4ff5ff0bbf481a5d13f8c9cb5d4,8d02d9fb0a9220df21fae4c445fea6dd1d5060a3,.php
C:\Users\dinht\Documents\RandomForest\test_file_benign_only\zii_36.php,02/08/2025,f669fe453419b443a56956f19cef6256,ee5da8e9ebbb985f10e4e8e9cb5c220cd261d0e9,.php
C:\Users\dinht\Documents\RandomForest\test_file_benign_only\zii_4.php,02/08/2025,dacf8c22ad8b5357d1096a8df801c4ab,51f197382b6eccc5ea3c213f2e32531adb2e38eb,.php
C:\Users\dinht\Documents\RandomForest\test_file_benign_only\zii_5.php,02/08/2025,925165a95f5f4caf4cd05c08e54c9bf6,17f039b0a5e8f0ff5f74a8dd9bf428268259f1d8,.php
C:\Users\dinht\Documents\RandomForest\test_file_benign_only\zii_6.php,02/08/2025,71d928eacc556b55df02d3a13a5a0735,bb77b98c74cbb873b3c93768fddb43c5eaf72031,.php
C:\Users\dinht\Documents\RandomForest\test_file_benign_only\zii_7.php,02/08/2025,faea377de9f0121ff179d366ce60c534,0161d0085cfd234668fe8fda6219def1a8269380,.php
C:\Users\dinht\Documents\RandomForest\test_file_benign_only\zii_8.php,02/08/2025,57bdfbf8f71d269ef7fdc39c1dea8002,a6ba4ef1e2f6369ddb6aa9bc9c069f8a68e3ba70,.php
C:\Users\dinht\Documents\RandomForest\test_file_benign_only\zii_9.php,02/08/2025,c34a23332b09c22384265d28b9d1d6d8,fc49c903cf1f54b05d9090ad202c7b40075e7782,.php
C:\Users\dinht\Documents\RandomForest\test_file_benign_only\ZikulaInstaller.php,02/08/2025,7f4bab0f38114912ba6470986f0f3f45,d3e90351551d1b07e5107ddf11c820a418166e36,.php
C:\Users\dinht\Documents\RandomForest\test_file_benign_only\zip.php,02/08/2025,b55a2d803ca7e057d5c3a1932c507dd0,415590348818a4cfabb95b87501d1d2e151372b2,.php
C:\Users\dinht\Documents\RandomForest\test_file_benign_only\ZipArchive.php,02/08/2025,3f2259213e02a99e02d6243e9f1daf79,e57ff77a8fde15e2950c9ad4a8a3583a31722cc1,.php
C:\Users\dinht\Documents\RandomForest\test_file_benign_only\ZipArchive_1.php,02/08/2025,53f42b65c3712a2ca5f7afc148c110b7,657b901dd1ee602c63ef2dae37205e10882e6309,.php
C:\Users\dinht\Documents\RandomForest\test_file_benign_only\ZipInfo.php,02/08/2025,22c112ff61e676a01c1577065b205b28,5441e7a829d10bd191c9b518a4e286fabb643772,.php
C:\Users\dinht\Documents\RandomForest\test_file_benign_only\ZipInstaller.php,02/08/2025,5fb1dc15d2cd29cbe2759f080fcdaba5,76153b73bc58e3d88f94c4352f7fd38fd84eeab2,.php
C:\Users\dinht\Documents\RandomForest\test_file_benign_only\Zipper.php,02/08/2025,c50e24d716b9228477946ba48e7a66b4,82f3ad05c2277d9470041b65b6e5b598af2f259e,.php
C:\Users\dinht\Documents\RandomForest\test_file_benign_only\ZipperTest.php,02/08/2025,437a940314ea847785db02fadad8ec81,467de84ef3e2c6805e2d41f7ef11dc0e1b6ff683,.php
C:\Users\dinht\Documents\RandomForest\test_file_benign_only\Zipper_1.php,02/08/2025,74996d31dfa87d9112da7e289db26730,3664b92dd779449fc9a2de494b07cc6a5b798db7,.php
C:\Users\dinht\Documents\RandomForest\test_file_benign_only\ZLib.php,02/08/2025,50c4abdeb67106793a48a22f99902d48,145ef641791011f79a491ecb4c284d20f01c6639,.php
C:\Users\dinht\Documents\RandomForest\test_file_benign_only\Zone.php,02/08/2025,7b99271a49b677d9ad75f3aba519d731,0e244e7add6ac21dc318162e6d9f84c73d108efa,.php
C:\Users\dinht\Documents\RandomForest\test_file_benign_only\ZoneBoundary.php,02/08/2025,6dfa1ccf15cc375eaa447f0d7e9dc1ba,3777abb03266c763d6cccc22ccb9b967d8ba4dcf,.php
C:\Users\dinht\Documents\RandomForest\test_file_benign_only\ZoneChildContainer.php,02/08/2025,6fa0652ccdeb58a5ae97610839b84bab,c2055a4952899dd4edbcdc9851a58dcd203b69af,.php
C:\Users\dinht\Documents\RandomForest\test_file_benign_only\ZoneFactory.php,02/08/2025,d2387a9ea3a9cae337a7358a6695794d,3924f9b889ed713d693021db498b35acab474ccb,.php
C:\Users\dinht\Documents\RandomForest\test_file_benign_only\ZoneFactoryInterface.php,02/08/2025,4a3cdfa40257d3c653dff64e06e81cbd,3729641ef6bf3a7811782b77c2413b28264bb3fd,.php
C:\Users\dinht\Documents\RandomForest\test_file_benign_only\ZoneList.php,02/08/2025,09a4a03dcfbc2379d81f872e018d23c3,92aa3b827eb9a821d368e7143efaf525ef3c6eec,.php
C:\Users\dinht\Documents\RandomForest\test_file_benign_only\ZoneListWarning.php,02/08/2025,6e7acb4c8ce3f3997887f37361fcd11f,69d7181d88fd83244281b618d9c5a8d9991caf9d,.php
C:\Users\dinht\Documents\RandomForest\test_file_benign_only\ZoneListWarningData.php,02/08/2025,17d568b69ea1aeb390bae0b155c44751,61ed3701c9953d12a58a0067390349020a9099f9,.php
C:\Users\dinht\Documents\RandomForest\test_file_benign_only\ZoneList_1.php,02/08/2025,1ff2927fd4fc832019ce28faa0075f12,86be18753c3ef440ec27196bb7fb2bb62fe7a928,.php
C:\Users\dinht\Documents\RandomForest\test_file_benign_only\ZoneMemberContext.php,02/08/2025,7e50bb7d0cbe93a6b1af8a4665becb2c,bb7fd1bf78ae972965fdce3a014e2f37e20c267d,.php
C:\Users\dinht\Documents\RandomForest\test_file_benign_only\ZoneMemberInterface.php,02/08/2025,2a95735fb972ed6b604c7bc6d13b8949,23755677643e643d8a13ba34097913112ecf3fab,.php
C:\Users\dinht\Documents\RandomForest\test_file_benign_only\ZoneMemberSpec.php,02/08/2025,a3607ec7a81d2684ec04b678645f4367,d36dd94774940f6c5366c4b1035f4c46975b21f7,.php
C:\Users\dinht\Documents\RandomForest\test_file_benign_only\ZoneMemberType.php,02/08/2025,43b8ba1a4bc7c5ce13d0880bcb14f48f,0410f74a3aa8faf782bc06bf85673a124eda25eb,.php
C:\Users\dinht\Documents\RandomForest\test_file_benign_only\ZoneMetadata.php,02/08/2025,b4099b4eb10770d7a4c0dca8ebca57d1,7a863d477489c72c4fe699d524d076c536893ae8,.php
C:\Users\dinht\Documents\RandomForest\test_file_benign_only\ZoneOperations.php,02/08/2025,6cf2b6db553be04b6434ff5affa7cf5b,88bff15485004212bd17941ae19fb734c5781dc4,.php
C:\Users\dinht\Documents\RandomForest\test_file_benign_only\ZoneOperations_1.php,02/08/2025,da42ce13639f3a7fc31411f3e8d55de6,92cabe27159f662657caa1e94c5f1bce96d49905,.php
C:\Users\dinht\Documents\RandomForest\test_file_benign_only\ZoneOperations_2.php,02/08/2025,42241a16c03e2c07eb90dccc24e02d25,6d838d144fce27a8e335cd6c8dce98ea155ebfd7,.php
C:\Users\dinht\Documents\RandomForest\test_file_benign_only\ZoneOperations_3.php,02/08/2025,5cbfff60e2adfaf7100dde2219303a7d,f13a5186d47096d3ce469c7fb856c8e3a0ee0d94,.php
C:\Users\dinht\Documents\RandomForest\test_file_benign_only\ZoneProviderInterface.php,02/08/2025,fcd48fd413bdd795286799695f884418,5c4082f93cbe1945f54ceea66aef05137ab6759d,.php
C:\Users\dinht\Documents\RandomForest\test_file_benign_only\Zones.php,02/08/2025,4362aa08dcb7aefb564476bfe68bde63,d80b47ef2bd5840f8f605d79c1313fa7e4d72fa3,.php
C:\Users\dinht\Documents\RandomForest\test_file_benign_only\ZoneSetLabelsRequest.php,02/08/2025,7ada4d585a0e8a043198bb1b2c4b268d,192349c5dc8583a15cb7292a5bd1ef004efdf8a1,.php
C:\Users\dinht\Documents\RandomForest\test_file_benign_only\ZoneSpec.php,02/08/2025,0eef5750e0bd70c640eb8272b862eaa3,c27e2cd2fd0aafb5304cd313358ccc1745c4687e,.php
C:\Users\dinht\Documents\RandomForest\test_file_benign_only\Zones_1.php,02/08/2025,8814a99d56f54cb6cd677b3039eadf9e,eb2c82a049f56af00e3706a47587e32063e340a4,.php
C:\Users\dinht\Documents\RandomForest\test_file_benign_only\ZoneTest.php,02/08/2025,dd69bd18165b20feba439f24a511ee18,54bd2623b0047013feb96367b85789dc74a04467,.php
C:\Users\dinht\Documents\RandomForest\test_file_benign_only\ZoneType.php,02/08/2025,b57f6e81cfb04e8ae410a2964c717f51,9806209f2ed07825d24ce8b62206e30f5cf4a8c9,.php
C:\Users\dinht\Documents\RandomForest\test_file_benign_only\ZoneTypeChoiceType.php,02/08/2025,032553540a950145084964360ba37bd9,255f11a6d072776a6667d6dca50e805c55aca952,.php
C:\Users\dinht\Documents\RandomForest\test_file_benign_only\ZoneTypeRestriction.php,02/08/2025,538c1780a62dfc41df47c75bfd2b64a9,ca5b6d834394c9bc5c2ea5b53699deeebf4fb866,.php
C:\Users\dinht\Documents\RandomForest\test_file_benign_only\ZoneViews.php,02/08/2025,a9e1dd764d60f2c0e27e04bbbb45ae1a,e91fabd17dfb22863c12d0302e77978e606d0b39,.php
C:\Users\dinht\Documents\RandomForest\test_file_benign_only\ZoneViewsAddResourcesRequest.php,02/08/2025,6e02e79910a1128e4a4e8a197d5622f7,ef326e6d25fe0074203ef98b53de5c372e655c49,.php
C:\Users\dinht\Documents\RandomForest\test_file_benign_only\ZoneViewsGetServiceResponse.php,02/08/2025,392325b4d95bc506325f826c39a3f115,9a8ae5366b54ecd624d3d493c7a3514485a57f66,.php
C:\Users\dinht\Documents\RandomForest\test_file_benign_only\ZoneViewsList.php,02/08/2025,1342899020107d94c78c283780929550,4608a3b1a5a9be30e9ba034539ac44e3767cee94,.php
C:\Users\dinht\Documents\RandomForest\test_file_benign_only\ZoneViewsListResourcesResponse.php,02/08/2025,8eb8217d8c61b30a69d93eb78e2906d3,d4f7731705455dca4d2b26843e97eee80a9eca90,.php
C:\Users\dinht\Documents\RandomForest\test_file_benign_only\ZoneViewsRemoveResourcesRequest.php,02/08/2025,03c1be808d991595795620b0261ef705,00c3c7ee3bf9fbbf0c75d3ae84b2e1f5833361c4,.php
C:\Users\dinht\Documents\RandomForest\test_file_benign_only\ZoneViewsSetServiceRequest.php,02/08/2025,e974f950be7979a382eaee0cb652eb22,1325409340a9bd275fef61b5e77a8d8b23121dfc,.php
C:\Users\dinht\Documents\RandomForest\test_file_benign_only\Zone_1.php,02/08/2025,282dec93733e1c2c6cbe5951b3c263c9,25cd8a463f5aee3854b3e5d0eac2b6ea162ce5cb,.php
C:\Users\dinht\Documents\RandomForest\test_file_benign_only\Zone_2.php,02/08/2025,3ddae73df3e4456275519b6b399d03e7,20e274f8cdabd287f22a364ec566c21f1e2e72e3,.php
C:\Users\dinht\Documents\RandomForest\test_file_benign_only\zone_examples.php,02/08/2025,7cd30190f2b5ce90d0e367f83707593c,448e5a62933e7487e169334c94de7f0024660a70,.php
C:\Users\dinht\Documents\RandomForest\test_file_benign_only\Zoom.php,02/08/2025,6ca74a0050e1de38213810f958cdcbb3,18b71ad726002d43ac448e185a7116398865d100,.php
C:\Users\dinht\Documents\RandomForest\test_file_benign_only\ZSetAdd.php,02/08/2025,9e924164c5a0de866bf86a50cc65d803,8a4263429a64952520eeb1e04f1b8c73007c1f43,.php
C:\Users\dinht\Documents\RandomForest\test_file_benign_only\ZSetCardinality.php,02/08/2025,494b126279cdaa760d5d733519ee174d,25d79c8ac67391af959f35694211ef7f283c1d58,.php
C:\Users\dinht\Documents\RandomForest\test_file_benign_only\ZSetCount.php,02/08/2025,49ce957fe66b98a72ce2fd45d6c34cdc,36ebf63f3713d0f7fa2731bbae492985d0bb17fa,.php
C:\Users\dinht\Documents\RandomForest\test_file_benign_only\ZSetIncrementBy.php,02/08/2025,5469831d44d51034a395d70fc99cb54a,45efb2670fc87d1f4352a0266a9ee30114a0f85a,.php
C:\Users\dinht\Documents\RandomForest\test_file_benign_only\ZSetIntersectionStore.php,02/08/2025,d5c136e7503eca8b17f0eb55491edde1,460929eddaec87e2e161bd0b338e3cba6f94e169,.php
C:\Users\dinht\Documents\RandomForest\test_file_benign_only\ZSetLexCount.php,02/08/2025,29af481637bb23cfa88a1b519ecab216,880dcece90e3c5d3d17aa76b8d49ee1fd2471713,.php
C:\Users\dinht\Documents\RandomForest\test_file_benign_only\ZSetRange.php,02/08/2025,d503b2aba4a1898298212c73a966d6a2,dec5e0fbc4ca2f3b12daea57fe4a2fcea99c361b,.php
C:\Users\dinht\Documents\RandomForest\test_file_benign_only\ZSetRangeByLex.php,02/08/2025,61171ae7a237b9a1796b2d149540a64d,f3f2795fb06338ad9cfe2ed2342839406c07050b,.php
C:\Users\dinht\Documents\RandomForest\test_file_benign_only\ZSetRangeByScore.php,02/08/2025,96377f32908f90c596d6fc3b8c1af275,070dfcdacd109b510e88438b200d35e0a838ac50,.php
C:\Users\dinht\Documents\RandomForest\test_file_benign_only\ZSetRank.php,02/08/2025,f5512a7d1d838949366c91080a231136,3f78477e528377f53dd3f6e38cc90703327d26dd,.php
C:\Users\dinht\Documents\RandomForest\test_file_benign_only\ZSetRemove.php,02/08/2025,e5e23b8fc407d3804d0b13d62799796e,9d12132594051f062f3ee1097282135757eacd06,.php
C:\Users\dinht\Documents\RandomForest\test_file_benign_only\ZSetRemoveRangeByLex.php,02/08/2025,c31095d4f0a492ba73a0bfa60882e899,cca379f412619c7c9c1f7f2bdfc34352f62d9a26,.php
C:\Users\dinht\Documents\RandomForest\test_file_benign_only\ZSetRemoveRangeByRank.php,02/08/2025,46d1acd8c58a81b1b4ceaff2bac69399,8c2b578d1cd49905a37a228734edbf3d85e31879,.php
C:\Users\dinht\Documents\RandomForest\test_file_benign_only\ZSetRemoveRangeByScore.php,02/08/2025,df1bbc9ab9e780d000f8d7e82a311af9,29bd09697041772787f99ca61a29a4c754021788,.php
C:\Users\dinht\Documents\RandomForest\test_file_benign_only\ZSetReverseRange.php,02/08/2025,09a26434b5b9e8283e2174e353054353,a043139f9bff43386a71829f94b7587a22d5fadf,.php
C:\Users\dinht\Documents\RandomForest\test_file_benign_only\ZSetReverseRangeByLex.php,02/08/2025,df82f562275d1a7019c9b1393646d696,5652ff3b15bee15e9e9389674844b2d7e7d82319,.php
C:\Users\dinht\Documents\RandomForest\test_file_benign_only\ZSetReverseRangeByScore.php,02/08/2025,30654ba7005d0553795241358b32f9b6,cf680e8371640b8b3bb470fe6a763bfcba9eb59e,.php
C:\Users\dinht\Documents\RandomForest\test_file_benign_only\ZSetReverseRank.php,02/08/2025,154d53e5f94411cf49a6bda68f094f9b,554713a793162d06f18a2644fa27df59a033ed86,.php
C:\Users\dinht\Documents\RandomForest\test_file_benign_only\ZSetScan.php,02/08/2025,d809a9bd682dc2a1595562ddac5617aa,261e3101cb349bd40e37be7dd5491d75641ca329,.php
C:\Users\dinht\Documents\RandomForest\test_file_benign_only\ZSetScore.php,02/08/2025,7184a475df4ef58142429dcb2d4d6160,06f031628e02f62ddf92949c2920dba29590bc41,.php
C:\Users\dinht\Documents\RandomForest\test_file_benign_only\ZSetUnionStore.php,02/08/2025,fe5ed9c9159bfa737d2060f5944cd3ab,0677a65ceca2030dced7aca8b62dfe2aa34ad06e,.php
C:\Users\dinht\Documents\RandomForest\test_file_benign_only\ZshCompletionCommand.php,02/08/2025,b5cce595ef3e84e1cb81c7c7c2d57eb7,fcd8709ddbe2d53b217bd131a20a36ac3d8f2f4d,.php
C:\Users\dinht\Documents\RandomForest\test_file_benign_only\ztcloud.class.php,02/08/2025,35762df54d851e850951ab8eea0a0d0c,2f8d140dbddd24df0a3bbb57df8491177c43b854,.php
C:\Users\dinht\Documents\RandomForest\test_file_benign_only\ztcloud.html.php,02/08/2025,3c41ca0113d630c3443afbfc330c047d,951f34127cbd65ef7a60d7762e1813b06f43b8ad,.php
C:\Users\dinht\Documents\RandomForest\test_file_benign_only\ztcompany.html.php,02/08/2025,ba401b28be7ce37b37a2daec26902859,aa348d53756331500a2f0eea41a81b05d6c2dcb5,.php
C:\Users\dinht\Documents\RandomForest\test_file_benign_only\zu.php,02/08/2025,2459733fa27fdf90fe6fd35b0eeb8448,f5c8404b9f82a8971a64864c0ee7abb506a5a380,.php
C:\Users\dinht\Documents\RandomForest\test_file_benign_only\ZurbFoundation.php,02/08/2025,643b701503ca096b4376823da582f1a5,45122a4348fa55a954c2e51fcbcd8a0e2bb5fa1d,.php
C:\Users\dinht\Documents\RandomForest\test_file_benign_only\ZurbFoundation4.php,02/08/2025,f5c39db0ab6d7beba154f902834d44a9,a070577fc9219bb5d036e6526e3dfb53c01017b3,.php
C:\Users\dinht\Documents\RandomForest\test_file_benign_only\ZurbFoundation5.php,02/08/2025,e20407a12d5ded94a5cc4fba2762d874,d1f65fed7a610bf6109835098ac5cc10db895e11,.php
C:\Users\dinht\Documents\RandomForest\test_file_benign_only\ZurbFramework4Test.php,02/08/2025,191a2d0241d072e031967a85de1ceb5c,0b77aba68a50c7024e7f05bb4486f392a4a8a6be,.php
C:\Users\dinht\Documents\RandomForest\test_file_benign_only\ZurbFramework5Test.php,02/08/2025,0c8f7a8fa3e9e1fb664d0ee17f89e305,5e93b2310f154a7e8c99968f0493bbe0b44e4824,.php
C:\Users\dinht\Documents\RandomForest\test_file_benign_only\ZurbFrameworkTest.php,02/08/2025,cc96cfa6473e638bf1a8a9f51f82d757,a9dc83b0a9a14c1315cf4ee8168076a2a851fe22,.php
C:\Users\dinht\Documents\RandomForest\test_file_benign_only\zu_za.php,02/08/2025,9a6d9dc7f7d055a55629a2629265cd49,5571f5dcc940ab82793cc729cb807dc5333029e6,.php
C:\Users\dinht\Documents\RandomForest\test_file_benign_only\zztemp-region.php,02/08/2025,abda62a7d0a22b259bb8694f6f4df2f1,b880e37a09c272d51ca266b3e2f349f23e98c4b0,.php
C:\Users\dinht\Documents\RandomForest\test_file_benign_only\_accordion_container.php,31/07/2025,e9bc1c74be1bd7e1e421ba10fa5f1127,257a3581fa891945d1a9273255f4ac734aaba133,.php
C:\Users\dinht\Documents\RandomForest\test_file_benign_only\_accordion_container_1.php,31/07/2025,ac32867624c473ebc18ec55a5f626988,2d85d28b2c51a64dd71b3912e52a30173aa0b9c7,.php
C:\Users\dinht\Documents\RandomForest\test_file_benign_only\_action_results.php,31/07/2025,b9cab0682f6a40a568c2dc8e0034b6f7,adad766ebf300b45cc924e3c0d1509ff9e32f779,.php
C:\Users\dinht\Documents\RandomForest\test_file_benign_only\_activation_error.php,31/07/2025,f31e10d9d46b31b0a1a05d3a8a025fdf,fad8abe29b63ba74caf695d73a4de48320246d8e,.php
C:\Users\dinht\Documents\RandomForest\test_file_benign_only\_activation_feedback.php,31/07/2025,a1bad11bf503e1fd6115a2ecf6bd8a0b,c663ae12ab5bbe3b37b740318a68ed6c65cceab4,.php
C:\Users\dinht\Documents\RandomForest\test_file_benign_only\_additionalFields.php,31/07/2025,141eb190d73ca4803360666563e2fd8a,bc74e415a87e28497f9e8827ff890dbdf7f58d79,.php
C:\Users\dinht\Documents\RandomForest\test_file_benign_only\_addToSurvey.php,31/07/2025,07c9568a246563bb1284167a5d80b2fa,aa74cfd9ae304eb7ed8317298610dd5e61d7c8c0,.php
C:\Users\dinht\Documents\RandomForest\test_file_benign_only\_advancedLayout.php,31/07/2025,8693206c5d3847b3c99d4df496317bcc,8deddaa2548ed199ae3c3bbe68c9a2ab1cb473d2,.php
C:\Users\dinht\Documents\RandomForest\test_file_benign_only\_ajaxVariables.php,31/07/2025,797f1ef8e080dc75ccefcc9762ee14a4,64309e503ba47791d0bc8348f91d70e49498d4ff,.php
C:\Users\dinht\Documents\RandomForest\test_file_benign_only\_ajax_variables.php,31/07/2025,8782036d89d557fc601f683512d1321f,ae2c6fa6adb5880281fa417fecfc719695eb9384,.php
C:\Users\dinht\Documents\RandomForest\test_file_benign_only\_backup.php,31/07/2025,999acb061835e2b44a6e960573ad4c60,4232c0ada0552c07c3ef98d43cc96238a5afcfbc,.php
C:\Users\dinht\Documents\RandomForest\test_file_benign_only\_bootstrap.php,31/07/2025,f4bad2cc0ef70100d9a416acb06cbc59,5f311b68887eb3d536b0ba0509cf52b180c9a6bc,.php
C:\Users\dinht\Documents\RandomForest\test_file_benign_only\_bootstrap_1.php,31/07/2025,c729033cbe1ab534ef208bc92f45e675,c480cd032ee1d3e739afa8bc4a64d41b2d7e2c48,.php
C:\Users\dinht\Documents\RandomForest\test_file_benign_only\_bounce.php,31/07/2025,ab300a9c24b9a28d4bc639a9de8cddac,93e53567d00a08db613c1adadf2ee09ada83a7e2,.php
C:\Users\dinht\Documents\RandomForest\test_file_benign_only\_bug.php,31/07/2025,8173485050e1218c7b912897ad9a1b7a,5d532cc42f102fd035e029c1c63254f74c925eb9,.php
C:\Users\dinht\Documents\RandomForest\test_file_benign_only\_change_log.php,31/07/2025,2e304c242c38f6e2391a5fcd6c8a7ced,d29998395bb7480870c23b20a3f4a909c9deb7b1,.php
C:\Users\dinht\Documents\RandomForest\test_file_benign_only\_change_survey_group.php,31/07/2025,8a2484bbfb97916ad3dfb69408b7a5d8,e6e5cbe5c71b1d0d8301f81438bbaaeef8c296f3,.php
C:\Users\dinht\Documents\RandomForest\test_file_benign_only\_check_local_errors.php,31/07/2025,d1c710a160dd910151b9edf2bd5d0d2e,ee33e4af211ae682e33697b956a8e9f18658c769,.php
C:\Users\dinht\Documents\RandomForest\test_file_benign_only\_columns-control.php,31/07/2025,ea1c0ddf08d30cbfd1d7baabd3c2a124,bb0b1ef0705c2ef2cd70df8b99cad7092d4f8124,.php
C:\Users\dinht\Documents\RandomForest\test_file_benign_only\_configuration_menu.php,31/07/2025,41f307819e084240b981b21be33b1327,b30c47a227f92522c9b402bb0bd90b1ee6487e53,.php
C:\Users\dinht\Documents\RandomForest\test_file_benign_only\_create_survey_text.php,31/07/2025,d40b0f84f94e1aa61c1d0f205d97b387,0541e7bd95c038048e5d2199f32a52f3d971c1a5,.php
C:\Users\dinht\Documents\RandomForest\test_file_benign_only\_dataselection.php,31/07/2025,d42b2ec2b53762abc92657f6eb1f838d,38c3acae58c2077437ac2568d9935ccc556178b1,.php
C:\Users\dinht\Documents\RandomForest\test_file_benign_only\_deleteParticipant.php,31/07/2025,5040c579d84a13b343f305d8b0468139,42a7f1089bc30efe2d2075e520edc0a4d0ad6440,.php
C:\Users\dinht\Documents\RandomForest\test_file_benign_only\_delete_results.php,31/07/2025,7940b7b7a6e3ea1d252e1f0a51ea4845,38878d72378bce7360766993bd6a728a41a4b02c,.php
C:\Users\dinht\Documents\RandomForest\test_file_benign_only\_delete_results_1.php,31/07/2025,9219f1144f466df7a026d816470f18c9,33f8fe57428af453ccff1b348dbf65cde89cbb56,.php
C:\Users\dinht\Documents\RandomForest\test_file_benign_only\_discount_code.php,31/07/2025,1b7190249627f7265179fb149e2d4307,605c015652355639724ac9a0636ea47b9b7810c2,.php
C:\Users\dinht\Documents\RandomForest\test_file_benign_only\_editAttribute.php,31/07/2025,f3552e8b87bd70b7eefbe42e7fe1ce5e,f71fad29f7d7ac7a623c0f11bdd11c5813e44a6e,.php
C:\Users\dinht\Documents\RandomForest\test_file_benign_only\_editParticipant.php,31/07/2025,ea9cf740b9e1bf8a0a63112a89705939,c2253209a2e0ce3218185a6bfa0752d379d1c5d3,.php
C:\Users\dinht\Documents\RandomForest\test_file_benign_only\_email.php,31/07/2025,3aa0061b9505998dbeeb92dccb0063c9,52ee8ad37088ed559b86aee2ea7618c64b0fda27,.php
C:\Users\dinht\Documents\RandomForest\test_file_benign_only\_error.php,31/07/2025,62330638315c92f45b460c67160f4868,c028a361ab420daf3da44a393fb3078d00970e89,.php
C:\Users\dinht\Documents\RandomForest\test_file_benign_only\_error_1.php,31/07/2025,7379e3268814acd1364eb989ca5f9ae6,1b9b13f1823e3d11ca1f2d414c183af25b79b7ae,.php
C:\Users\dinht\Documents\RandomForest\test_file_benign_only\_error_files_update_updater.php,31/07/2025,71731ff5f534a3bdbaf54ee9ba5fc39f,c24e20cf08ec9fbdf8b5d2641258495c8411a145,.php
C:\Users\dinht\Documents\RandomForest\test_file_benign_only\_existingfiles.php,31/07/2025,40ae8bcfd9968d61219075ad3fb39e40,c306dccc814e8234b8ff2afac03f3bd7a7df3f2b,.php
C:\Users\dinht\Documents\RandomForest\test_file_benign_only\_expiry_dialog.php,31/07/2025,8625171b5ec3e5d7d431e267d7c9ec3e,51c441d49893a57b7226c722f5b011ec95d6c5d7,.php
C:\Users\dinht\Documents\RandomForest\test_file_benign_only\_exportCSV.php,31/07/2025,1c8d93385daa731ee3626f5c35092170,26b815bc361683a48915716c4c94facb9c4bdc03,.php
C:\Users\dinht\Documents\RandomForest\test_file_benign_only\_export_archive_results.php,31/07/2025,be6d3c66ed40ecc118f05f1e0717f7e8,f874dd526e8b2d8862e0ab55e9c77f30924f267b,.php
C:\Users\dinht\Documents\RandomForest\test_file_benign_only\_export_archive_results_1.php,31/07/2025,550af6bce02808f9ad18b18a8714820e,0ee737241d8094beb79d2abe597f47c4dcbdb2d2,.php
C:\Users\dinht\Documents\RandomForest\test_file_benign_only\_fileSystem.php,31/07/2025,119199b11a45da0fda388eec3bb893a9,f211cd84eae02e8fd475da1c2d8dd95acd4bf76d,.php
C:\Users\dinht\Documents\RandomForest\test_file_benign_only\_final.php,31/07/2025,af37274b68e68118e88647da928a05a6,5bc59ecf3d23994108a78243a316c0fd92e6fa1a,.php
C:\Users\dinht\Documents\RandomForest\test_file_benign_only\_form.php,31/07/2025,7cc2068da6f2dac31dbc4d1cf8004474,0b12e03805a245256f0cc67c77d53f58a72e40d9,.php
C:\Users\dinht\Documents\RandomForest\test_file_benign_only\_format.php,31/07/2025,d17e73eec0f2886e41b4f48e427420e5,6509d1ddfd247e5443c6796c0047c4bc7d75b0f1,.php
C:\Users\dinht\Documents\RandomForest\test_file_benign_only\_form_1.php,31/07/2025,4ae94e4cd5791f4690a8168ea9be248c,5b918140ed7837dce31704047bd67f3049ddc8d3,.php
C:\Users\dinht\Documents\RandomForest\test_file_benign_only\_form_2.php,31/07/2025,67dbabbc834dbcecc00b69c1a81d0a19,713a29a2ac9142df6f4f49c198d4383bd8890bba,.php
C:\Users\dinht\Documents\RandomForest\test_file_benign_only\_form_3.php,31/07/2025,293ca13eb16867151c759f0c5b056323,411e9aa8f406e36fb9e38ecaf6c382f0a8044379,.php
C:\Users\dinht\Documents\RandomForest\test_file_benign_only\_form_4.php,31/07/2025,1f16455dafa372754fbe504ddb4cdcc6,a2daf6366844ef5833828bedf2176cd675b63169,.php
C:\Users\dinht\Documents\RandomForest\test_file_benign_only\_form_5.php,31/07/2025,1091b4c37c2377498ca590fd83056383,5cd6d19a68721785b3500b618076afb2dd63dc7e,.php
C:\Users\dinht\Documents\RandomForest\test_file_benign_only\_form_6.php,31/07/2025,46b4d00ee236e770804b77ac8d7ce431,a4629bb5596b58633f738c7945e9858f24c354c1,.php
C:\Users\dinht\Documents\RandomForest\test_file_benign_only\_form_7.php,31/07/2025,70012e81b8338f85ade049adc34e6786,6a61303ccea9aab75b2df8e55b210cabc281f335,.php
C:\Users\dinht\Documents\RandomForest\test_file_benign_only\_form_8.php,31/07/2025,8c4f048c0751257a30ff23d71b787299,686c3de915c991715ab9707228c73bbe7aba40fc,.php
C:\Users\dinht\Documents\RandomForest\test_file_benign_only\_form_9.php,31/07/2025,79139bfc1a52fbc135558adfc6ee02ec,996dc91bf52e2fc63d674f4b2fc36a3988a19bcb,.php
C:\Users\dinht\Documents\RandomForest\test_file_benign_only\_form_langsetting.php,31/07/2025,1286a86775ddd4fc61b22a3a73dcb51c,fa56b0d15764e867135fa45a54f507f294b34a1e,.php
C:\Users\dinht\Documents\RandomForest\test_file_benign_only\_form_langsettings.php,31/07/2025,091089debb000b12f7deadecb2d5513f,ba4d8400928a2e4960a6f44d6b1ae69def31754d,.php
C:\Users\dinht\Documents\RandomForest\test_file_benign_only\_general.php,31/07/2025,041d809e3cd485c229eaa460bf408bc8,2c47f49ca3badb275175824821ab93b1aefcd981,.php
C:\Users\dinht\Documents\RandomForest\test_file_benign_only\_generaloptions_panel.php,31/07/2025,1ee24e77b59a96480f3e4e8a3d8b7544,b497913c126077fb9f51b62b6773d387147e38ce,.php
C:\Users\dinht\Documents\RandomForest\test_file_benign_only\_general_1.php,31/07/2025,5bd33475ec9c8f9d7cded974613b1e94,0e70fe0eff9f657f7b41f47ae3c184cd437ee1b1,.php
C:\Users\dinht\Documents\RandomForest\test_file_benign_only\_header.php,31/07/2025,7ee703c7d2fb3e3819e4ae4ac33b4b64,2c355dd5e72bd269bfc6e0b2e7c6a4bd9cb5ac5b,.php
C:\Users\dinht\Documents\RandomForest\test_file_benign_only\_header_1.php,31/07/2025,59b4cdef873974c1206dfda2c4a87dbb,8369102777709296efbfd4873152e6f1fa8d0279,.php
C:\Users\dinht\Documents\RandomForest\test_file_benign_only\_headings.php,31/07/2025,5880db5d7c796ce4181afe62b10d2292,557f0b49a5dd38afe6fdd29c5bc18d8af2e70f8b,.php
C:\Users\dinht\Documents\RandomForest\test_file_benign_only\_html.php,31/07/2025,c8ec8dbf43d820b525d5da27c73ae90f,53691dfd361e3d32fb3ec64325b7979baaef045e,.php
C:\Users\dinht\Documents\RandomForest\test_file_benign_only\_integration_panel.php,31/07/2025,c5b275e78fbf3c8edad019a862cfe9b6,9bb62a9bf97c3ea982b34d29237bdff649f6a7c4,.php
C:\Users\dinht\Documents\RandomForest\test_file_benign_only\_interfaces.php,31/07/2025,fe7c3ba4462fb4c5dbac5780de479cf5,3ad304fceec8eaa262eb9369baa30cd138a2a75e,.php
C:\Users\dinht\Documents\RandomForest\test_file_benign_only\_iso88596.php,31/07/2025,4b80d35123396f4cafec0a247dbabf6c,4ce76e36e4c2d2f9ab19e61bfb0f577c17808a8e,.php
C:\Users\dinht\Documents\RandomForest\test_file_benign_only\_item.php,31/07/2025,5b439ea86fff6f85f04e301635184e24,ce7026c1a5f6e9e81dee015084017387d28d94d9,.php
C:\Users\dinht\Documents\RandomForest\test_file_benign_only\_items.php,31/07/2025,a92ce13e3e3650692d532d34ccae4ff2,3c221ee6729320d64b00ad459d634f1b07109c78,.php
C:\Users\dinht\Documents\RandomForest\test_file_benign_only\_key_updated.php,31/07/2025,ccda0fa164b9c7fe7f45c6a1bfd281a2,8a2ea722707f05162a7e0af6f7bfcad2ccb0dc80,.php
C:\Users\dinht\Documents\RandomForest\test_file_benign_only\_labelviewquickadd_view.php,31/07/2025,3b15bd78079ba3ff6c42475477653c1b,3bcfd403da7ce4d2542468dd2435ca7036d6387f,.php
C:\Users\dinht\Documents\RandomForest\test_file_benign_only\_labelviewrightcontent_view.php,31/07/2025,c5a5a3e124943dabd5b2b5c8412436de,31d2dfb524e9be1aee011f698e44495ab3c16cf0,.php
C:\Users\dinht\Documents\RandomForest\test_file_benign_only\_labelviewtabcontent_view.php,31/07/2025,e73c53f00927679a9610f882f111dd0e,770d6f964d7dc3fa0a132bfc92abf2066422585e,.php
C:\Users\dinht\Documents\RandomForest\test_file_benign_only\_language.php,31/07/2025,3cda589e609b81bbaa42f871cfd8c62f,e7401aa33f5ee182540b989a453d0bce1b7df9bd,.php
C:\Users\dinht\Documents\RandomForest\test_file_benign_only\_machine_config.php,31/07/2025,8caa61093b1642355b3085fc3fbfdce6,4875deac37cc88eb4b4fcfdf4e4ed07a662deeff,.php
C:\Users\dinht\Documents\RandomForest\test_file_benign_only\_modifiedfiles.php,31/07/2025,ee470e02ec9d5214bed8ad05d903670f,21a9424ad5f376153c54408fdb56cb2d3f050a6d,.php
C:\Users\dinht\Documents\RandomForest\test_file_benign_only\_newanswer_equation.php,31/07/2025,b8ed492376c09cc521ba92d82ca04f02,eaece813a9f5192a6921b8d701c28ae82527b926,.php
C:\Users\dinht\Documents\RandomForest\test_file_benign_only\_notification_panel.php,31/07/2025,3789c1f45965914a7fb04c0610159c24,fe1ae261bca71a65dd4a765fbdde9dac7301e55c,.php
C:\Users\dinht\Documents\RandomForest\test_file_benign_only\_old_step4b.php,31/07/2025,18fed7ca8431ee37d85ec89257280260,e40a326661b014c52e8a562a1eca794372738409,.php
C:\Users\dinht\Documents\RandomForest\test_file_benign_only\_outputformat.php,31/07/2025,e17136d4a32bd56ed3cd11fadfcebde8,289bfd8b5da03fa93919af0df6a8ce9dc0b4b27f,.php
C:\Users\dinht\Documents\RandomForest\test_file_benign_only\_outputoptions.php,31/07/2025,3ec8cf2585cfb7e87a8d6cfc746ba084,ac083f466d497429acfbfad91e307edb2f347592,.php
C:\Users\dinht\Documents\RandomForest\test_file_benign_only\_overview.php,31/07/2025,62f9a8e5022b348491e1382ce64fbd3c,849866b90f1eb2b6e32c95151055cdee4741264e,.php
C:\Users\dinht\Documents\RandomForest\test_file_benign_only\_plugins_panel.php,31/07/2025,93b9197e6128fe625347e7fd9315fcc8,7f4953236bd7a5235759543376e5e6f4edde706b,.php
C:\Users\dinht\Documents\RandomForest\test_file_benign_only\_plugin_panel.php,31/07/2025,069513769f66f95882a456c24e6babd6,e8a2630b8e62567855a007184cc28b1a5f239e83,.php
C:\Users\dinht\Documents\RandomForest\test_file_benign_only\_presentation.php,31/07/2025,9f287ed55675d2616d9e75d8cdaed8f5,b6af3c372ab2b5303d0fb55cffe40058ced9161d,.php
C:\Users\dinht\Documents\RandomForest\test_file_benign_only\_presentation_panel.php,31/07/2025,220b636f6551a6e7e07c7814514e431c,5fee321599acd1685df5b8579fca1da988f9ec10,.php
C:\Users\dinht\Documents\RandomForest\test_file_benign_only\_progress.php,31/07/2025,50dcef984a0e640e82efab3b8269b881,dfc50fbb6da7b0c39329fb2acb528f4ed23f34ea,.php
C:\Users\dinht\Documents\RandomForest\test_file_benign_only\_publication_panel.php,31/07/2025,95f56f2c097296fd02aa0eb3053a79bc,b52cf5539984cc934bd9ea85b382ac037a9f469a,.php
C:\Users\dinht\Documents\RandomForest\test_file_benign_only\_question.php,31/07/2025,ce769cf5b76007051f69dd1d93498284,ec09c10be35bfce0cc8e234010600374f828e019,.php
C:\Users\dinht\Documents\RandomForest\test_file_benign_only\_question_explorer.php,31/07/2025,acd0be94f8b8a15fcc6a68ae2db99e0f,cebeac466a72b62a0f14b1f505fccc9822cfb08b,.php
C:\Users\dinht\Documents\RandomForest\test_file_benign_only\_question_type_select.php,31/07/2025,3d58445adc8d960b45bd9fab02244743,8ea9a9c93c3ca9ddb7b12b8aa17355ffc7aa8582,.php
C:\Users\dinht\Documents\RandomForest\test_file_benign_only\_range.php,31/07/2025,32343c479f34a526288998fb8c9643a0,051ffe457ed64fcaecc9eb735c99762b83644fb7,.php
C:\Users\dinht\Documents\RandomForest\test_file_benign_only\_readonlyfiles.php,31/07/2025,324371d31678432839defc4b9a21f2af,53a1ed82560397b7cce1d749f6b5b33e375c33d1,.php
C:\Users\dinht\Documents\RandomForest\test_file_benign_only\_renderJson.php,31/07/2025,ae628208b81b23af7db8b307f26e0539,bb7df1ff9dc516426b7944a6ca48576b57234b45,.php
C:\Users\dinht\Documents\RandomForest\test_file_benign_only\_resources_panel.php,31/07/2025,ddbba02a792a9326a0a3929626eba9db,de37e49929f0ba2da6c9230c8f70baf71f57ae82,.php
C:\Users\dinht\Documents\RandomForest\test_file_benign_only\_responseid.php,31/07/2025,f4129566515e18c927614e409f72122e,e07dede4512686649c7b515206954d2eddc94788,.php
C:\Users\dinht\Documents\RandomForest\test_file_benign_only\_responses.php,31/07/2025,1152133ae6ef106c9dda72c1dbc1e619,a64ed5afc58d4392b17050840fcb2d59e6f9a96e,.php
C:\Users\dinht\Documents\RandomForest\test_file_benign_only\_response_filter_choice.php,31/07/2025,fde97443c8157a4ba0a1ceecc8673df5,a9b057e4d50d55ee641661c0227f4d7164c65c93,.php
C:\Users\dinht\Documents\RandomForest\test_file_benign_only\_response_filter_header.php,31/07/2025,c0bf08ee20dc1a6d3bc5d96258adb8d3,dd36514f9abbd97d72b84aaa66753f78832940a2,.php
C:\Users\dinht\Documents\RandomForest\test_file_benign_only\_right_container.php,31/07/2025,4cd9cdb895087e9d868b433342126226,d085780d05fe0ad6c490fc2bd53eca9d18de3f38,.php
C:\Users\dinht\Documents\RandomForest\test_file_benign_only\_role.v1.public.php,31/07/2025,c9978298cd19b4e2391794f33e08cc7e,d569a8598d907bd03eddfad9e3f907e96d1ad584,.php
C:\Users\dinht\Documents\RandomForest\test_file_benign_only\_search.php,31/07/2025,8e90d1f8d224eaac656fe057952629e1,5d83353eeb53e6ecc6537c5680a1b6010e768373,.php
C:\Users\dinht\Documents\RandomForest\test_file_benign_only\_search_1.php,31/07/2025,7f5eb1b37d9818c961026dc89dbacf72,cec4f2583dc32fc3fc38b180775ef086fd31088f,.php
C:\Users\dinht\Documents\RandomForest\test_file_benign_only\_search_2.php,31/07/2025,e45604ffe0790f86a1e3373e987bb9d3,7ec4224a02d4306b4d1db74722368148997fae14,.php
C:\Users\dinht\Documents\RandomForest\test_file_benign_only\_search_3.php,31/07/2025,ffdaf3b8559398a1b4761e8411c34eff,7cc1a8d4d26888acaa47e40b0498e26c759ce501,.php
C:\Users\dinht\Documents\RandomForest\test_file_benign_only\_search_4.php,31/07/2025,0daab527cde49fa3b5f0a29e8cbb3d0a,ad879e8dcf032080779956102c2f26c03cd195e9,.php
C:\Users\dinht\Documents\RandomForest\test_file_benign_only\_search_5.php,31/07/2025,5f3a1a9337b4ef387026617451b9ae65,36aad3c9fba425014cbc1203861180836f3fed06,.php
C:\Users\dinht\Documents\RandomForest\test_file_benign_only\_security.php,31/07/2025,4b5cb50eb4888b27faeadcdbfc9490d9,f931ad4b8be8dc92213cce01ac669880f1a8756a,.php
C:\Users\dinht\Documents\RandomForest\test_file_benign_only\_selector.php,31/07/2025,db26c3aefe2134976d4d75bfb4f8262e,05c6a8c8399d8dc8761b81e5bdcae538cc95be8a,.php
C:\Users\dinht\Documents\RandomForest\test_file_benign_only\_selector_1.php,31/07/2025,414b1a9d99f75624ce276f9c7d7f40f1,24b8a8bf83f361c5eba31ad83cd64c35ded7f96a,.php
C:\Users\dinht\Documents\RandomForest\test_file_benign_only\_selector_2.php,31/07/2025,c212c31110066a247fd3cf202ca57d95,e2dbdfb4bf7e5027fd1343cdd455469f17aaf43e,.php
C:\Users\dinht\Documents\RandomForest\test_file_benign_only\_selector_3.php,31/07/2025,b09665c41a487e5008072674c4faaa9c,20d4fdbeac13dff45714b378dedaee366a86e0b0,.php
C:\Users\dinht\Documents\RandomForest\test_file_benign_only\_selector_4.php,31/07/2025,7b669dfb7609cc4aef5e0173f31a3ef1,68fe65f4af1b05d213497057a299918effa2d85b,.php
C:\Users\dinht\Documents\RandomForest\test_file_benign_only\_selector_5.php,31/07/2025,5fdd00ec0a294c937e7549e3efd19bd8,038754783cb2eb02d00ab30ea7b95f25dcaf489c,.php
C:\Users\dinht\Documents\RandomForest\test_file_benign_only\_selector_6.php,31/07/2025,1950e1d1fb277b546ff778ade96e8814,7d15e8561c48b12fe7787eadff55fff728439eeb,.php
C:\Users\dinht\Documents\RandomForest\test_file_benign_only\_selector_attribute.php,31/07/2025,9b76a2541b6f37f507307010a23a1718,c0d38cfe04f1fee1e6b1116c742fadc7e6366a3f,.php
C:\Users\dinht\Documents\RandomForest\test_file_benign_only\_selector_share.php,31/07/2025,fb58df2a911e0bf4ea72b9b81d15e6f3,3db0c21b6350454ced0024d80205433b8f1c22e7,.php
C:\Users\dinht\Documents\RandomForest\test_file_benign_only\_select_survey_theme.php,31/07/2025,f691e0c6e98e34135ea43ea1cbeae7c1,2ff82147d2236ff6b7eca1a0d824c0dbbc3fa806,.php
C:\Users\dinht\Documents\RandomForest\test_file_benign_only\_sendmail.php,31/07/2025,6b7400b83eff6ac0e019c16d7322c13e,b5c52ae86369f440a2d089699f58c5628faa0540,.php
C:\Users\dinht\Documents\RandomForest\test_file_benign_only\_set_css_class.php,31/07/2025,2c459496c9466f8697aed142652cb5fb,c03f5243195f29b7e0fce96ab1efb3073c290d91,.php
C:\Users\dinht\Documents\RandomForest\test_file_benign_only\_set_questions_mandatory.php,31/07/2025,fcdc24a38ae5f490e2b45264e9534331,b37d59c4e0e97f5d01dd5d3746bc8eaa89a6eeab,.php
C:\Users\dinht\Documents\RandomForest\test_file_benign_only\_set_questions_other.php,31/07/2025,e25c618b74bfc0434c94417f4bffb463,9b6a9fe7cc16bfc7162c284ac0c256acf0154e13,.php
C:\Users\dinht\Documents\RandomForest\test_file_benign_only\_set_question_group_position.php,31/07/2025,95c033f35de9ce673a15c8c26153be26,6535b3d97f18b2e12dce85494e334f6af23ccc82,.php
C:\Users\dinht\Documents\RandomForest\test_file_benign_only\_set_statistics_options.php,31/07/2025,8d13bfa32dc6628146c554acecb4f916,7577fe5716e2b85440b501a8fc90014b15050db6,.php
C:\Users\dinht\Documents\RandomForest\test_file_benign_only\_set_subquestansw_order.php,31/07/2025,20f478f104b72b4aa02e13099423a885,48710c022c9e1e63819cdb50d3e526e4b27e431e,.php
C:\Users\dinht\Documents\RandomForest\test_file_benign_only\_shareParticipant.php,31/07/2025,a26920d0c127cb0df83661adf62d58f7,033a560582da2f1331014292802b7a3250b8d38a,.php
C:\Users\dinht\Documents\RandomForest\test_file_benign_only\_showParticipantSurveys.php,31/07/2025,007a19dc3dc1b9cbb939e5f985f56a8d,d836a96e3830786870ca45233a6b523b283fd96d,.php
C:\Users\dinht\Documents\RandomForest\test_file_benign_only\_sidebar.php,31/07/2025,62759ab1c17e28a67a7f56cf72968d93,6b0174cebd5e8fd3865225c88105c20632d458aa,.php
C:\Users\dinht\Documents\RandomForest\test_file_benign_only\_single-value.php,31/07/2025,f42eb941db07c167c201c835745c551f,1ec71cc6c39d27969ea4f9c5a6e027677b7df290,.php
C:\Users\dinht\Documents\RandomForest\test_file_benign_only\_statisticsoutput_answer.php,31/07/2025,6f50affe5cc32a32c577c8c041114bf2,fd711e79b048047aeb06f06beadfd854e8dcf061,.php
C:\Users\dinht\Documents\RandomForest\test_file_benign_only\_statisticsoutput_answer_1.php,31/07/2025,ef46170a91fc9c3ccf853c09c026fa5a,c4ebd41b7dc0fccecb323be1a5bcf94cb9378e40,.php
C:\Users\dinht\Documents\RandomForest\test_file_benign_only\_statisticsoutput_arithmetic.php,31/07/2025,535ce1e3e6b8ba9c1bbc20f3489f769e,9d54a7b2ea49ea9e473167705bda3365d8a879b5,.php
C:\Users\dinht\Documents\RandomForest\test_file_benign_only\_statisticsoutput_arithmetic_1.php,31/07/2025,7a0ac38f16c80e90707ee89152147db3,b2d834b380eb27d031d0e14b028c2d3a541f7082,.php
C:\Users\dinht\Documents\RandomForest\test_file_benign_only\_statisticsoutput_graphs.php,31/07/2025,5db4c16d49ee6471681f0268a2e6b185,0df2513ed34ddfba1e2054d905b76bd2e5fcbd91,.php
C:\Users\dinht\Documents\RandomForest\test_file_benign_only\_statisticsoutput_graphs_1.php,31/07/2025,8b51a3feb7225e047ec3fc29b1c9c9ae,17a56d106020ee1c5b269df3a33a4cb99e1e064b,.php
C:\Users\dinht\Documents\RandomForest\test_file_benign_only\_statisticsoutput_gross_total.php,31/07/2025,a7701644b2d8dd6269de63750080b59f,9f5b674fbd571e86cef130c84ece0359559aac37,.php
C:\Users\dinht\Documents\RandomForest\test_file_benign_only\_statisticsoutput_header.php,31/07/2025,8a015728fd43d1ccc6da3d21d671d701,117ef7a5955c8dc985525d3a96aadb78155d62bd,.php
C:\Users\dinht\Documents\RandomForest\test_file_benign_only\_statisticsoutput_header_1.php,31/07/2025,6048f434ed627190b1435a7a9a8d7cdc,fe67170a98312dd6943e9f650d72a861d6c79d5b,.php
C:\Users\dinht\Documents\RandomForest\test_file_benign_only\_statisticsoutput_nograph.php,31/07/2025,5131078843936fd8b0e4f8cbf568bab2,b8206f9426bad7a76daeaaa4e11083ff1276b480,.php
C:\Users\dinht\Documents\RandomForest\test_file_benign_only\_statistics_header.php,31/07/2025,e58cf16cbfe848afe717666b1aec12d9,0766d5a3e31821bfee8dc7192de5645e9aec5632,.php
C:\Users\dinht\Documents\RandomForest\test_file_benign_only\_statistics_view_scripts.php,31/07/2025,2f0662a991e7e3e2274954b51b1f67ce,df920d34d9d2f91fad3c3f9fbca244037e9d38ac,.php
C:\Users\dinht\Documents\RandomForest\test_file_benign_only\_storage.php,31/07/2025,39bf1385c0bbac4cfdce4229e8cd6e31,dae6b54bf94e6467b22f4e970e4e3e317c966464,.php
C:\Users\dinht\Documents\RandomForest\test_file_benign_only\_storage_ajax.php,31/07/2025,ee57788acf410daac198b1c5f5da8e7b,466c9219716fd581eb7e9af638a1162c5b500592,.php
C:\Users\dinht\Documents\RandomForest\test_file_benign_only\_submissiondate.php,31/07/2025,d4b6d17746d340b172425c0874daf5a7,f747788336c094cf959ca9578806550fcba3b13d,.php
C:\Users\dinht\Documents\RandomForest\test_file_benign_only\_subQuestionsAndAnwsersJsVariables.php,31/07/2025,3cc08d102730f660a3f34fb2776669df,66758c4fc5dff151da21bb33a09b7b3df809f8bd,.php
C:\Users\dinht\Documents\RandomForest\test_file_benign_only\_subscribe.php,31/07/2025,71f9bfd80538184d91f8d8bdd04e192b,db533ba399ff210860e1cfdcb0dd92d69c35749b,.php
C:\Users\dinht\Documents\RandomForest\test_file_benign_only\_survey_quickaction.php,31/07/2025,90802e5c46c1cbe370acb88c5aa6611d,7c1815c27fb4267452b9c804fa6997ae50758341,.php
C:\Users\dinht\Documents\RandomForest\test_file_benign_only\_tabs.php,31/07/2025,18ce42f75f259bdd1c0da79d0e9e5ff6,430e96a554188c63ab010f4e23eac2bcfb1981c6,.php
C:\Users\dinht\Documents\RandomForest\test_file_benign_only\_template_carousel.php,31/07/2025,5600acbe4871cb475f77b8729eabc570,555b20e432e3756652fe60c579a85c958f2dc168,.php
C:\Users\dinht\Documents\RandomForest\test_file_benign_only\_themosisCorePublishBox.blade.php,31/07/2025,9dadaea3bbef18a0aa5959aa40f6d7e4,34ff4a4e095a56db0ac8175c49e16bdf7250c1fc,.php
C:\Users\dinht\Documents\RandomForest\test_file_benign_only\_token-control.php,31/07/2025,6692b5f9c4879eab5bd80ff1ee2f93ab,1d65ac909529bb7ad7c622413c9d74143f1a2123,.php
C:\Users\dinht\Documents\RandomForest\test_file_benign_only\_tokens_panel.php,31/07/2025,d40670cf4089b536ae4170b0c75e14f2,49adf28ed67667c4f47b1d59c3f8ac4833b5a15c,.php
C:\Users\dinht\Documents\RandomForest\test_file_benign_only\_tutorial_menu.php,31/07/2025,bdbfaaac9dbbc562a20bb030af806c90,af8a6790b9b7292c31a8d241f957d16283e3df4b,.php
C:\Users\dinht\Documents\RandomForest\test_file_benign_only\_update.php,31/07/2025,1eb21ef95864b2b1be5b3da072dff2d4,ab13f533301a05dcc70fedd08d8903b866903dee,.php
C:\Users\dinht\Documents\RandomForest\test_file_benign_only\_updateContainer.php,31/07/2025,da399e30927276491979715afda9c1d7,91f98f7dee24113877450ddc2d983266de5183eb,.php
C:\Users\dinht\Documents\RandomForest\test_file_benign_only\_updater.php,31/07/2025,0ffe24db16ecba4379cba24dbe5d113e,2018089a4ff967f645210c6c87e3baa4a91936bd,.php
C:\Users\dinht\Documents\RandomForest\test_file_benign_only\_updater_update.php,31/07/2025,66d058038f13543f1fd26371c3a570ef,69e242d6e7ba77580e132ef56186a573a664bf06,.php
C:\Users\dinht\Documents\RandomForest\test_file_benign_only\_updater_updated.php,31/07/2025,14fa87b66269dc082e0489baad63927e,ec6546a25ee9579adcfd9661bf889abd064e9d74,.php
C:\Users\dinht\Documents\RandomForest\test_file_benign_only\_updatesavailable.php,31/07/2025,fda9e5ff503050d900125d41862cca4d,27f5a2fcda1d6ce46264c773aeeb4d78d1f3b2d9,.php
C:\Users\dinht\Documents\RandomForest\test_file_benign_only\_updatesavailable_error.php,31/07/2025,db8f8e0e91e7c2037f807e5e256a278a,46f87702b0fe88a1a1a06c0b64ceeb529bbef287,.php
C:\Users\dinht\Documents\RandomForest\test_file_benign_only\_update_1.php,31/07/2025,b7b865a3f859ed6482212a836ff03dbc,dfec859ce0373e01d6aca6c5504ad75f985dcccb,.php
C:\Users\dinht\Documents\RandomForest\test_file_benign_only\_update_2.php,31/07/2025,cb5a942a892f8a2fdb217b9ebc9b0ec1,780601e2f931cb12a0029cda9e20b57c68554af7,.php
C:\Users\dinht\Documents\RandomForest\test_file_benign_only\_update_3.php,31/07/2025,2a8a585f44d207205b2941d3d87ae83b,11e65127fa44dde3d78d2cebf8551b4c30a3a5c1,.php
C:\Users\dinht\Documents\RandomForest\test_file_benign_only\_update_notification.php,31/07/2025,f20af47e7ac0d93cec2d7fcba8266204,9603b5e12fca47094e8a941e3b91aba28cedeeff,.php
C:\Users\dinht\Documents\RandomForest\test_file_benign_only\_update_results.php,31/07/2025,e2d7b1bc42b34d24ae57db76f7218c79,dad87dba93d1e711890f1214990eb74572d4042b,.php
C:\Users\dinht\Documents\RandomForest\test_file_benign_only\_update_results_1.php,31/07/2025,651e21d2614a92b66c67c1c75fd42a15,315e3823c2f3c264847046f7ecb9e25bd083c0b0,.php
C:\Users\dinht\Documents\RandomForest\test_file_benign_only\_update_results_3.php,31/07/2025,95cc8ec21c039802e76465504fb717c2,a7e7e77d171a26bed219fa3b80601b0889cc2991,.php
C:\Users\dinht\Documents\RandomForest\test_file_benign_only\_user.v1.public.php,31/07/2025,dad4c040554629f64a35e4fabe50ec2b,7fa32c9c5104d84c150bc92a93cbe3d6187c8c3d,.php
C:\Users\dinht\Documents\RandomForest\test_file_benign_only\_user_discount.php,31/07/2025,f99ffabad76441c8d46ab25d1b80b5e2,d394516384434f0a6541ebed6dd71ea5e986d6c2,.php
C:\Users\dinht\Documents\RandomForest\test_file_benign_only\_utf8.php,31/07/2025,64f64ae8f8c4d1b441ef530301fd81cf,d0c9886f130bf953dcce6ef09064f02670958ec5,.php
C:\Users\dinht\Documents\RandomForest\test_file_benign_only\_view.php,31/07/2025,5a6d4c0c1bb4afa9410c634ffe8257ae,a2f2345d0e76bf4c4c4eff138c383507b59dc77b,.php
C:\Users\dinht\Documents\RandomForest\test_file_benign_only\_view_1.php,31/07/2025,b79bcf1e6d405212f2a77223a809bb80,690ea12221c00dce5812a124827575f1d647cb54,.php
C:\Users\dinht\Documents\RandomForest\test_file_benign_only\_view_2.php,31/07/2025,4f43c3615bfe01d2c3a7b5dd903a6ec4,229c660ae06acdbbdfe98c3973183c5ae5996a45,.php
C:\Users\dinht\Documents\RandomForest\test_file_benign_only\_view_3.php,31/07/2025,816100a0eb364edfce59744fb03142d7,f3b3d1e2ddd0bcf71dc5e5c560841313c99056cf,.php
C:\Users\dinht\Documents\RandomForest\test_file_benign_only\_view_4.php,31/07/2025,bc5c88820c25ce010bb7ee97b40ce839,7d7ca1f23e0349e6eccf85925a6e91b4d289014e,.php
C:\Users\dinht\Documents\RandomForest\test_file_benign_only\_view_5.php,31/07/2025,523e34ca79658346d8b7bc9f760c8848,398d6a6c285074d45d2fa1c4e0637d6db34b1095,.php
C:\Users\dinht\Documents\RandomForest\test_file_benign_only\_welcome.php,31/07/2025,06e7fe3b61e3bbd94fedb19e921e03c8,265ae365d2c3d9ac243ee86ac9b8c7e189b14b72,.php
C:\Users\dinht\Documents\RandomForest\test_file_benign_only\_windows1256.php,31/07/2025,2046b99810f4d1c1e8cb8488d5dd181d,ebae30d57617b639ebb2a24a39cd6a3710f9ab4c,.php
C:\Users\dinht\Documents\RandomForest\test_file_benign_only\__generalMultiple.v1.public.php,31/07/2025,dbf2c690dedf90a55484eee477aac959,646f76d9fd654b89e79f5083f2ccb64ea7965cd5,.php
